Partido_ID,Local,Visitante,Goles_Local,Goles_Visitante,Local_GF_Prom,Local_GC_Prom,Visita_GF_Prom,Visita_GC_Prom,Target_Ganador
11,Brighton,Man United,2,1,3.0,0.0,1.0,0.0,1
12,Crystal Palace,West Ham,0,2,1.0,2.0,1.0,2.0,2
13,Fulham,Leicester City,2,1,0.0,1.0,1.0,1.0,1
14,Man City,Ipswich Town,4,1,2.0,0.0,0.0,2.0,1
15,Southampton,Nott'm Forest,0,1,0.0,1.0,1.0,1.0,2
16,Tottenham,Everton,4,0,1.0,1.0,0.0,3.0,1
17,Aston Villa,Arsenal,0,2,2.0,1.0,2.0,0.0,2
18,AFC Bournemouth,Newcastle,1,1,1.0,1.0,1.0,0.0,0
19,Wolves,Chelsea,2,6,0.0,2.0,0.0,2.0,2
20,Liverpool,Brentford,2,0,2.0,0.0,2.0,1.0,1
21,Arsenal,Brighton,1,1,2.0,0.0,2.5,0.5,0
22,Brentford,Southampton,3,1,1.0,1.5,0.0,1.0,1
23,Everton,AFC Bournemouth,2,3,0.0,3.5,1.0,1.0,2
24,Ipswich Town,Fulham,1,1,0.5,3.0,1.0,1.0,0
25,Leicester City,Aston Villa,1,2,1.0,1.5,1.0,1.5,2
26,Nott'm Forest,Wolves,1,1,1.0,0.5,1.0,4.0,0
27,West Ham,Man City,1,3,1.5,1.0,3.0,0.5,2
28,Chelsea,Crystal Palace,1,1,3.0,2.0,0.5,2.0,0
29,Newcastle,Tottenham,2,1,1.0,0.5,2.5,0.5,1
30,Man United,Liverpool,0,3,1.0,1.0,2.0,0.0,2
31,Southampton,Man United,0,3,0.3333333333333333,1.6666666666666667,0.6666666666666666,1.6666666666666667,2
32,Brighton,Ipswich Town,0,0,2.0,0.6666666666666666,0.6666666666666666,2.3333333333333335,0
33,Crystal Palace,Leicester City,2,2,0.6666666666666666,1.6666666666666667,1.0,1.6666666666666667,0
34,Fulham,West Ham,1,1,1.0,1.0,1.3333333333333333,1.6666666666666667,0
35,Liverpool,Nott'm Forest,0,1,2.3333333333333335,0.0,1.0,0.6666666666666666,2
36,Man City,Brentford,2,1,3.0,0.6666666666666666,1.6666666666666667,1.3333333333333333,1
37,Aston Villa,Everton,3,2,1.3333333333333333,1.3333333333333333,0.6666666666666666,3.3333333333333335,1
38,AFC Bournemouth,Chelsea,0,1,1.6666666666666667,1.3333333333333333,2.3333333333333335,1.6666666666666667,2
39,Tottenham,Arsenal,0,1,2.0,1.0,1.6666666666666667,0.3333333333333333,2
40,Wolves,Newcastle,1,2,1.0,3.0,1.3333333333333333,0.6666666666666666,2
41,West Ham,Chelsea,0,3,1.3,1.4,2.4,1.1,2
42,Aston Villa,Wolves,3,1,2.3636363636363638,1.0909090909090908,1.2,2.9,1
43,Fulham,Newcastle,3,1,1.2,1.0,1.6,0.9,1
44,Leicester City,Everton,1,1,1.3,1.9,1.2,3.3,0
45,Liverpool,AFC Bournemouth,3,0,2.0,0.5454545454545454,1.3,1.3,1
46,Southampton,Ipswich Town,1,1,0.3,2.2,0.6,1.7,0
47,Tottenham,Brentford,3,1,1.6,1.0,1.4,1.6,1
48,Crystal Palace,Man United,0,0,1.0,1.7,1.3,1.5,0
49,Brighton,Nott'm Forest,2,2,1.2,0.6,1.0,0.4,0
50,Man City,Arsenal,2,2,2.9,0.9,0.9090909090909091,0.2727272727272727,0
51,Newcastle,Man City,1,1,1.5454545454545454,1.4545454545454546,2.4545454545454546,1.1818181818181819,0
52,Arsenal,Leicester City,4,2,1.1666666666666667,0.5833333333333334,1.2727272727272727,1.6363636363636365,1
53,Brentford,West Ham,1,1,1.5454545454545454,1.9090909090909092,0.8181818181818182,2.090909090909091,0
54,Chelsea,Brighton,4,2,1.9090909090909092,0.6363636363636364,1.2727272727272727,0.9090909090909091,1
55,Everton,Crystal Palace,2,1,1.3636363636363635,2.5454545454545454,0.9090909090909091,1.1818181818181819,1
56,Nott'm Forest,Fulham,0,1,1.2727272727272727,0.9090909090909091,1.5454545454545454,1.0,2
57,Wolves,Liverpool,1,2,1.0,2.3636363636363638,2.0833333333333335,0.5,2
58,Ipswich Town,Aston Villa,2,2,0.6363636363636364,1.0909090909090908,2.5833333333333335,1.0833333333333333,0
59,Man United,Tottenham,0,3,1.0,1.0,1.5454545454545454,1.1818181818181819,2
60,AFC Bournemouth,Southampton,3,1,1.0,1.8181818181818181,0.5454545454545454,2.090909090909091,1
61,Crystal Palace,Liverpool,0,1,0.9166666666666666,1.4166666666666667,2.2142857142857144,0.35714285714285715,2
62,Arsenal,Southampton,3,1,2.142857142857143,0.9285714285714286,0.5833333333333334,2.1666666666666665,1
63,Brentford,Wolves,5,3,1.1666666666666667,1.8333333333333333,1.0,2.5,1
64,Leicester City,AFC Bournemouth,1,0,1.5,2.1666666666666665,1.1666666666666667,1.5833333333333333,1
65,Man City,Fulham,3,2,2.0,1.1666666666666667,1.5,0.75,1
66,West Ham,Ipswich Town,4,1,0.8333333333333334,1.6666666666666667,0.9166666666666666,1.3333333333333333,1
67,Everton,Newcastle,0,0,1.4166666666666667,2.0833333333333335,1.3333333333333333,1.4166666666666667,0
68,Aston Villa,Man United,0,0,2.0,1.0714285714285714,0.9166666666666666,1.1666666666666667,0
69,Chelsea,Nott'm Forest,1,1,2.5833333333333335,0.9166666666666666,1.0,0.9166666666666666,0
70,Brighton,Tottenham,3,2,1.5,1.6666666666666667,2.0,0.75,1
71,Tottenham,West Ham,4,1,2.3076923076923075,1.2307692307692308,1.5384615384615385,1.6153846153846154,1
72,Fulham,Aston Villa,1,3,1.6923076923076923,1.2307692307692308,1.4666666666666666,0.8666666666666667,2
73,Ipswich Town,Everton,0,2,1.0769230769230769,2.1538461538461537,1.0,1.4615384615384615,2
74,Man United,Brentford,2,1,0.38461538461538464,1.0769230769230769,2.076923076923077,2.076923076923077,1
75,Newcastle,Brighton,0,1,0.9230769230769231,1.1538461538461537,2.076923076923077,2.0,2
76,Southampton,Leicester City,2,3,0.7692307692307693,2.230769230769231,1.3076923076923077,1.6923076923076923,2
77,AFC Bournemouth,Arsenal,2,0,1.0769230769230769,1.5384615384615385,2.3333333333333335,0.8,1
78,Wolves,Man City,1,2,1.4615384615384615,3.1538461538461537,2.230769230769231,1.3846153846153846,2
79,Liverpool,Chelsea,2,1,1.8666666666666667,0.3333333333333333,2.4615384615384617,1.0769230769230769,1
80,Nott'm Forest,Crystal Palace,1,0,1.0,1.0769230769230769,0.5384615384615384,1.2307692307692308,1
81,Leicester City,Nott'm Forest,1,3,1.7142857142857142,1.8571428571428572,0.8571428571428571,0.7142857142857143,2
82,Aston Villa,AFC Bournemouth,1,1,1.8125,0.6875,1.4285714285714286,1.0,0
83,Brentford,Ipswich Town,4,3,2.0,1.9285714285714286,0.8571428571428571,2.2857142857142856,1
84,Brighton,Wolves,2,2,1.8571428571428572,1.5714285714285714,1.4285714285714286,2.9285714285714284,0
85,Man City,Southampton,1,0,2.2142857142857144,1.2142857142857142,1.0,2.5714285714285716,1
86,Everton,Fulham,1,1,1.2142857142857142,1.2142857142857142,1.3571428571428572,1.6428571428571428,0
87,Chelsea,Newcastle,2,1,2.0714285714285716,1.4285714285714286,0.7142857142857143,0.8571428571428571,1
88,Crystal Palace,Tottenham,1,0,0.5,1.3571428571428572,2.5714285714285716,1.2142857142857142,1
89,West Ham,Man United,2,1,1.6428571428571428,1.9285714285714286,0.7857142857142857,1.2142857142857142,1
90,Arsenal,Liverpool,2,2,1.5,0.875,1.6875,0.375,0
91,Newcastle,Arsenal,1,0,0.7333333333333333,1.0666666666666667,1.375,1.125,1
92,AFC Bournemouth,Man City,2,1,1.1333333333333333,1.0,2.1333333333333333,1.0,1
93,Ipswich Town,Leicester City,1,1,1.1333333333333333,2.6666666666666665,1.5333333333333334,1.8,0
94,Liverpool,Brighton,2,1,1.8125,0.75,1.8666666666666667,1.3333333333333333,1
95,Nott'm Forest,West Ham,3,0,1.4,0.7333333333333333,1.8,1.8666666666666667,1
96,Southampton,Everton,1,0,0.8,2.2,1.0666666666666667,1.2,1
97,Wolves,Crystal Palace,2,2,1.6,2.8666666666666667,0.5333333333333333,1.0,0
98,Tottenham,Aston Villa,4,1,2.0,1.3333333333333333,2.0,0.75,1
99,Man United,Chelsea,1,1,0.9333333333333333,1.1333333333333333,1.8,1.2666666666666666,0
100,Fulham,Brentford,2,1,1.3333333333333333,1.7333333333333334,2.533333333333333,2.2666666666666666,1
101,Brentford,AFC Bournemouth,3,2,1.9375,2.125,1.4375,1.0,1
102,Crystal Palace,Fulham,0,2,0.875,1.1875,1.375,1.4375,2
103,West Ham,Everton,0,0,1.1875,2.1875,1.0,1.3125,0
104,Wolves,Southampton,2,0,1.5,2.4375,0.8125,1.6875,1
105,Brighton,Man City,2,1,1.5625,1.375,1.8125,1.0625,1
106,Liverpool,Aston Villa,2,0,2.375,0.75,1.25,1.375,1
107,Man United,Leicester City,3,0,1.0625,1.25,1.5,1.875,1
108,Nott'm Forest,Newcastle,1,3,1.75,0.5625,0.875,1.0,2
109,Tottenham,Ipswich Town,1,2,2.375,1.0625,1.125,2.1875,2
110,Chelsea,Arsenal,1,1,1.75,1.25,1.125,1.1875,0
111,Leicester City,Chelsea,1,2,1.0625,2.125,1.8125,1.0625,2
112,AFC Bournemouth,Brighton,1,2,1.5,1.5,1.625,1.5625,2
113,Arsenal,Nott'm Forest,3,0,1.0625,1.125,1.75,1.0625,1
114,Aston Villa,Crystal Palace,2,2,0.9375,1.625,0.8125,1.3125,0
115,Everton,Brentford,0,0,0.75,1.125,2.25,2.1875,0
116,Fulham,Wolves,1,4,1.625,1.0,1.75,2.0625,2
117,Man City,Tottenham,0,4,1.625,1.3125,2.0,1.25,2
118,Southampton,Liverpool,2,3,0.5625,1.625,2.3125,0.4375,2
119,Ipswich Town,Man United,1,1,1.5,2.0,1.3125,1.125,0
120,Newcastle,West Ham,0,2,1.375,1.0625,1.0,1.5625,2
121,Brighton,Southampton,1,1,1.625,1.4375,0.9375,2.0,0
122,Brentford,Leicester City,4,1,1.75,1.6875,1.0625,2.0,1
123,Crystal Palace,Newcastle,1,1,1.0625,1.5625,1.1875,1.125,0
124,Nott'm Forest,Ipswich Town,1,0,1.3125,1.5,1.25,1.4375,1
125,Wolves,AFC Bournemouth,2,4,2.125,1.625,1.5,1.6875,2
126,West Ham,Arsenal,2,5,1.0,1.4375,2.1875,0.8125,2
127,Chelsea,Aston Villa,3,0,1.5625,1.0,0.875,1.1875,1
128,Man United,Everton,4,0,1.3125,0.9375,0.625,0.75,1
129,Tottenham,Fulham,1,1,2.5,1.125,1.5625,1.5625,0
130,Liverpool,Man City,2,0,2.1875,0.625,1.25,2.0,1
131,Ipswich Town,Crystal Palace,0,1,1.0625,1.4375,0.9375,1.4375,2
132,Leicester City,West Ham,3,1,1.0625,2.5,1.3125,1.8125,1
133,Everton,Wolves,4,0,0.5,1.1875,2.1875,2.0625,1
134,Man City,Nott'm Forest,3,0,0.9375,2.0625,1.0625,1.4375,1
135,Newcastle,Liverpool,3,3,1.125,1.25,2.1875,0.625,0
136,Southampton,Chelsea,1,5,0.9375,2.0,1.9375,0.8125,2
137,Arsenal,Man United,2,0,2.875,1.0625,1.9375,0.625,1
138,Aston Villa,Brentford,3,1,0.8125,1.5,2.1875,1.5625,1
139,Fulham,Brighton,3,1,1.4375,1.5625,1.625,1.3125,1
140,AFC Bournemouth,Tottenham,1,0,1.8125,1.8125,2.125,1.0625,1
141,Aston Villa,Southampton,1,0,1.125,1.4375,1.125,2.5,1
142,Brentford,Newcastle,4,2,1.9375,1.75,1.1875,1.625,1
143,Crystal Palace,Man City,2,2,1.0,1.0625,1.25,1.75,0
144,Man United,Nott'm Forest,2,3,1.375,1.0,0.875,1.625,2
145,Fulham,Arsenal,1,1,1.6875,1.6875,2.6875,1.0,0
146,Ipswich Town,AFC Bournemouth,1,2,0.8125,1.5,1.75,1.375,2
147,Leicester City,Brighton,2,2,1.5,2.1875,1.5625,1.75,0
148,Tottenham,Chelsea,3,4,2.0,0.9375,2.6875,0.875,2
149,West Ham,Wolves,2,1,1.4375,2.3125,1.875,2.6875,1
150,Arsenal,Everton,0,0,2.125,0.6875,1.125,1.0,0
151,Liverpool,Fulham,2,2,2.125,0.875,1.5625,1.3125,0
152,Newcastle,Leicester City,4,0,1.5,1.9375,1.6875,2.25,1
153,Wolves,Ipswich Town,1,2,1.5,2.75,0.8125,1.6875,2
154,Nott'm Forest,Aston Villa,2,1,1.3125,1.5,1.5625,1.375,1
155,Brighton,Crystal Palace,1,3,1.5625,1.875,1.125,1.1875,2
156,Man City,Man United,1,2,1.5,1.5,1.625,1.4375,2
157,Chelsea,Brentford,2,1,3.0,1.3125,2.625,1.9375,1
158,Southampton,Tottenham,0,5,0.8125,2.25,1.875,1.625,2
159,AFC Bournemouth,West Ham,1,1,2.0,1.125,1.5625,2.3125,0
160,Aston Villa,Man City,2,1,1.3125,1.5625,1.625,1.5625,1
161,Brentford,Nott'm Forest,0,2,2.25,2.125,1.5625,1.625,2
162,Ipswich Town,Newcastle,0,4,1.0625,1.625,2.0625,1.75,2
163,West Ham,Brighton,1,1,1.4375,1.8125,1.5,2.0625,0
164,Crystal Palace,Arsenal,1,5,1.5,1.125,1.75,0.5625,2
165,Everton,Chelsea,0,0,1.0625,0.9375,2.75,1.375,0
166,Fulham,Southampton,0,0,1.75,1.5625,0.625,2.875,0
167,Leicester City,Wolves,0,3,1.4375,2.25,1.375,2.5,2
168,Man United,AFC Bournemouth,0,3,1.5,1.4375,1.5,1.0,2
169,Tottenham,Liverpool,3,6,2.5,1.5,2.1875,1.25,2
170,Man City,Everton,1,1,1.25,1.8125,0.9375,0.375,0
171,AFC Bournemouth,Crystal Palace,0,0,1.9375,0.9375,1.5625,2.0,0
172,Chelsea,Fulham,1,2,2.0625,1.1875,1.25,1.25,2
173,Newcastle,Aston Villa,3,0,2.4375,1.375,1.5,1.5,1
174,Nott'm Forest,Tottenham,1,0,1.875,1.1875,2.9375,2.3125,1
175,Southampton,West Ham,0,1,0.4375,2.0625,1.25,1.5625,2
176,Wolves,Man United,2,0,1.75,1.6875,1.5,1.75,1
177,Liverpool,Leicester City,3,1,2.8125,1.3125,1.0,2.6875,1
178,Brighton,Brentford,0,0,1.375,1.75,1.8125,1.9375,0
179,Arsenal,Ipswich Town,1,0,2.5625,0.5625,1.0,2.0,1
180,Leicester City,Man City,0,2,0.75,2.875,1.0625,1.6875,2
181,Crystal Palace,Southampton,2,1,1.3125,1.6875,0.3125,1.9375,1
182,Everton,Nott'm Forest,0,2,0.625,0.5625,1.625,0.9375,2
183,Fulham,AFC Bournemouth,2,2,1.4375,1.125,1.5625,0.8125,0
184,Tottenham,Wolves,2,2,2.3125,1.9375,1.9375,1.3125,0
185,West Ham,Liverpool,0,5,1.125,1.1875,3.125,1.4375,2
186,Aston Villa,Brighton,2,2,1.125,1.75,1.0625,1.5,0
187,Ipswich Town,Chelsea,2,0,0.875,1.8125,1.6875,1.0625,1
188,Man United,Newcastle,0,2,1.125,1.6875,2.75,0.8125,2
189,Brentford,Arsenal,1,3,1.25,1.5625,2.375,0.5,2
190,Tottenham,Newcastle,1,2,2.0625,2.25,2.5625,0.6875,2
191,Southampton,Brentford,0,5,0.5,1.625,1.0625,1.6875,2
192,Crystal Palace,Chelsea,1,1,1.25,1.75,1.3125,1.25,0
193,AFC Bournemouth,Everton,1,0,1.75,1.0,0.5,0.9375,1
194,Aston Villa,Leicester City,2,1,1.375,1.75,0.6875,2.5625,1
195,Man City,West Ham,4,1,1.25,1.4375,0.875,1.9375,1
196,Brighton,Arsenal,1,1,1.1875,1.375,2.875,0.625,0
197,Fulham,Ipswich Town,2,2,1.5,1.1875,0.8125,1.4375,0
198,Liverpool,Man United,2,2,3.5625,1.1875,0.8125,1.8125,0
199,Wolves,Nott'm Forest,0,3,2.0625,1.3125,1.5625,0.75,2
200,West Ham,Fulham,3,2,0.9375,2.375,1.75,1.5,1
201,Brentford,Man City,2,2,1.9375,1.3125,1.8125,1.25,0
202,Chelsea,AFC Bournemouth,2,2,1.4375,1.375,1.4375,0.9375,0
203,Nott'm Forest,Liverpool,1,1,1.6875,0.75,3.0625,1.1875,0
204,Everton,Aston Villa,0,1,0.4375,1.0625,1.375,1.6875,2
205,Leicester City,Crystal Palace,0,2,0.8125,2.5,1.1875,1.1875,2
206,Newcastle,Wolves,3,0,2.375,0.875,1.5625,1.75,1
207,Arsenal,Tottenham,2,1,2.25,0.6875,1.625,1.8125,1
208,Ipswich Town,Brighton,0,2,1.125,1.25,1.1875,1.3125,2
209,Man United,Southampton,3,1,1.125,1.75,0.4375,2.5625,1
210,Newcastle,AFC Bournemouth,1,4,2.375,0.8125,1.6875,1.125,2
211,West Ham,Crystal Palace,0,2,1.375,2.75,1.5625,1.0625,2
212,Leicester City,Fulham,0,2,0.6875,2.3125,1.75,1.9375,2
213,Brentford,Liverpool,0,2,2.125,1.5625,2.6875,1.125,2
214,Arsenal,Aston Villa,2,2,2.1875,0.8125,1.5625,1.3125,0
215,Man United,Brighton,1,3,1.5,1.6875,1.4375,1.25,2
216,Nott'm Forest,Southampton,3,2,1.6875,0.75,0.625,2.875,1
217,Everton,Tottenham,3,2,0.3125,1.0625,1.75,1.9375,1
218,Ipswich Town,Man City,0,6,1.0,1.4375,2.0,1.375,2
219,Chelsea,Wolves,3,1,1.625,1.4375,1.1875,2.3125,1
220,Liverpool,Ipswich Town,4,1,2.3125,1.0625,0.6875,2.5,1
221,Wolves,Arsenal,0,1,0.875,2.5625,2.1875,0.8125,2
222,Brighton,Everton,0,1,1.625,1.125,0.875,1.1875,2
223,Southampton,Newcastle,1,3,0.75,3.0,2.3125,1.4375,2
224,AFC Bournemouth,Nott'm Forest,5,0,2.125,0.9375,2.0,0.9375,1
225,Man City,Chelsea,3,1,2.875,1.125,2.0625,1.3125,1
226,Crystal Palace,Brentford,1,2,1.5625,0.8125,2.0,1.5625,2
227,Tottenham,Leicester City,1,2,1.625,2.25,0.625,2.3125,2
228,Aston Villa,West Ham,1,1,1.25,1.25,1.25,2.5,0
229,Fulham,Man United,0,1,1.8125,1.4375,1.625,1.9375,2
230,Nott'm Forest,Brighton,7,0,1.5625,1.875,1.4375,1.125,1
231,Newcastle,Fulham,1,2,2.5625,1.4375,1.5,1.3125,2
232,Everton,Leicester City,4,0,1.0625,1.0625,0.8125,2.0,1
233,AFC Bournemouth,Liverpool,0,2,2.6875,0.8125,2.8125,1.5,2
234,Ipswich Town,Southampton,1,2,0.625,2.9375,0.875,2.875,2
235,Wolves,Aston Villa,2,0,0.75,2.125,1.5625,1.4375,1
236,Man United,Crystal Palace,0,2,1.3125,1.6875,1.5625,1.0,2
237,Brentford,Tottenham,0,2,1.5,1.6875,1.625,2.3125,2
238,Arsenal,Man City,5,1,2.0,0.5625,2.9375,1.0625,1
239,Chelsea,West Ham,2,1,1.9375,1.75,1.1875,1.875,1
240,Everton,Liverpool,2,2,1.8125,0.6875,2.8125,1.25,0
241,Brighton,Chelsea,3,0,1.125,2.25,1.75,1.625,1
242,Leicester City,Arsenal,0,2,0.625,2.4375,2.5625,0.75,2
243,Southampton,AFC Bournemouth,1,3,1.0625,2.375,2.375,0.9375,2
244,West Ham,Brentford,0,1,0.9375,1.8125,1.1875,1.625,2
245,Aston Villa,Ipswich Town,1,1,1.5,1.5625,0.8125,3.0,0
246,Man City,Newcastle,4,0,2.6875,1.75,2.1875,1.625,1
247,Fulham,Nott'm Forest,2,1,1.4375,1.0625,2.75,1.5625,1
248,Crystal Palace,Everton,1,2,1.625,1.0,1.5625,0.8125,2
249,Liverpool,Wolves,2,1,2.3125,1.3125,1.125,1.5,1
250,Tottenham,Man United,1,0,1.875,2.0,0.9375,1.8125,1
251,Aston Villa,Liverpool,2,2,1.4375,1.5625,2.25,1.0625,0
252,Leicester City,Brentford,0,4,0.5,2.4375,1.125,1.25,2
253,Everton,Man United,2,2,1.8125,1.0,0.6875,1.4375,0
254,Ipswich Town,Tottenham,1,4,0.9375,2.3125,1.625,1.375,2
255,Fulham,Crystal Palace,0,2,1.5,1.1875,1.4375,1.25,2
256,Arsenal,West Ham,0,1,2.5,0.6875,0.8125,1.6875,2
257,AFC Bournemouth,Wolves,0,1,2.3125,0.9375,1.125,1.375,2
258,Southampton,Brighton,0,4,1.0,2.5,1.1875,2.0,2
259,Aston Villa,Chelsea,2,1,1.3125,1.5,1.125,1.875,1
260,Newcastle,Nott'm Forest,4,3,1.9375,1.625,2.375,1.5625,1
261,Man City,Liverpool,0,2,2.5625,1.625,2.0625,1.4375,2
262,Brighton,AFC Bournemouth,2,1,1.875,1.6875,1.625,1.0625,1
263,Crystal Palace,Aston Villa,4,1,1.5,0.9375,1.5625,1.3125,1
264,Wolves,Fulham,1,2,1.25,1.125,1.375,1.3125,2
265,Chelsea,Southampton,4,0,1.0625,1.8125,0.875,2.5625,1
266,Nott'm Forest,Arsenal,0,0,2.8125,1.625,2.1875,0.75,0
267,Brentford,Everton,1,1,1.5625,1.0,1.6875,1.375,0
268,Tottenham,Man City,0,1,1.9375,1.3125,2.125,1.75,2
269,Man United,Ipswich Town,3,2,0.8125,1.75,0.875,2.5,1
270,Liverpool,Newcastle,2,0,2.0625,1.0625,2.0625,2.0625,1
271,West Ham,Leicester City,2,0,0.8125,1.5,0.25,2.8125,1
272,Nott'm Forest,Man City,1,0,1.8125,1.625,2.125,1.0,1
273,Brighton,Fulham,2,1,2.1875,0.9375,1.5,1.375,1
274,Crystal Palace,Ipswich Town,1,0,1.9375,0.8125,1.125,2.5625,1
275,Liverpool,Southampton,3,1,1.9375,0.625,0.625,3.1875,1
276,Brentford,Aston Villa,0,1,1.75,0.8125,1.75,1.8125,2
277,Wolves,Everton,1,1,1.0,1.5,1.5625,1.25,0
278,Tottenham,AFC Bournemouth,2,2,1.5,1.125,1.625,1.1875,0
279,Chelsea,Leicester City,1,0,1.5625,1.6875,0.25,2.5,1
280,Man United,Arsenal,1,1,1.375,1.6875,2.375,0.6875,0
281,West Ham,Newcastle,0,1,1.0,1.1875,1.6875,2.1875,2
282,Everton,West Ham,1,1,1.5,1.1875,0.9375,1.25,0
283,Ipswich Town,Nott'm Forest,2,4,1.0,2.5625,1.8125,1.375,2
284,Man City,Brighton,2,2,1.5625,1.125,2.1875,1.125,0
285,Southampton,Wolves,1,2,0.6875,3.3125,0.9375,1.4375,2
286,AFC Bournemouth,Brentford,1,2,1.625,1.4375,1.625,1.0,2
287,Arsenal,Chelsea,1,0,2.6875,0.9375,1.6875,1.1875,1
288,Fulham,Tottenham,2,0,1.3125,1.5625,1.75,1.4375,1
289,Leicester City,Man United,0,3,0.1875,2.25,1.5625,1.625,2
290,Arsenal,Fulham,2,1,1.8125,0.8125,1.5625,1.1875,1
291,Wolves,West Ham,1,0,1.0625,1.5,1.0,1.125,1
292,Nott'm Forest,Man United,1,0,2.0625,1.25,1.875,1.25,1
293,AFC Bournemouth,Ipswich Town,1,2,1.6875,1.5625,1.125,2.8125,2
294,Brighton,Aston Villa,0,3,1.9375,1.375,2.0,1.0,2
295,Man City,Leicester City,2,0,1.8125,1.25,0.1875,2.1875,1
296,Newcastle,Brentford,2,1,1.6875,1.6875,1.4375,1.0,1
297,Southampton,Crystal Palace,1,1,0.8125,3.0625,2.0,0.5625,0
298,Liverpool,Everton,1,0,1.8125,1.625,1.4375,1.0625,1
299,Chelsea,Tottenham,1,0,1.5625,1.0,1.125,1.5625,1
300,Everton,Arsenal,1,1,1.3125,1.0625,2.0,0.875,0
301,Crystal Palace,Brighton,2,1,1.8125,0.6875,1.625,1.75,1
302,Ipswich Town,Wolves,1,2,1.125,2.5,1.125,1.0625,2
303,West Ham,AFC Bournemouth,2,2,0.6875,1.0625,1.6875,1.6875,0
304,Aston Villa,Nott'm Forest,2,1,2.125,0.8125,2.0625,1.25,1
305,Brentford,Chelsea,0,0,1.1875,1.25,1.1875,0.9375,0
306,Fulham,Liverpool,3,2,1.375,1.3125,1.75,1.4375,1
307,Tottenham,Southampton,3,1,1.0625,1.5,1.0,2.4375,1
308,Man United,Man City,0,0,1.375,1.0625,1.8125,1.1875,0
309,Leicester City,Newcastle,0,3,0.125,2.1875,1.4375,1.5,2
310,Man City,Crystal Palace,5,2,1.6875,0.9375,1.625,0.6875,1
311,Brighton,Leicester City,2,2,1.4375,2.0,0.125,2.5,0
312,Nott'm Forest,Everton,0,1,2.0625,1.5625,1.1875,1.0,2
313,Southampton,Aston Villa,0,3,1.0,2.4375,1.9375,1.3125,2
314,Arsenal,Brentford,1,1,1.9375,0.6875,1.0625,1.0,0
315,Chelsea,Ipswich Town,2,2,0.9375,0.8125,1.3125,2.625,0
316,Liverpool,West Ham,2,1,1.625,1.875,0.875,1.1875,1
317,Wolves,Tottenham,4,2,1.375,0.9375,1.3125,1.3125,1
318,Newcastle,Man United,4,1,1.875,1.1875,1.0625,0.875,1
319,AFC Bournemouth,Fulham,1,0,1.6875,1.6875,1.6875,1.25,1
320,Newcastle,Crystal Palace,5,0,2.3125,1.375,1.75,1.625,1
321,Brentford,Brighton,4,2,1.0,0.9375,1.375,2.0625,1
322,Crystal Palace,AFC Bournemouth,0,0,1.5,2.4375,1.5,1.375,0
323,Everton,Man City,0,2,1.1875,0.875,2.0,1.0625,2
324,West Ham,Southampton,1,1,0.9375,1.3125,0.75,2.5625,0
325,Aston Villa,Newcastle,4,1,2.25,1.375,2.9375,1.0,1
326,Fulham,Chelsea,1,2,1.3125,1.4375,1.125,1.0,2
327,Ipswich Town,Arsenal,0,4,1.4375,2.125,2.0,0.75,2
328,Man United,Wolves,0,1,0.8125,1.4375,1.8125,1.0,2
329,Leicester City,Liverpool,0,1,0.5,2.375,1.75,1.3125,2
330,Tottenham,Nott'm Forest,1,2,1.5625,1.625,1.375,1.375,2
331,Man City,Aston Villa,2,1,1.9375,1.0,2.75,1.125,1
332,Arsenal,Crystal Palace,2,2,2.375,0.75,1.1875,2.1875,0
333,Chelsea,Everton,1,0,1.3125,1.0,0.9375,1.125,1
334,Brighton,West Ham,3,2,1.75,2.375,1.0625,1.3125,1
335,Newcastle,Ipswich Town,3,0,2.5625,1.6875,1.125,2.5,1
336,Southampton,Fulham,1,2,0.75,2.4375,1.375,1.5,2
337,Wolves,Leicester City,3,0,1.875,0.9375,0.375,2.25,1
338,AFC Bournemouth,Man United,1,1,1.0625,1.125,0.75,1.5,0
339,Liverpool,Tottenham,5,1,1.6875,1.25,1.6875,1.75,1
340,Nott'm Forest,Brentford,0,2,1.625,1.25,1.5,1.0,2
341,Man City,Wolves,1,0,2.25,0.875,2.0625,0.8125,1
342,Aston Villa,Fulham,1,0,2.5,1.25,1.25,1.375,1
343,Everton,Ipswich Town,2,2,0.6875,1.0625,0.9375,2.6875,0
344,Leicester City,Southampton,2,0,0.375,2.1875,0.6875,2.375,1
345,Arsenal,AFC Bournemouth,1,2,1.875,0.9375,1.0,0.9375,2
346,Brentford,Man United,4,3,1.875,0.875,0.9375,1.5625,1
347,Brighton,Newcastle,1,1,2.1875,2.0625,2.5625,1.4375,0
348,West Ham,Tottenham,1,1,1.125,1.5,1.375,2.5625,0
349,Chelsea,Liverpool,3,1,1.375,0.9375,2.25,0.9375,1
350,Crystal Palace,Nott'm Forest,1,1,1.1875,1.9375,1.0625,1.375,0
351,Fulham,Everton,1,3,1.125,1.375,0.8125,1.375,2
352,Ipswich Town,Brentford,0,1,1.0,2.75,2.4375,1.3125,2
353,Southampton,Man City,0,0,0.625,2.1875,1.5625,0.625,0
354,Wolves,Brighton,0,2,1.5,0.625,1.9375,2.0,2
355,AFC Bournemouth,Aston Villa,0,1,1.0625,1.0625,2.125,0.9375,2
356,Newcastle,Chelsea,2,0,2.125,1.375,1.6875,0.6875,1
357,Man United,West Ham,0,2,1.375,1.75,1.1875,1.375,2
358,Nott'm Forest,Leicester City,2,2,1.1875,1.3125,0.5,1.8125,0
359,Tottenham,Crystal Palace,0,2,1.25,2.25,1.3125,1.375,2
360,Liverpool,Arsenal,2,2,2.0625,1.375,1.3125,1.3125,0
361,Aston Villa,Tottenham,2,0,1.75,0.8125,0.875,2.3125,1
362,Chelsea,Man United,1,0,1.375,0.8125,1.25,1.875,1
363,Everton,Southampton,2,0,1.25,1.1875,0.5,1.8125,1
364,West Ham,Nott'm Forest,1,2,1.375,1.25,1.125,1.3125,2
365,Brentford,Fulham,2,3,1.875,1.0625,1.1875,1.5625,2
366,Leicester City,Ipswich Town,2,0,0.875,1.8125,0.9375,2.1875,1
367,Arsenal,Newcastle,1,0,1.5625,1.5,2.125,0.6875,1
368,Brighton,Liverpool,3,2,1.8125,1.5,2.1875,1.75,1
369,Crystal Palace,Wolves,4,2,1.5625,1.375,1.3125,1.0,1
370,Man City,AFC Bournemouth,3,1,1.3125,0.5,1.0625,1.1875,1
371,AFC Bournemouth,Leicester City,2,0,1.0625,1.5,1.25,1.3125,1
372,Fulham,Man City,0,2,1.375,1.75,1.5625,0.5625,2
373,Ipswich Town,West Ham,1,3,0.8125,2.0,1.1875,1.25,2
374,Liverpool,Crystal Palace,1,1,1.875,2.1875,1.8125,1.4375,0
375,Man United,Aston Villa,2,0,0.9375,1.8125,1.8125,0.5625,1
376,Newcastle,Everton,0,1,1.75,0.75,1.5625,1.0,2
377,Nott'm Forest,Chelsea,0,1,1.5,1.25,1.1875,0.8125,2
378,Southampton,Arsenal,1,2,0.375,1.6875,1.5625,1.1875,2
379,Tottenham,Brighton,1,4,0.75,2.0,1.875,1.5625,2
380,Wolves,Brentford,1,1,1.25,1.625,1.9375,1.5625,0
381,Liverpool,AFC Bournemouth,4,2,1.75,1.9375,1.0625,1.25,1
382,Aston Villa,Newcastle,0,0,1.5,0.9375,1.5625,0.8125,0
383,Brighton,Fulham,1,1,2.375,1.5625,1.3125,1.875,0
386,Wolves,Man City,0,4,1.375,1.625,1.8125,0.5,2
387,Nott'm Forest,Brentford,3,1,1.3125,1.3125,1.625,1.3125,1
388,Chelsea,Crystal Palace,0,0,0.9375,0.6875,1.8125,1.5,0
389,Man United,Arsenal,0,1,0.875,1.25,1.625,1.125,2
391,West Ham,Chelsea,1,5,1.3125,1.75,0.9375,0.375,2
392,Man City,Tottenham,0,2,2.4375,0.375,1.25,2.125,2
393,AFC Bournemouth,Wolves,1,0,1.375,1.75,1.25,2.0625,1
394,Brentford,Aston Villa,1,0,1.5625,1.8125,1.25,0.875,1
395,Burnley,Sunderland AFC,2,0,0.0,3.0,3.0,0.0,1
396,Arsenal,Leeds United,5,0,1.5,0.8125,1.0,0.0,1
397,Crystal Palace,Nott'm Forest,1,1,1.5,1.4375,1.375,1.125,0
398,Everton,Brighton,2,0,1.0,0.6875,2.1875,1.625,1
399,Fulham,Man United,1,1,1.25,1.6875,0.6875,1.1875,0
400,Newcastle,Liverpool,2,3,1.1875,0.75,2.1875,1.75,2
401,Chelsea,Fulham,2,0,1.6875,0.5625,1.0,1.5,1
402,Sunderland AFC,Brentford,2,1,1.5,1.0,1.4375,1.3125,1
403,Man United,Burnley,3,2,0.875,1.1875,1.0,1.5,1
404,Tottenham,AFC Bournemouth,0,1,1.625,1.8125,1.375,1.25,2
405,Wolves,Everton,2,3,0.9375,1.75,1.125,0.625,2
406,Leeds United,Newcastle,0,0,0.5,2.5,1.375,1.1875,0
407,Brighton,Man City,2,1,1.8125,1.5625,1.9375,0.625,1
408,Nott'm Forest,West Ham,0,3,1.25,1.1875,1.375,2.375,2
409,Liverpool,Arsenal,1,0,2.4375,1.75,2.1875,0.75,1
410,Aston Villa,Crystal Palace,0,3,0.9375,0.875,1.0625,1.3125,2
411,Arsenal,Nott'm Forest,3,0,1.6875,0.8125,1.1875,1.5,1
412,AFC Bournemouth,Brighton,2,1,1.1875,1.125,1.625,1.5,1
413,Crystal Palace,Sunderland AFC,0,0,1.375,0.875,1.6666666666666667,1.0,0
414,Everton,Aston Villa,0,0,1.5,0.9375,0.75,1.1875,0
415,Fulham,Leeds United,1,0,0.8125,1.5,0.3333333333333333,1.6666666666666667,1
416,Newcastle,Wolves,1,0,1.125,1.0,1.0625,2.125,1
417,West Ham,Tottenham,0,3,1.4375,2.125,1.3125,1.4375,2
418,Brentford,Chelsea,2,2,1.5,1.5625,1.9375,0.5625,0
419,Burnley,Liverpool,0,1,1.3333333333333333,2.0,2.375,1.4375,2
420,Man City,Man United,3,0,1.875,1.0,1.1875,1.5625,1
421,Liverpool,Everton,2,1,2.0625,1.25,1.4375,0.8125,1
422,Brighton,Tottenham,2,2,1.5625,1.625,1.25,1.0625,0
423,Burnley,Nott'm Forest,1,1,1.2,1.5,0.8125,1.875,0
424,West Ham,Crystal Palace,1,2,1.375,2.1875,1.375,0.5625,2
425,Wolves,Leeds United,1,3,0.8125,1.6875,0.1,1.8,2
426,Man United,Chelsea,2,1,1.125,1.75,1.625,1.1875,1
427,Fulham,Brentford,3,1,0.875,1.3125,1.6875,1.5,1
428,AFC Bournemouth,Newcastle,0,0,1.25,0.8125,1.0,1.0,0
429,Sunderland AFC,Aston Villa,1,1,0.9,0.9,0.5625,1.0625,0
430,Arsenal,Man City,1,1,1.75,0.625,1.625,0.875,0
431,Brentford,Man United,3,1,1.5,1.9375,1.375,1.75,1
432,Crystal Palace,Liverpool,2,1,1.625,0.625,2.0,1.375,1
433,Chelsea,Brighton,1,3,1.5,1.5625,1.8125,1.5,2
434,Leeds United,AFC Bournemouth,2,2,0.9090909090909091,1.0,1.125,0.8125,0
435,Man City,Burnley,5,1,1.6875,0.8125,1.0,1.6363636363636365,1
436,Nott'm Forest,Sunderland AFC,0,1,0.75,1.875,1.0909090909090908,0.7272727272727273,2
437,Tottenham,Wolves,1,1,1.5625,1.0,0.9375,2.125,0
438,Aston Villa,Fulham,3,1,0.5,1.0625,1.25,1.25,1
439,Newcastle,Arsenal,1,2,0.6875,0.375,1.875,0.5625,2
440,Everton,West Ham,1,1,1.375,1.0625,1.375,1.875,0
441,AFC Bournemouth,Fulham,3,1,1.3125,1.125,1.3125,1.5,1
442,Leeds United,Tottenham,1,2,1.3333333333333333,1.4166666666666667,1.5625,1.375,2
443,Arsenal,West Ham,2,0,1.8125,0.5,1.0625,1.875,1
444,Man United,Sunderland AFC,2,0,1.125,2.0,0.9166666666666666,0.5,1
445,Chelsea,Liverpool,2,1,1.3125,1.3125,1.5,1.375,1
446,Aston Villa,Burnley,2,1,1.0,0.75,0.8333333333333334,2.25,1
447,Everton,Crystal Palace,2,1,1.1875,0.9375,1.5,0.6875,1
448,Newcastle,Nott'm Forest,2,0,0.6875,0.75,0.75,1.5625,1
449,Wolves,Brighton,1,1,0.6875,1.9375,1.9375,1.4375,0
450,Brentford,Man City,0,1,1.8125,1.875,2.375,0.6875,2
451,Nott'm Forest,Chelsea,0,3,0.6875,1.5,1.5,1.25,2
452,Brighton,Newcastle,2,1,1.9375,1.3125,0.875,0.6875,1
453,Crystal Palace,AFC Bournemouth,3,3,1.625,1.0,1.5,1.125,0
454,Burnley,Leeds United,2,0,1.0,2.3846153846153846,1.4615384615384615,1.6153846153846154,1
455,Man City,Everton,2,0,2.125,0.6875,1.4375,1.0,1
456,Sunderland AFC,Wolves,2,0,0.8461538461538461,0.9230769230769231,0.875,1.9375,1
457,Fulham,Arsenal,0,1,1.375,2.0,2.0,0.375,2
458,Tottenham,Aston Villa,1,2,1.6875,1.1875,1.3125,0.9375,2
459,Liverpool,Man United,1,2,1.3125,1.4375,1.3125,1.375,2
460,West Ham,Brentford,0,2,1.0,1.8125,1.3125,1.625,2
461,Leeds United,West Ham,2,1,0.9285714285714286,1.7857142857142858,0.75,1.9375,1
462,Chelsea,Sunderland AFC,1,2,2.6875,1.0625,1.0714285714285714,0.7142857142857143,2
463,Newcastle,Fulham,2,1,0.9375,1.0625,0.9375,1.875,1
464,Man United,Brighton,4,2,1.4375,1.3125,1.9375,1.25,1
465,Brentford,Liverpool,3,2,1.5,1.25,2.0,1.4375,1
466,AFC Bournemouth,Nott'm Forest,2,0,2.0625,1.625,0.4375,1.8125,1
467,Aston Villa,Man City,1,0,1.5,1.0,2.375,0.5625,1
468,Arsenal,Crystal Palace,1,0,2.25,0.1875,1.8125,1.4375,1
469,Wolves,Burnley,2,3,0.75,1.8125,1.2142857142857142,2.0714285714285716,2
470,Everton,Tottenham,0,3,1.125,1.0625,1.25,0.9375,2
471,Brighton,Leeds United,3,0,1.75,1.75,1.0,1.6,1
472,Crystal Palace,Brentford,2,0,1.3125,1.375,1.5625,1.3125,1
473,Burnley,Arsenal,0,2,1.6,1.6666666666666667,1.875,0.1875,2
474,Fulham,Wolves,3,0,0.8125,1.75,0.875,2.0,1
475,Nott'm Forest,Man United,2,2,0.3125,2.0,2.0625,1.25,0
476,Tottenham,Chelsea,0,1,1.4375,0.8125,2.3125,1.25,2
477,Liverpool,Aston Villa,2,0,2.0625,1.625,1.1875,0.875,1
478,West Ham,Newcastle,3,1,0.75,2.0625,1.1875,0.9375,1
479,Man City,AFC Bournemouth,3,1,1.5625,0.5625,2.125,1.1875,1
480,Sunderland AFC,Everton,1,1,1.2666666666666666,0.8666666666666667,0.875,1.5,0
481,Tottenham,Man United,2,2,1.875,0.6875,2.0625,1.625,0
482,Everton,Fulham,2,0,0.75,1.5625,1.25,1.25,1
483,West Ham,Burnley,3,2,1.125,1.9375,1.375,1.6875,1
484,Sunderland AFC,Arsenal,2,2,1.375,0.75,2.0,0.125,0
485,Chelsea,Wolves,3,0,1.625,1.375,0.6875,2.375,1
486,Aston Villa,AFC Bournemouth,4,0,0.9375,1.0,1.8125,1.625,1
487,Crystal Palace,Brighton,0,0,1.5,1.0625,1.9375,1.5625,0
488,Brentford,Newcastle,3,1,1.5,1.5,1.125,1.4375,1
489,Nott'm Forest,Leeds United,3,1,0.6875,2.0625,0.8125,1.8125,1
490,Man City,Liverpool,3,0,1.875,0.75,1.75,1.25,1
491,Burnley,Chelsea,0,2,1.5,2.0625,2.0,0.9375,2
492,AFC Bournemouth,West Ham,2,2,1.3125,1.75,1.6875,1.875,0
493,Brighton,Brentford,2,1,1.625,1.375,1.75,1.5,1
494,Fulham,Sunderland AFC,1,0,1.1875,1.4375,1.3125,1.125,1
495,Liverpool,Nott'm Forest,0,3,1.3125,1.3125,1.0625,1.8125,2
496,Wolves,Crystal Palace,0,2,0.6875,2.4375,1.125,0.6875,2
497,Newcastle,Man City,2,1,1.1875,1.75,1.9375,0.75,1
498,Leeds United,Aston Villa,1,2,0.9375,2.125,1.4375,0.875,2
499,Arsenal,Tottenham,4,1,2.125,0.5,1.8125,1.0625,1
500,Man United,Everton,0,1,2.1875,1.8125,1.125,1.25,2
501,Sunderland AFC,AFC Bournemouth,3,2,1.0625,1.0625,1.375,2.125,1
502,Brentford,Burnley,3,1,1.5,1.625,1.0,2.1875,1
503,Man City,Leeds United,3,2,2.125,0.875,0.875,2.0625,1
504,Everton,Newcastle,1,4,1.1875,0.875,1.1875,1.625,2
505,Tottenham,Fulham,1,2,1.875,2.4375,1.1875,1.125,2
506,Crystal Palace,Man United,1,2,1.4375,0.5,1.625,1.6875,2
507,Aston Villa,Wolves,1,0,1.6875,1.0,0.4375,2.375,1
508,Nott'm Forest,Brighton,0,2,1.5625,1.5,1.75,0.9375,2
509,West Ham,Liverpool,0,2,1.875,1.6875,0.9375,2.4375,2
510,Chelsea,Arsenal,1,1,2.4375,0.375,2.625,0.75,0
511,AFC Bournemouth,Everton,0,1,1.5625,2.3125,1.0625,1.375,2
512,Fulham,Man City,4,5,1.1875,1.1875,2.25,1.0,2
513,Newcastle,Tottenham,2,2,1.8125,1.4375,1.6875,2.4375,0
514,Brighton,Aston Villa,3,4,1.625,0.875,1.875,0.5625,2
515,Arsenal,Brentford,2,0,2.4375,0.6875,2.0,1.4375,1
516,Burnley,Crystal Palace,0,1,1.0625,2.3125,1.1875,0.875,2
517,Wolves,Nott'm Forest,0,1,0.3125,2.0,1.3125,1.4375,2
518,Liverpool,Sunderland AFC,1,1,1.3125,2.0,1.375,1.25,0
519,Leeds United,Chelsea,3,1,1.25,2.25,2.1875,0.5625,1
520,Man United,West Ham,1,1,1.5625,1.5,1.3125,1.9375,0
521,Aston Villa,Arsenal,2,1,2.125,1.125,2.1875,0.5625,1
522,AFC Bournemouth,Chelsea,0,0,1.4375,1.9375,2.0,1.0625,0
523,Everton,Nott'm Forest,3,0,1.0,1.375,1.125,1.125,1
524,Man City,Sunderland AFC,3,0,2.625,1.75,1.3125,1.1875,1
525,Newcastle,Burnley,2,1,2.0,1.4375,0.8125,2.0625,1
526,Tottenham,Brentford,2,0,1.8125,2.25,1.5,1.5625,1
527,Leeds United,Liverpool,3,3,1.6875,2.0,1.4375,1.6875,0
528,Brighton,West Ham,1,1,2.125,1.5,1.125,1.6875,0
529,Fulham,Crystal Palace,1,2,1.875,1.875,1.375,0.875,2
530,Wolves,Man United,1,4,0.3125,1.75,1.5,1.25,2
531,Chelsea,Everton,2,0,1.1875,1.25,1.375,1.25,1
532,Liverpool,Brighton,2,0,1.4375,1.5625,1.9375,1.4375,1
533,Burnley,Fulham,2,3,0.9375,2.125,1.75,2.1875,2
534,Arsenal,Wolves,2,1,2.125,0.6875,0.4375,2.0625,1
535,Sunderland AFC,Newcastle,1,0,1.25,1.5625,2.125,1.5,1
536,Crystal Palace,Man City,0,3,1.375,1.0,3.0,1.4375,2
537,Nott'm Forest,Tottenham,3,0,0.6875,1.625,2.1875,1.25,1
538,West Ham,Aston Villa,2,3,1.0,1.5,2.1875,1.125,2
539,Brentford,Leeds United,1,1,1.3125,1.5,1.9375,2.25,0
540,Man United,AFC Bournemouth,4,4,2.125,1.25,1.1875,1.6875,0
541,Newcastle,Chelsea,2,2,1.5625,1.4375,1.375,0.75,0
542,AFC Bournemouth,Burnley,1,1,1.5625,1.9375,1.125,2.0,0
543,Brighton,Sunderland AFC,0,0,1.5,1.75,1.0,1.3125,0
544,Man City,West Ham,3,0,2.875,1.125,1.3125,1.75,1
545,Wolves,Brentford,0,2,0.5625,2.25,0.9375,1.5,2
546,Tottenham,Liverpool,1,2,1.75,1.5625,1.5625,1.25,2
547,Everton,Arsenal,0,1,1.1875,1.0625,2.1875,0.875,2
548,Leeds United,Crystal Palace,4,1,1.75,1.9375,1.125,1.25,1
549,Aston Villa,Man United,2,1,2.4375,1.4375,2.5625,1.6875,1
550,Fulham,Nott'm Forest,1,0,2.0,2.25,1.25,1.3125,1
551,Man United,Newcastle,1,0,2.5,1.9375,1.5625,1.5625,1
552,Nott'm Forest,Man City,1,2,1.125,1.375,2.75,0.625,2
553,Arsenal,Brighton,2,1,2.125,0.625,1.0625,1.1875,1
554,Brentford,AFC Bournemouth,4,1,1.3125,1.1875,1.5625,1.9375,1
555,Burnley,Everton,0,0,1.25,1.9375,0.9375,1.1875,0
556,Liverpool,Wolves,2,1,1.4375,1.0625,0.5,2.4375,1
557,West Ham,Fulham,0,1,1.1875,2.0625,1.625,1.4375,2
558,Chelsea,Aston Villa,1,2,1.6875,1.125,2.1875,1.1875,2
559,Sunderland AFC,Leeds United,1,1,0.875,1.0625,2.0625,1.875,0
560,Crystal Palace,Tottenham,0,1,1.125,1.875,1.6875,1.875,2
561,Burnley,Newcastle,1,3,1.0,1.6875,1.25,1.5,2
562,Chelsea,AFC Bournemouth,2,2,1.625,1.125,1.5625,2.5,0
563,Nott'm Forest,Everton,0,2,1.3125,1.1875,0.5625,1.0625,2
564,West Ham,Brighton,2,2,1.0625,2.0,1.0,1.375,0
565,Arsenal,Aston Villa,4,1,1.9375,0.8125,2.1875,1.1875,1
566,Man United,Wolves,1,1,2.0625,1.75,0.5625,2.1875,0
567,Crystal Palace,Fulham,1,1,0.6875,1.75,1.6875,1.125,0
568,Liverpool,Leeds United,0,0,1.625,1.25,1.875,1.5625,0
569,Sunderland AFC,Man City,0,0,0.9375,0.875,2.625,0.8125,0
570,Brentford,Tottenham,0,0,1.9375,1.125,1.25,1.875,0
571,Aston Villa,Nott'm Forest,3,1,1.9375,1.6875,0.9375,1.4375,1
572,Brighton,Burnley,2,0,1.25,1.25,0.75,1.75,1
573,Wolves,West Ham,3,0,0.5,1.9375,1.125,1.875,1
574,AFC Bournemouth,Arsenal,2,3,1.3125,2.375,2.3125,0.75,2
575,Leeds United,Man United,1,1,1.625,1.375,1.5,1.3125,0
576,Everton,Brentford,2,4,0.9375,0.625,1.625,0.875,2
577,Newcastle,Crystal Palace,2,0,1.6875,1.5,0.875,1.5,1
578,Tottenham,Sunderland AFC,1,1,1.125,1.375,0.6875,0.8125,0
579,Fulham,Liverpool,2,2,1.4375,0.9375,1.375,1.0625,0
580,Man City,Chelsea,1,1,2.25,0.75,1.5625,1.5,0
581,West Ham,Nott'm Forest,1,2,0.9375,2.0,1.0,1.75,2
582,AFC Bournemouth,Tottenham,3,2,1.5,2.625,1.125,1.0625,1
583,Crystal Palace,Aston Villa,0,0,0.625,1.375,2.25,1.625,0
584,Brentford,Sunderland AFC,3,0,2.125,1.125,0.8125,0.9375,1
585,Everton,Wolves,1,1,1.25,1.1875,1.0625,1.5,0
586,Fulham,Chelsea,2,1,1.5,1.3125,1.375,1.4375,1
587,Man City,Brighton,1,1,1.875,0.875,1.4375,1.25,0
588,Burnley,Man United,2,2,0.625,1.875,1.4375,1.125,0
589,Newcastle,Leeds United,4,3,1.75,1.0625,1.3125,1.25,1
590,Arsenal,Liverpool,0,0,2.5,1.0625,1.5,1.125,0
591,Man United,Man City,2,0,1.5625,1.375,1.625,0.9375,1
592,Sunderland AFC,Crystal Palace,2,1,0.5625,1.25,0.625,1.25,1
593,Chelsea,Brentford,2,0,1.25,1.5625,2.0,0.9375,1
594,Liverpool,Burnley,1,1,1.1875,0.75,0.875,2.0625,0
595,Leeds United,Fulham,1,0,1.6875,1.6875,1.75,1.375,1
596,Tottenham,West Ham,1,2,1.1875,1.3125,0.9375,2.125,2
597,Nott'm Forest,Arsenal,0,0,1.0625,1.625,2.0625,0.875,0
598,Wolves,Newcastle,0,0,1.125,1.25,2.4375,1.3125,0
599,Aston Villa,Everton,0,1,1.75,1.5,1.3125,1.375,2
600,Brighton,AFC Bournemouth,1,1,1.5,1.1875,1.9375,2.25,0
601,West Ham,Sunderland AFC,3,1,0.9375,1.9375,0.9375,1.375,1
602,Burnley,Tottenham,2,2,0.9375,1.75,1.4375,1.3125,0
603,Fulham,Brighton,2,1,1.5625,1.4375,1.3125,1.0625,1
604,Man City,Wolves,2,0,1.5625,1.1875,1.0,1.0,1
605,AFC Bournemouth,Liverpool,3,2,1.75,2.0625,1.5,0.625,1
606,Crystal Palace,Chelsea,1,3,0.5625,1.5,1.3125,0.9375,2
607,Brentford,Nott'm Forest,0,2,1.9375,1.1875,0.875,1.375,2
608,Newcastle,Aston Villa,0,2,1.9375,1.125,1.5,1.125,2
609,Arsenal,Man United,2,3,1.5625,0.625,1.8125,1.1875,2
610,Everton,Leeds United,1,1,1.1875,1.375,1.8125,1.5625,0
611,Brighton,Everton,1,1,1.125,1.4375,1.0625,0.8125,0
612,Leeds United,Arsenal,0,4,1.75,1.4375,2.25,1.4375,2
613,Wolves,AFC Bournemouth,0,2,0.625,1.3125,1.9375,1.875,2
614,Chelsea,West Ham,3,2,2.0,1.125,1.5,1.625,1
615,Liverpool,Newcastle,4,1,2.625,0.875,1.4375,1.4375,1
616,Aston Villa,Brentford,0,1,1.4375,1.0,1.25,1.25,2
617,Man United,Fulham,3,2,2.125,1.375,1.5625,1.3125,1
618,Nott'm Forest,Crystal Palace,1,1,1.125,0.875,0.6875,1.6875,0
619,Tottenham,Man City,2,2,1.5,1.0625,1.625,0.9375,0
620,Sunderland AFC,Burnley,3,0,0.8125,1.6875,1.25,1.6875,1
621,Leeds United,Nott'm Forest,3,1,1.1875,1.625,1.0,0.9375,1
622,Man United,Tottenham,2,0,2.375,1.4375,1.625,1.25,1
623,AFC Bournemouth,Aston Villa,1,1,1.9375,1.5625,1.1875,1.0,0
624,Arsenal,Sunderland AFC,3,0,2.5,1.25,1.3125,1.25,1
625,Burnley,West Ham,0,2,1.0,1.9375,1.6875,1.875,2
626,Fulham,Everton,1,2,1.4375,1.4375,1.0625,0.875,2
627,Wolves,Chelsea,1,3,0.5,1.5,2.3125,1.5,2
628,Newcastle,Brentford,2,3,1.0,1.6875,1.0625,1.125,2
629,Brighton,Crystal Palace,0,1,1.0,1.25,0.8125,1.875,2
630,Liverpool,Man City,1,2,2.875,1.0625,1.5625,0.9375,2
631,Chelsea,Leeds United,2,2,2.375,1.4375,1.4375,1.625,0
632,Everton,AFC Bournemouth,1,2,1.125,1.0625,2.0,1.625,2
633,Tottenham,Newcastle,1,2,1.3125,1.25,1.25,2.1875,2
634,West Ham,Man United,1,1,1.75,1.6875,2.25,1.375,0
635,Aston Villa,Brighton,1,0,1.25,1.0,0.8125,1.25,1
636,Man City,Fulham,3,0,1.75,0.875,1.5625,1.5625,1
637,Nott'm Forest,Wolves,0,0,1.1875,1.3125,0.625,1.8125,0
638,Crystal Palace,Burnley,2,3,0.75,1.5625,0.8125,2.0625,2
639,Sunderland AFC,Liverpool,0,1,1.0625,1.5,2.6875,1.0,2
640,Brentford,Arsenal,1,1,1.625,1.125,2.75,0.875,0
641,Wolves,Arsenal,2,2,0.5625,1.4375,2.4375,0.75,0
642,Aston Villa,Leeds United,1,1,1.0,0.875,1.625,1.8125,0
643,Brentford,Brighton,0,2,1.75,1.0,0.6875,1.0625,2
644,Chelsea,Burnley,1,1,2.3125,1.4375,1.0,2.0,0
645,West Ham,AFC Bournemouth,0,0,1.4375,1.5625,1.75,1.3125,0
646,Man City,Newcastle,2,1,1.875,0.875,1.625,2.0625,1
647,Sunderland AFC,Fulham,1,3,0.875,1.3125,1.125,1.875,2
648,Crystal Palace,Wolves,1,0,1.0,1.5625,0.9375,1.4375,1
649,Nott'm Forest,Liverpool,0,1,0.75,1.3125,2.0,0.9375,2
650,Tottenham,Arsenal,1,4,1.1875,1.625,2.0625,1.0625,2
651,Everton,Man United,0,1,1.1875,1.1875,1.8125,1.0625,2
652,Wolves,Aston Villa,2,0,0.75,1.125,1.0625,0.875,1
653,AFC Bournemouth,Sunderland AFC,1,1,1.4375,1.25,0.6875,1.875,0
654,Burnley,Brentford,3,4,1.125,1.75,1.5,1.375,2
655,Liverpool,West Ham,5,2,1.6875,0.8125,1.1875,1.0,1
656,Newcastle,Everton,2,3,1.5625,1.8125,1.0625,1.1875,2
657,Leeds United,Man City,0,1,1.5625,1.4375,1.8125,0.8125,2
658,Brighton,Nott'm Forest,2,1,0.9375,0.9375,0.625,1.3125,1
659,Fulham,Tottenham,2,1,1.375,1.6875,1.125,2.125,1
660,Man United,Crystal Palace,2,1,1.5625,0.6875,1.0,1.1875,1
661,Arsenal,Chelsea,2,1,2.25,1.125,2.0,1.25,1
662,AFC Bournemouth,Brentford,0,0,1.4375,1.0625,1.625,1.625,0
663,Everton,Burnley,2,0,1.375,1.4375,1.6875,2.25,1
664,Leeds United,Sunderland AFC,0,1,1.125,1.4375,0.8125,1.625,2
665,Wolves,Liverpool,2,1,1.0625,1.0625,2.375,0.8125,1
666,Aston Villa,Chelsea,1,4,0.8125,1.0625,1.75,1.4375,2
667,Brighton,Arsenal,0,1,1.25,0.875,2.5,1.1875,2
668,Fulham,West Ham,0,1,1.5625,1.625,1.3125,1.875,2
669,Man City,Nott'm Forest,2,2,1.625,0.625,0.625,1.1875,0
670,Newcastle,Man United,2,1,1.6875,1.9375,1.625,0.875,1
671,Tottenham,Crystal Palace,1,3,1.25,2.1875,1.0625,1.5,2
672,Sunderland AFC,Brighton,0,1,1.0,1.5,1.125,0.8125,2
673,Burnley,AFC Bournemouth,0,0,1.25,2.1875,1.0625,0.8125,0
674,Arsenal,Everton,2,0,1.9375,0.9375,1.5,1.1875,1
675,Chelsea,Newcastle,0,1,2.3125,2.0625,1.625,1.9375,2
676,West Ham,Man City,1,1,1.25,1.625,1.625,1.0,0
677,Crystal Palace,Leeds United,0,0,1.3125,1.25,0.875,1.375,0
678,Man United,Aston Villa,3,1,1.625,1.0625,0.8125,1.5625,1
679,Nott'm Forest,Fulham,0,0,1.0,1.4375,1.5,1.375,0
680,Liverpool,Tottenham,1,1,2.25,1.3125,1.375,2.625,0
681,Brentford,Wolves,2,2,1.5,1.5,1.0,1.0,0
682,AFC Bournemouth,Man United,2,2,0.9375,0.625,2.0,1.1875,0
683,Brighton,Liverpool,2,1,0.9375,0.8125,2.125,0.8125,1
684,Fulham,Burnley,3,1,1.0,1.125,1.125,1.9375,1
685,Everton,Chelsea,3,0,1.375,1.1875,1.4375,2.375,1
686,Leeds United,Brentford,0,0,0.6875,1.1875,1.625,1.5,0
687,Newcastle,Sunderland AFC,1,2,1.5625,1.6875,0.8125,1.25,2
688,Aston Villa,West Ham,2,0,0.6875,1.9375,1.4375,1.625,1
689,Tottenham,Nott'm Forest,0,3,1.625,2.4375,0.9375,1.125,2
690,West Ham,Wolves,4,0,1.125,1.25,1.3125,1.1875,1
691,Arsenal,AFC Bournemouth,1,2,1.8125,0.375,1.0,0.75,2
692,Brentford,Everton,2,2,0.9375,1.125,1.5,0.875,0
693,Burnley,Brighton,0,2,0.8125,1.875,1.0,0.8125,2
694,Liverpool,Fulham,2,0,1.5625,1.25,1.1875,1.125,1
695,Sunderland AFC,Tottenham,1,0,1.0625,1.125,1.25,2.375,1
696,Crystal Palace,Newcastle,2,1,1.1875,1.125,1.25,1.5,1
697,Nott'm Forest,Aston Villa,1,1,1.25,0.8125,1.0625,1.6875,0
698,Chelsea,Man City,0,3,1.0,2.1875,1.5,1.0,2
699,Man United,Leeds United,1,2,2.0,1.3125,0.5,0.8125,2
700,Brentford,Fulham,0,0,1.3125,1.375,1.1875,1.3125,0
701,Newcastle,AFC Bournemouth,1,2,1.1875,1.75,1.3125,0.875,2
702,Leeds United,Wolves,3,0,0.8125,0.875,1.0625,1.9375,1
703,Tottenham,Brighton,2,2,1.0,2.3125,1.3125,0.625,0
704,Chelsea,Man United,0,1,0.8125,2.5,1.9375,1.4375,2
705,Nott'm Forest,Burnley,4,1,1.1875,0.75,0.75,1.9375,1
706,Aston Villa,Sunderland AFC,4,3,1.125,1.3125,1.0,1.0625,1
707,Everton,Liverpool,1,2,1.5625,1.25,1.1875,1.25,2
708,Man City,Arsenal,2,1,1.875,0.9375,1.25,0.6875,1
709,Crystal Palace,West Ham,0,0,1.4375,1.0625,1.625,1.1875,0
710,Brighton,Chelsea,3,0,1.5,0.875,0.625,2.25,1
711,AFC Bournemouth,Leeds United,2,2,1.5,0.9375,1.3125,0.8125,0
712,Burnley,Man City,0,1,0.8125,2.5625,2.0,0.75,2
713,Sunderland AFC,Nott'm Forest,0,5,1.5,1.5,1.8125,0.9375,2
714,Fulham,Aston Villa,1,0,1.0625,1.25,1.625,1.5,1
715,Liverpool,Crystal Palace,3,1,1.5,1.1875,1.0,0.8125,1
716,West Ham,Everton,2,1,1.3125,1.0,1.6875,1.3125,1
717,Wolves,Tottenham,0,1,0.8125,2.25,1.0,2.3125,2
718,Arsenal,Newcastle,1,0,1.1875,0.9375,1.25,2.0,1
719,Man United,Brentford,2,1,1.5625,1.1875,1.0625,1.0,1
720,Leeds United,Burnley,3,1,1.6875,0.9375,0.6875,2.1875,1
721,Brentford,West Ham,3,0,1.1875,1.375,1.5625,0.75,1
722,Newcastle,Brighton,3,1,1.0625,1.6875,1.75,0.6875,1
723,Wolves,Sunderland AFC,1,1,0.5625,2.0625,1.0625,2.3125,0
724,Arsenal,Fulham,3,0,1.0625,0.75,0.75,0.9375,1
725,AFC Bournemouth,Crystal Palace,3,0,1.5,1.0625,1.125,1.1875,1
726,Man United,Liverpool,3,2,1.5,1.0,1.5,1.25,1
727,Aston Villa,Tottenham,1,2,1.375,1.625,1.125,1.8125,2
728,Chelsea,Nott'm Forest,1,3,0.5,2.3125,2.3125,0.875,2
729,Everton,Man City,3,3,1.4375,1.625,1.9375,0.625,0
730,Liverpool,Chelsea,1,1,1.8125,1.4375,0.625,2.4375,0
731,Sunderland AFC,Man United,0,0,1.125,2.3125,1.8125,1.125,0
732,Brighton,Wolves,3,0,1.6875,1.1875,0.6875,1.5625,1
733,Fulham,AFC Bournemouth,0,1,0.6875,1.125,1.75,0.875,2
734,Man City,Brentford,3,0,2.0,1.0625,1.3125,1.0,1
735,Crystal Palace,Everton,2,2,0.8125,1.5625,1.625,1.875,0
736,Burnley,Aston Villa,2,2,0.875,2.375,1.375,1.8125,0
737,Nott'm Forest,Newcastle,1,1,2.6875,0.75,1.375,1.4375,0
738,West Ham,Arsenal,0,1,0.9375,1.3125,1.4375,0.4375,2
739,Tottenham,Leeds United,1,1,1.4375,1.625,1.8125,0.9375,0
740,Man City,Crystal Palace,3,0,2.1875,0.875,1.125,1.9375,1
741,Aston Villa,Liverpool,4,2,1.1875,1.8125,1.75,1.4375,1
742,Man United,Nott'm Forest,3,2,1.625,1.0625,2.375,0.8125,1
743,Brentford,Crystal Palace,2,2,1.25,1.5,0.875,1.9375,0
744,Everton,Sunderland AFC,1,3,1.8125,1.875,0.75,1.75,2
745,Leeds United,Brighton,1,0,1.5,1.0,2.0,0.875,1
746,Wolves,Fulham,1,1,0.6875,1.75,0.6875,1.125,0
747,Newcastle,West Ham,3,1,1.3125,1.3125,0.875,1.4375,1
748,Arsenal,Burnley,1,0,1.375,0.3125,0.9375,2.125,1
749,AFC Bournemouth,Man City,1,1,1.5625,0.6875,2.4375,0.875,0
750,Chelsea,Tottenham,2,1,0.75,2.375,1.3125,1.4375,1
751,Sunderland AFC,Chelsea,2,1,1.25,1.125,0.875,2.125,1
752,Brighton,Man United,0,3,1.5,1.0625,1.875,1.3125,2
753,Crystal Palace,Arsenal,1,2,1.1875,1.9375,1.0625,0.3125,2
754,Burnley,Wolves,1,1,0.875,2.125,0.75,1.6875,0
755,Fulham,Newcastle,2,0,0.5625,1.25,1.8125,1.25,1
756,Liverpool,Brentford,1,1,1.6875,2.0,1.5,1.5,0
757,Man City,Aston Villa,1,2,2.125,0.625,1.875,2.0,2
758,Nott'm Forest,AFC Bournemouth,1,1,2.125,1.3125,1.5,0.625,0
759,Tottenham,Everton,1,0,1.3125,1.625,1.875,2.125,1
760,West Ham,Leeds United,3,0,0.8125,1.875,1.375,0.6875,1
770,1. FC Union Berlin,FC St. Pauli 1910,1,0,1.0,1.0,0.0,2.0,1
771,VfB Stuttgart,1. FSV Mainz 05,3,3,1.0,3.0,1.0,1.0,0
772,Eintracht Frankfurt,TSG 1899 Hoffenheim,3,1,0.0,2.0,3.0,2.0,1
773,SV Werder Bremen,Borussia Dortmund,0,0,2.0,2.0,2.0,0.0,0
774,VfL Bochum 1848,Borussia Mönchengladbach,0,2,0.0,1.0,2.0,3.0,2
775,Holstein Kiel,VfL Wolfsburg,0,2,2.0,3.0,2.0,3.0,2
776,Leverkusen,RB Leipzig,2,3,3.0,2.0,1.0,0.0,2
777,1. FC Heidenheim 1846,FC Augsburg,4,0,2.0,0.0,2.0,2.0,1
778,Bayern Munich,SC Freiburg,2,0,3.0,2.0,3.0,1.0,1
779,Borussia Dortmund,1. FC Heidenheim 1846,4,2,1.0,0.0,3.0,0.0,1
780,RB Leipzig,1. FC Union Berlin,0,0,2.0,1.0,1.0,0.5,0
781,TSG 1899 Hoffenheim,Leverkusen,1,4,2.0,2.5,2.5,2.5,2
782,SC Freiburg,VfL Bochum 1848,2,1,1.5,1.5,0.0,1.5,1
783,VfL Wolfsburg,Eintracht Frankfurt,1,2,2.0,1.5,1.5,1.5,2
784,Borussia Mönchengladbach,VfB Stuttgart,1,3,2.0,1.5,2.0,3.0,2
785,Holstein Kiel,Bayern Munich,1,6,1.0,2.5,2.5,1.0,2
786,FC Augsburg,FC St. Pauli 1910,3,1,1.0,3.0,0.0,1.5,1
787,1. FSV Mainz 05,SV Werder Bremen,1,2,2.0,2.0,1.0,1.0,2
788,FC Augsburg,1. FSV Mainz 05,2,3,1.6666666666666667,2.3333333333333335,1.6666666666666667,2.0,2
789,1. FC Heidenheim 1846,SC Freiburg,0,3,2.6666666666666665,1.3333333333333333,1.6666666666666667,1.3333333333333333,2
790,SV Werder Bremen,Bayern Munich,0,5,1.3333333333333333,1.0,5.4,1.1,2
791,1. FC Union Berlin,TSG 1899 Hoffenheim,2,1,0.6666666666666666,0.3333333333333333,1.6666666666666667,3.0,1
792,VfL Bochum 1848,Holstein Kiel,2,2,0.3333333333333333,1.6666666666666667,1.0,3.6666666666666665,0
793,Eintracht Frankfurt,Borussia Mönchengladbach,2,0,1.6666666666666667,1.3333333333333333,1.6666666666666667,2.0,1
794,Leverkusen,VfL Wolfsburg,4,3,3.3,1.4,1.6666666666666667,1.6666666666666667,1
795,VfB Stuttgart,Borussia Dortmund,5,1,2.2,2.4,2.3,0.6,1
796,FC St. Pauli 1910,RB Leipzig,0,0,0.3333333333333333,2.0,1.3,1.2,0
797,Borussia Dortmund,VfL Bochum 1848,4,2,2.3636363636363638,1.9090909090909092,0.9,1.9,1
798,RB Leipzig,FC Augsburg,4,0,0.6363636363636364,0.7272727272727273,1.7,2.6,1
799,SC Freiburg,FC St. Pauli 1910,0,3,1.8,1.0,0.3,1.4,2
800,VfL Wolfsburg,VfB Stuttgart,2,2,2.0,2.1,2.8181818181818183,1.9090909090909092,0
801,1. FSV Mainz 05,1. FC Heidenheim 1846,0,2,2.2,2.2,2.0,2.1,2
802,Borussia Mönchengladbach,1. FC Union Berlin,1,0,1.1,1.8,1.0,0.4,1
803,Bayern Munich,Leverkusen,1,1,5.909090909090909,1.0,3.727272727272727,1.5454545454545454,0
804,Holstein Kiel,Eintracht Frankfurt,2,4,1.1,3.3,2.1,0.8,2
805,TSG 1899 Hoffenheim,SV Werder Bremen,3,4,1.2,2.9,0.8,2.0,2
806,FC Augsburg,Borussia Mönchengladbach,2,1,1.5454545454545454,2.727272727272727,0.9090909090909091,1.6363636363636365,1
807,Leverkusen,Holstein Kiel,2,2,2.3846153846153846,1.3846153846153846,1.5454545454545454,3.727272727272727,0
808,SV Werder Bremen,SC Freiburg,0,1,1.8181818181818181,2.6363636363636362,1.6363636363636365,1.3636363636363635,2
809,1. FC Union Berlin,Borussia Dortmund,2,1,0.7272727272727273,0.6363636363636364,3.4615384615384617,2.0,1
810,VfL Bochum 1848,VfL Wolfsburg,1,3,1.3636363636363635,2.4545454545454546,2.0,2.4545454545454546,2
811,FC St. Pauli 1910,1. FSV Mainz 05,0,3,1.0909090909090908,1.0909090909090908,1.4545454545454546,2.0,2
812,1. FC Heidenheim 1846,RB Leipzig,0,1,1.6363636363636365,1.9090909090909092,1.7692307692307692,1.0,2
813,Eintracht Frankfurt,Bayern Munich,3,3,2.4545454545454546,1.0909090909090908,2.923076923076923,0.8461538461538461,0
814,VfB Stuttgart,TSG 1899 Hoffenheim,1,1,2.4615384615384617,1.6923076923076923,1.7272727272727273,3.1818181818181817,0
815,Borussia Dortmund,FC St. Pauli 1910,2,1,3.2857142857142856,1.5714285714285714,0.8333333333333334,1.25,1
816,Leverkusen,Eintracht Frankfurt,2,1,2.0714285714285716,1.2857142857142858,2.6666666666666665,1.5833333333333333,1
817,TSG 1899 Hoffenheim,VfL Bochum 1848,3,1,1.6666666666666667,2.5,1.3333333333333333,2.6666666666666665,1
818,SC Freiburg,FC Augsburg,3,1,1.4166666666666667,1.0833333333333333,1.4166666666666667,2.5833333333333335,1
819,1. FSV Mainz 05,RB Leipzig,0,2,1.9166666666666667,1.5,1.8571428571428572,0.9285714285714286,2
820,Borussia Mönchengladbach,1. FC Heidenheim 1846,3,2,0.9166666666666666,1.5,1.1666666666666667,1.3333333333333333,1
821,Bayern Munich,VfB Stuttgart,4,0,2.642857142857143,1.4285714285714286,1.7857142857142858,1.6428571428571428,1
822,Holstein Kiel,1. FC Union Berlin,0,2,1.75,2.9166666666666665,1.1666666666666667,0.8333333333333334,2
823,VfL Wolfsburg,SV Werder Bremen,2,4,2.4166666666666665,2.1666666666666665,1.3333333333333333,2.5,2
824,1. FSV Mainz 05,Borussia Mönchengladbach,1,1,1.3076923076923077,1.5384615384615385,1.5384615384615385,1.5384615384615385,0
825,VfB Stuttgart,Holstein Kiel,2,1,1.375,1.8125,1.3076923076923077,2.8461538461538463,1
826,RB Leipzig,SC Freiburg,3,1,1.25,0.625,1.5384615384615385,1.2307692307692308,1
827,FC Augsburg,Borussia Dortmund,2,1,1.2307692307692308,2.6153846153846154,2.25,2.125,1
828,FC St. Pauli 1910,VfL Wolfsburg,0,0,1.0,1.6153846153846154,2.230769230769231,2.3076923076923075,0
829,SV Werder Bremen,Leverkusen,2,2,2.1538461538461537,2.0,2.125,1.375,0
830,VfL Bochum 1848,Bayern Munich,0,5,1.1538461538461537,2.8461538461538463,3.125,1.75,2
831,1. FC Union Berlin,Eintracht Frankfurt,1,1,1.2307692307692308,0.6153846153846154,2.3846153846153846,1.9230769230769231,0
832,1. FC Heidenheim 1846,TSG 1899 Hoffenheim,0,0,1.5384615384615385,1.4615384615384615,2.076923076923077,2.230769230769231,0
833,Leverkusen,VfB Stuttgart,0,0,2.0625,1.375,1.5625,1.6875,0
834,Bayern Munich,1. FC Union Berlin,3,0,3.5,1.25,1.3571428571428572,0.6428571428571429,1
835,Eintracht Frankfurt,VfL Bochum 1848,7,2,1.8571428571428572,1.7142857142857142,0.7857142857142857,3.142857142857143,1
836,TSG 1899 Hoffenheim,FC St. Pauli 1910,0,2,1.5,1.5,0.5,1.5,2
837,VfL Wolfsburg,FC Augsburg,1,1,1.7857142857142858,1.8571428571428572,1.5714285714285714,2.0714285714285716,0
838,Holstein Kiel,1. FC Heidenheim 1846,1,0,1.1428571428571428,2.5,1.1428571428571428,1.3571428571428572,1
839,Borussia Dortmund,RB Leipzig,2,1,2.1875,2.25,1.625,0.8125,1
840,SC Freiburg,1. FSV Mainz 05,0,0,1.6428571428571428,1.3571428571428572,1.4285714285714286,1.3571428571428572,0
841,Borussia Mönchengladbach,SV Werder Bremen,4,1,1.5,1.6428571428571428,1.8571428571428572,1.8571428571428572,1
842,1. FC Union Berlin,SC Freiburg,0,0,1.0,1.0666666666666667,1.4,1.2666666666666666,0
843,SV Werder Bremen,Holstein Kiel,2,1,1.9333333333333333,2.4,1.0,2.066666666666667,1
844,1. FSV Mainz 05,Borussia Dortmund,3,1,0.9333333333333333,1.2666666666666666,2.0,1.5625,1
845,VfL Bochum 1848,Leverkusen,1,1,1.0,3.933333333333333,1.3125,1.625,0
846,FC St. Pauli 1910,Bayern Munich,0,1,0.8666666666666667,1.0,3.125,0.6875,2
847,RB Leipzig,Borussia Mönchengladbach,0,0,1.5625,1.5,2.066666666666667,1.4666666666666666,0
848,FC Augsburg,TSG 1899 Hoffenheim,0,0,1.4,2.0,1.2666666666666666,1.6666666666666667,0
849,VfB Stuttgart,Eintracht Frankfurt,2,3,1.0625,1.3125,2.7333333333333334,1.6,2
850,1. FC Heidenheim 1846,VfL Wolfsburg,1,3,1.0666666666666667,1.3333333333333333,1.4666666666666666,1.8,2
851,Bayern Munich,FC Augsburg,3,0,2.125,0.5625,1.1875,1.5,1
852,Leverkusen,1. FC Heidenheim 1846,5,2,1.0,1.5625,0.9375,1.4375,1
853,VfB Stuttgart,VfL Bochum 1848,2,0,1.125,1.5625,1.0,3.5,1
854,Borussia Dortmund,SC Freiburg,4,0,1.875,1.875,0.9375,1.0625,1
855,TSG 1899 Hoffenheim,RB Leipzig,4,3,0.8125,1.4375,1.125,1.25,1
856,VfL Wolfsburg,1. FC Union Berlin,1,0,1.6875,1.375,0.6875,1.0,1
857,Eintracht Frankfurt,SV Werder Bremen,1,0,3.0,1.625,1.6875,2.1875,1
858,Holstein Kiel,1. FSV Mainz 05,0,3,1.125,2.0625,1.4375,1.125,2
859,Borussia Mönchengladbach,FC St. Pauli 1910,2,0,1.5625,1.125,0.6875,0.875,1
860,FC St. Pauli 1910,Holstein Kiel,3,1,0.6875,1.125,0.875,2.1875,1
861,RB Leipzig,VfL Wolfsburg,1,5,1.1875,1.5625,1.75,1.1875,2
862,SV Werder Bremen,VfB Stuttgart,2,2,1.3125,2.0,1.25,2.0625,0
863,SC Freiburg,Borussia Mönchengladbach,3,1,0.625,1.375,1.6875,0.8125,1
864,FC Augsburg,VfL Bochum 1848,1,0,0.8125,1.8125,1.0,3.1875,1
865,1. FC Union Berlin,Leverkusen,1,2,0.5,1.0,2.5625,1.1875,2
866,Borussia Dortmund,Bayern Munich,1,1,2.5,1.3125,2.0,0.5,0
867,1. FSV Mainz 05,TSG 1899 Hoffenheim,2,0,1.8125,0.9375,1.375,1.875,1
868,1. FC Heidenheim 1846,Eintracht Frankfurt,0,4,1.1875,2.375,3.0625,1.375,2
869,VfB Stuttgart,1. FC Union Berlin,3,2,1.3125,2.0,0.625,1.0,1
870,Leverkusen,FC St. Pauli 1910,2,1,2.75,1.25,1.0,1.25,1
871,Bayern Munich,1. FC Heidenheim 1846,4,2,2.0625,0.625,0.9375,3.0,1
872,Eintracht Frankfurt,FC Augsburg,2,2,2.75,1.0625,0.875,1.4375,0
873,VfL Bochum 1848,SV Werder Bremen,0,1,0.75,2.375,1.5625,1.875,2
874,Holstein Kiel,RB Leipzig,0,2,0.9375,2.625,1.25,2.3125,2
875,Borussia Mönchengladbach,Borussia Dortmund,1,1,1.25,1.25,2.125,1.0625,0
876,VfL Wolfsburg,1. FSV Mainz 05,4,3,2.4375,1.25,2.0,0.75,1
877,TSG 1899 Hoffenheim,SC Freiburg,1,1,1.3125,1.8125,1.1875,1.4375,0
878,SC Freiburg,VfL Wolfsburg,3,2,1.25,1.5625,2.75,1.5625,1
879,1. FSV Mainz 05,Bayern Munich,2,1,2.125,1.25,2.8125,1.0,1
880,Borussia Mönchengladbach,Holstein Kiel,4,1,1.375,1.25,0.75,2.375,1
881,FC Augsburg,Leverkusen,0,2,1.0625,1.75,1.8125,1.0,2
882,FC St. Pauli 1910,SV Werder Bremen,0,2,1.125,1.3125,1.375,1.6875,2
883,1. FC Heidenheim 1846,VfB Stuttgart,1,3,1.0625,3.125,2.375,1.625,2
884,Borussia Dortmund,TSG 1899 Hoffenheim,1,1,1.625,1.625,1.4375,1.75,0
885,RB Leipzig,Eintracht Frankfurt,2,1,1.4375,2.25,2.625,1.125,1
886,Bayern Munich,RB Leipzig,5,1,2.8125,1.0,1.6875,1.75,1
887,VfB Stuttgart,FC St. Pauli 1910,0,1,2.625,1.5625,1.125,1.4375,2
888,Eintracht Frankfurt,1. FSV Mainz 05,1,3,2.5625,1.5,1.9375,1.3125,2
889,TSG 1899 Hoffenheim,Borussia Mönchengladbach,1,2,1.0625,1.4375,1.875,1.3125,2
890,SV Werder Bremen,1. FC Union Berlin,4,1,1.75,1.25,1.0,1.5625,1
891,Holstein Kiel,FC Augsburg,5,1,0.8125,2.625,0.9375,1.5625,1
892,Leverkusen,SC Freiburg,5,1,1.875,0.8125,1.625,1.4375,1
893,VfL Bochum 1848,1. FC Heidenheim 1846,2,0,0.5625,2.3125,1.0,2.875,1
894,VfL Wolfsburg,Borussia Dortmund,1,3,2.8125,1.875,1.5625,1.375,2
895,Borussia Dortmund,Leverkusen,2,3,1.9375,1.3125,2.4375,0.75,2
896,TSG 1899 Hoffenheim,VfL Wolfsburg,0,1,1.0625,1.3125,2.25,2.1875,2
897,1. FC Heidenheim 1846,1. FC Union Berlin,2,0,0.875,2.75,1.0625,2.125,1
898,SC Freiburg,Holstein Kiel,3,2,1.4375,2.0625,1.5,2.1875,1
899,1. FSV Mainz 05,VfL Bochum 1848,2,0,2.25,1.375,0.8125,1.9375,1
900,FC St. Pauli 1910,Eintracht Frankfurt,0,1,0.75,1.3125,2.0,1.9375,2
901,Borussia Mönchengladbach,Bayern Munich,0,1,2.0625,1.125,2.9375,0.9375,2
902,RB Leipzig,SV Werder Bremen,4,2,1.4375,2.625,2.0,1.0,1
903,FC Augsburg,VfB Stuttgart,0,1,1.0,2.25,2.125,1.4375,2
904,Holstein Kiel,Borussia Dortmund,4,2,1.75,2.375,1.9375,1.4375,1
905,Leverkusen,1. FSV Mainz 05,1,0,2.875,1.125,2.0625,0.875,1
906,Eintracht Frankfurt,SC Freiburg,4,1,1.75,1.5,1.8125,2.3125,1
907,VfL Wolfsburg,Borussia Mönchengladbach,5,1,1.75,1.75,1.875,1.0625,1
908,VfL Bochum 1848,FC St. Pauli 1910,1,0,0.6875,1.9375,0.625,1.0625,1
909,VfB Stuttgart,RB Leipzig,2,1,1.6875,1.3125,1.875,2.5,1
910,Bayern Munich,TSG 1899 Hoffenheim,5,0,2.3125,0.8125,0.875,1.3125,1
911,SV Werder Bremen,1. FC Heidenheim 1846,3,3,2.25,1.6875,1.0,2.1875,0
912,1. FC Union Berlin,FC Augsburg,0,2,0.9375,2.1875,0.625,2.125,2
913,Eintracht Frankfurt,Borussia Dortmund,2,0,2.3125,1.3125,2.125,2.0625,1
914,VfB Stuttgart,SC Freiburg,4,0,1.6875,1.25,1.4375,2.75,1
915,Bayern Munich,VfL Wolfsburg,3,2,3.0625,0.5625,2.3125,1.3125,1
916,1. FC Heidenheim 1846,FC St. Pauli 1910,0,2,1.3125,2.1875,0.5625,0.875,2
917,VfL Bochum 1848,RB Leipzig,3,3,0.8125,1.625,1.75,2.5625,0
918,Holstein Kiel,TSG 1899 Hoffenheim,1,3,2.375,2.125,0.5625,2.0625,2
919,Leverkusen,Borussia Mönchengladbach,3,1,2.8125,0.875,1.375,1.75,1
920,1. FC Union Berlin,1. FSV Mainz 05,2,1,0.5625,2.125,1.8125,0.8125,1
921,SV Werder Bremen,FC Augsburg,0,2,2.3125,2.125,0.9375,1.6875,2
922,VfL Wolfsburg,Holstein Kiel,2,2,2.5625,1.5,1.875,2.4375,0
923,RB Leipzig,Leverkusen,2,2,1.875,2.1875,2.1875,0.875,0
924,1. FSV Mainz 05,VfB Stuttgart,2,0,1.5625,1.0,2.625,1.125,1
925,SC Freiburg,Bayern Munich,1,2,1.25,2.6875,2.625,1.375,2
926,FC Augsburg,1. FC Heidenheim 1846,2,1,1.0625,1.0,1.3125,2.3125,1
927,Borussia Dortmund,SV Werder Bremen,2,2,1.375,2.125,1.6875,2.25,0
928,Borussia Mönchengladbach,VfL Bochum 1848,3,0,1.25,2.125,1.0625,2.0,1
929,TSG 1899 Hoffenheim,Eintracht Frankfurt,2,2,1.0,2.0,2.5,0.875,0
930,FC St. Pauli 1910,1. FC Union Berlin,3,0,0.8125,0.875,0.6875,1.8125,1
931,SV Werder Bremen,1. FSV Mainz 05,1,0,1.75,1.875,1.6875,1.0,1
932,1. FC Heidenheim 1846,Borussia Dortmund,1,2,1.25,2.625,1.8125,1.875,2
933,VfL Bochum 1848,SC Freiburg,0,1,1.0625,2.0,1.0625,2.8125,2
934,FC St. Pauli 1910,FC Augsburg,1,1,1.25,0.75,1.375,1.0,0
935,VfB Stuttgart,Borussia Mönchengladbach,1,2,1.875,1.6875,1.5625,1.9375,2
936,Bayern Munich,Holstein Kiel,4,3,2.4375,1.4375,1.9375,2.4375,1
937,1. FC Union Berlin,RB Leipzig,0,0,0.625,2.0625,1.6875,1.75,0
938,Eintracht Frankfurt,VfL Wolfsburg,1,1,2.3125,1.125,2.75,1.8125,0
939,Leverkusen,TSG 1899 Hoffenheim,3,1,2.0,1.0625,1.375,2.125,1
940,Bayern Munich,SV Werder Bremen,3,0,2.9375,1.5,1.4375,1.4375,1
941,VfL Wolfsburg,Leverkusen,0,0,2.125,1.8125,2.3125,0.9375,0
942,Borussia Dortmund,VfB Stuttgart,1,2,2.0,1.75,1.5,1.8125,2
943,SC Freiburg,1. FC Heidenheim 1846,1,0,1.125,2.3125,1.0,2.4375,1
944,1. FSV Mainz 05,FC Augsburg,0,0,1.5,1.0,1.3125,1.1875,0
945,TSG 1899 Hoffenheim,1. FC Union Berlin,0,4,1.5625,2.0625,0.625,1.625,2
946,Borussia Mönchengladbach,Eintracht Frankfurt,1,1,1.8125,1.5,1.8125,1.0625,0
947,Holstein Kiel,VfL Bochum 1848,2,2,1.9375,2.8125,0.8125,1.75,0
948,RB Leipzig,FC St. Pauli 1910,2,0,1.3125,1.625,1.4375,0.75,1
949,FC Augsburg,RB Leipzig,0,0,1.0625,1.0,1.3125,1.1875,0
950,VfL Bochum 1848,Borussia Dortmund,2,0,0.75,1.6875,1.9375,1.5,1
951,FC St. Pauli 1910,SC Freiburg,0,1,1.1875,1.0,1.3125,1.5625,2
952,VfB Stuttgart,VfL Wolfsburg,1,2,1.5625,1.6875,1.8125,1.4375,2
953,1. FC Union Berlin,Borussia Mönchengladbach,1,2,1.125,1.5,1.75,1.3125,2
954,Leverkusen,Bayern Munich,0,0,2.0,0.6875,2.875,1.25,0
955,SV Werder Bremen,TSG 1899 Hoffenheim,1,3,1.4375,1.6875,0.9375,2.5,2
956,Eintracht Frankfurt,Holstein Kiel,3,1,1.6875,1.25,2.1875,2.625,1
957,1. FC Heidenheim 1846,1. FSV Mainz 05,0,2,0.875,2.0625,1.1875,0.75,2
958,SC Freiburg,SV Werder Bremen,5,0,1.1875,1.25,1.25,1.875,1
959,Holstein Kiel,Leverkusen,0,2,2.0625,2.75,1.625,0.6875,2
960,Borussia Mönchengladbach,FC Augsburg,0,3,1.6875,1.3125,0.75,0.875,2
961,VfL Wolfsburg,VfL Bochum 1848,1,1,1.625,1.3125,1.125,1.1875,0
962,1. FSV Mainz 05,FC St. Pauli 1910,2,0,1.1875,0.75,0.625,1.125,1
963,Borussia Dortmund,1. FC Union Berlin,6,0,1.25,1.25,1.3125,1.4375,1
964,RB Leipzig,1. FC Heidenheim 1846,2,2,1.1875,1.0,0.75,1.9375,0
965,Bayern Munich,Eintracht Frankfurt,4,0,1.8125,1.0,1.75,1.1875,1
966,TSG 1899 Hoffenheim,VfB Stuttgart,1,1,1.25,2.3125,1.4375,1.5,0
967,VfB Stuttgart,Bayern Munich,1,3,1.5,1.375,2.0,0.875,2
968,FC St. Pauli 1910,Borussia Dortmund,0,2,0.4375,1.25,1.875,1.0,2
969,VfL Bochum 1848,TSG 1899 Hoffenheim,0,1,1.3125,1.1875,1.25,2.0625,2
970,SV Werder Bremen,VfL Wolfsburg,1,2,1.0625,2.8125,1.4375,1.1875,2
971,RB Leipzig,1. FSV Mainz 05,1,2,1.5,1.0625,1.375,0.375,2
972,1. FC Heidenheim 1846,Borussia Mönchengladbach,0,3,0.875,1.8125,1.375,1.6875,2
973,Eintracht Frankfurt,Leverkusen,1,4,1.5,1.6875,1.3125,0.5,2
974,1. FC Union Berlin,Holstein Kiel,0,1,1.25,2.4375,1.6875,2.5,2
975,FC Augsburg,SC Freiburg,0,0,1.0625,0.625,1.9375,1.1875,0
976,Borussia Mönchengladbach,1. FSV Mainz 05,1,3,1.5625,1.5,1.625,0.5,2
977,Holstein Kiel,VfB Stuttgart,2,2,1.5625,2.0,1.375,1.8125,0
978,Leverkusen,SV Werder Bremen,0,2,1.8125,1.125,1.125,2.8125,2
979,Borussia Dortmund,FC Augsburg,0,1,2.375,0.6875,1.0625,0.5,2
980,Bayern Munich,VfL Bochum 1848,2,3,2.8125,0.625,1.0625,1.0625,2
981,VfL Wolfsburg,FC St. Pauli 1910,1,1,1.6875,1.1875,0.4375,1.25,0
982,SC Freiburg,RB Leipzig,0,0,1.625,1.0625,1.1875,1.3125,0
983,Eintracht Frankfurt,1. FC Union Berlin,1,2,1.5,2.1875,0.625,2.4375,2
984,TSG 1899 Hoffenheim,1. FC Heidenheim 1846,1,1,1.375,1.5,0.8125,2.0625,0
985,FC St. Pauli 1910,TSG 1899 Hoffenheim,1,0,0.5625,1.3125,1.125,1.4375,1
986,1. FC Union Berlin,Bayern Munich,1,1,0.8125,2.125,2.375,0.9375,0
987,1. FSV Mainz 05,SC Freiburg,2,2,1.75,0.625,1.4375,0.75,0
988,FC Augsburg,VfL Wolfsburg,1,0,1.1875,0.1875,1.5625,1.0625,1
989,SV Werder Bremen,Borussia Mönchengladbach,2,4,1.125,2.375,1.375,1.875,2
990,RB Leipzig,Borussia Dortmund,2,0,1.125,1.1875,1.4375,0.875,1
991,VfL Bochum 1848,Eintracht Frankfurt,1,3,1.25,1.4375,1.25,2.25,2
992,1. FC Heidenheim 1846,Holstein Kiel,3,1,1.0,1.875,1.5,1.9375,1
993,VfB Stuttgart,Leverkusen,3,4,1.5,1.875,0.8125,1.5625,2
994,Leverkusen,VfL Bochum 1848,3,1,1.4375,1.625,1.3125,1.75,1
995,Borussia Mönchengladbach,RB Leipzig,1,0,2.125,1.8125,1.0625,0.75,1
996,VfL Wolfsburg,1. FC Heidenheim 1846,0,1,1.375,1.125,1.1875,1.8125,2
997,Holstein Kiel,SV Werder Bremen,0,3,1.5625,2.0625,1.375,2.25,2
998,TSG 1899 Hoffenheim,FC Augsburg,1,1,1.0,1.4375,1.0,0.125,0
999,Bayern Munich,FC St. Pauli 1910,3,2,1.9375,0.9375,0.75,1.0,1
1000,Eintracht Frankfurt,VfB Stuttgart,1,0,1.75,1.9375,1.6875,2.5,1
1001,SC Freiburg,1. FC Union Berlin,1,2,1.0,1.0,1.0,1.4375,2
1002,Borussia Dortmund,1. FSV Mainz 05,3,1,1.1875,1.0625,1.75,1.0,1
1003,FC Augsburg,Bayern Munich,1,3,1.0625,0.3125,2.0625,0.9375,2
1004,1. FC Heidenheim 1846,Leverkusen,0,1,1.1875,1.25,1.875,1.5625,2
1005,VfL Bochum 1848,VfB Stuttgart,0,4,1.4375,2.1875,1.375,2.25,2
1006,SC Freiburg,Borussia Dortmund,1,4,1.125,1.125,1.6875,1.0,2
1007,RB Leipzig,TSG 1899 Hoffenheim,3,1,0.8125,0.625,1.0625,1.3125,1
1008,1. FSV Mainz 05,Holstein Kiel,1,1,1.6875,1.375,1.1875,2.5,0
1009,SV Werder Bremen,Eintracht Frankfurt,2,0,1.625,1.8125,1.5625,1.375,1
1010,FC St. Pauli 1910,Borussia Mönchengladbach,1,1,1.125,1.25,1.875,1.5,0
1011,1. FC Union Berlin,VfL Wolfsburg,1,0,1.375,1.375,0.8125,1.125,1
1012,VfL Wolfsburg,RB Leipzig,2,3,0.5625,1.0,1.25,0.6875,2
1013,Borussia Mönchengladbach,SC Freiburg,1,2,1.875,1.125,1.3125,1.625,2
1014,VfL Bochum 1848,FC Augsburg,1,2,0.875,2.5,1.0,0.875,2
1015,TSG 1899 Hoffenheim,1. FSV Mainz 05,2,0,0.9375,1.6875,1.4375,1.3125,1
1016,Leverkusen,1. FC Union Berlin,0,0,1.875,1.25,1.1875,1.1875,0
1017,Holstein Kiel,FC St. Pauli 1910,1,2,1.0625,2.25,1.0625,1.3125,2
1018,Bayern Munich,Borussia Dortmund,2,2,2.3125,1.3125,2.0,1.4375,0
1019,VfB Stuttgart,SV Werder Bremen,1,2,1.875,1.875,1.75,1.6875,2
1020,Eintracht Frankfurt,1. FC Heidenheim 1846,3,0,1.3125,1.5,1.0625,1.1875,1
1021,1. FC Heidenheim 1846,Bayern Munich,0,4,0.625,1.5,2.0,1.625,2
1022,SC Freiburg,TSG 1899 Hoffenheim,3,2,1.375,1.4375,1.1875,1.4375,1
1023,1. FSV Mainz 05,VfL Wolfsburg,2,2,1.0625,1.4375,0.8125,1.3125,0
1024,SV Werder Bremen,VfL Bochum 1848,1,0,1.75,1.25,0.9375,2.3125,1
1025,RB Leipzig,Holstein Kiel,1,1,1.5625,1.0,1.0,2.125,0
1026,1. FC Union Berlin,VfB Stuttgart,4,4,1.0625,0.875,1.625,1.5,0
1027,FC Augsburg,Eintracht Frankfurt,0,0,1.125,1.0,1.375,1.25,0
1028,Borussia Dortmund,Borussia Mönchengladbach,3,2,1.6875,1.75,1.375,1.25,1
1029,FC St. Pauli 1910,Leverkusen,1,1,1.125,1.5,1.375,0.875,0
1030,VfB Stuttgart,1. FC Heidenheim 1846,0,1,2.3125,2.0,0.4375,2.125,2
1031,TSG 1899 Hoffenheim,Borussia Dortmund,2,3,1.375,1.6875,2.125,1.625,2
1032,VfL Wolfsburg,SC Freiburg,0,1,1.125,1.5,1.75,1.5625,2
1033,Bayern Munich,1. FSV Mainz 05,3,0,2.4375,1.3125,1.3125,1.375,1
1034,Holstein Kiel,Borussia Mönchengladbach,4,3,1.0,1.6875,1.5,1.75,1
1035,Leverkusen,FC Augsburg,2,0,1.1875,0.9375,0.9375,0.8125,1
1036,Eintracht Frankfurt,RB Leipzig,4,0,1.1875,1.1875,1.75,1.0625,1
1037,VfL Bochum 1848,1. FC Union Berlin,1,1,0.8125,2.0625,1.5625,1.5,0
1038,SV Werder Bremen,FC St. Pauli 1910,0,0,1.5,1.25,1.0,1.25,0
1039,1. FC Heidenheim 1846,VfL Bochum 1848,0,0,0.625,1.9375,0.875,1.625,0
1040,FC St. Pauli 1910,VfB Stuttgart,0,1,0.875,1.0,1.6875,2.125,2
1041,RB Leipzig,Bayern Munich,3,3,1.25,1.6875,2.5625,1.0625,0
1042,Borussia Mönchengladbach,TSG 1899 Hoffenheim,4,4,1.875,2.3125,1.625,1.625,0
1043,1. FC Union Berlin,SV Werder Bremen,2,2,1.375,1.6875,1.25,1.0625,0
1044,Borussia Dortmund,VfL Wolfsburg,4,0,2.375,1.6875,1.125,1.5625,1
1045,FC Augsburg,Holstein Kiel,1,3,0.8125,0.8125,1.5,2.0,2
1046,SC Freiburg,Leverkusen,2,2,1.75,1.0625,1.3125,0.9375,0
1047,1. FSV Mainz 05,Eintracht Frankfurt,1,1,1.1875,1.8125,1.875,0.875,0
1048,VfL Wolfsburg,TSG 1899 Hoffenheim,2,2,0.75,1.875,1.9375,2.3125,0
1049,SV Werder Bremen,RB Leipzig,0,0,1.3125,1.125,1.4375,2.0,0
1050,1. FC Union Berlin,1. FC Heidenheim 1846,0,3,1.6875,1.9375,0.625,1.4375,2
1051,Holstein Kiel,SC Freiburg,1,2,1.875,1.75,1.8125,1.3125,2
1052,VfL Bochum 1848,1. FSV Mainz 05,1,4,0.625,1.375,1.25,1.75,2
1053,Bayern Munich,Borussia Mönchengladbach,2,0,2.75,1.1875,2.375,2.75,1
1054,Leverkusen,Borussia Dortmund,2,4,1.4375,1.25,2.75,1.5,2
1055,Eintracht Frankfurt,FC St. Pauli 1910,2,2,1.5,1.0,0.625,1.0,0
1056,VfB Stuttgart,FC Augsburg,4,0,1.6875,1.75,0.75,1.25,1
1057,1. FSV Mainz 05,Leverkusen,2,2,1.625,1.6875,1.6875,1.6875,0
1058,RB Leipzig,VfB Stuttgart,2,3,1.1875,1.75,1.875,1.1875,2
1059,TSG 1899 Hoffenheim,Bayern Munich,0,4,2.0,2.25,2.5,1.1875,2
1060,SC Freiburg,Eintracht Frankfurt,1,3,1.5,1.25,1.875,1.125,2
1061,1. FC Heidenheim 1846,SV Werder Bremen,1,4,1.0625,0.8125,1.1875,0.8125,2
1062,Borussia Mönchengladbach,VfL Wolfsburg,0,1,2.125,2.5625,0.8125,1.9375,2
1063,FC Augsburg,1. FC Union Berlin,1,2,0.5625,2.0,1.1875,1.625,2
1064,FC St. Pauli 1910,VfL Bochum 1848,0,2,0.875,1.125,0.75,1.9375,2
1065,Borussia Dortmund,Holstein Kiel,3,0,3.0,1.5625,1.9375,1.875,1
1066,Bayern Munich,RB Leipzig,6,0,2.8125,1.125,1.5,1.6875,1
1067,Eintracht Frankfurt,SV Werder Bremen,4,1,1.875,1.0625,1.875,0.875,1
1068,Leverkusen,TSG 1899 Hoffenheim,1,2,1.8125,1.9375,1.6875,2.625,2
1069,SC Freiburg,FC Augsburg,1,3,1.5625,1.8125,0.75,2.125,2
1070,1. FC Union Berlin,VfB Stuttgart,2,1,1.4375,1.625,2.375,1.25,1
1071,1. FC Heidenheim 1846,VfL Wolfsburg,1,3,1.125,1.375,0.875,1.75,2
1072,FC St. Pauli 1910,Borussia Dortmund,3,3,0.875,1.375,3.1875,1.1875,0
1075,Hamburger,FC St. Pauli 1910,0,2,0.0,0.0,1.375,1.75,2
1076,RB Leipzig,1. FC Heidenheim 1846,2,0,1.125,2.4375,1.25,1.875,1
1077,SV Werder Bremen,Leverkusen,3,3,1.6875,1.375,1.75,1.9375,0
1078,VfB Stuttgart,Borussia Mönchengladbach,1,0,2.3125,1.5,1.0,1.5625,1
1079,TSG 1899 Hoffenheim,Eintracht Frankfurt,1,3,1.5,2.25,2.4375,1.0,2
1080,FC Augsburg,Bayern Munich,2,3,1.125,1.9375,3.375,0.625,2
1081,VfL Wolfsburg,1. FSV Mainz 05,1,1,1.375,1.375,1.5625,1.625,0
1082,Borussia Dortmund,1. FC Union Berlin,3,0,3.0625,1.6875,1.4375,1.5,1
1083,1. FC Köln,SC Freiburg,4,1,1.0,0.0,1.5,2.125,1
1084,Leverkusen,Eintracht Frankfurt,3,1,1.8125,1.8125,2.5625,0.875,1
1085,SC Freiburg,VfB Stuttgart,3,1,1.3125,2.625,1.8125,1.25,1
1086,1. FSV Mainz 05,RB Leipzig,0,1,1.125,1.5625,1.375,2.4375,2
1087,VfL Wolfsburg,1. FC Köln,3,3,1.3125,1.25,2.5,0.5,0
1088,1. FC Union Berlin,TSG 1899 Hoffenheim,2,4,1.375,1.625,1.4375,2.5,2
1089,1. FC Heidenheim 1846,Borussia Dortmund,0,2,0.6875,2.1875,2.875,1.375,2
1090,Bayern Munich,Hamburger,5,0,3.5,0.9375,0.0,1.0,1
1091,FC St. Pauli 1910,FC Augsburg,2,1,1.4375,1.5,1.4375,2.0,1
1092,Borussia Mönchengladbach,SV Werder Bremen,0,4,0.75,1.375,2.125,1.6875,2
1093,VfB Stuttgart,FC St. Pauli 1910,2,0,1.625,1.5,1.6875,1.25,1
1094,SV Werder Bremen,SC Freiburg,0,3,2.1875,1.5625,1.6875,2.3125,2
1095,FC Augsburg,1. FSV Mainz 05,1,4,1.4375,2.0625,0.8125,1.3125,2
1096,TSG 1899 Hoffenheim,Bayern Munich,1,4,2.125,2.3125,3.5625,0.875,2
1097,Hamburger,1. FC Heidenheim 1846,2,1,0.0,2.3333333333333335,0.5,2.0625,1
1098,RB Leipzig,1. FC Köln,3,1,1.3125,2.0,2.6666666666666665,1.3333333333333333,1
1099,Eintracht Frankfurt,1. FC Union Berlin,3,4,2.75,1.25,1.375,2.1875,2
1100,Leverkusen,Borussia Mönchengladbach,1,1,2.125,1.8125,0.6875,2.0,0
1101,Borussia Dortmund,VfL Wolfsburg,1,0,3.125,1.375,1.75,1.75,1
1102,Bayern Munich,SV Werder Bremen,4,0,3.8125,0.6875,1.9375,1.625,1
1103,1. FSV Mainz 05,Borussia Dortmund,0,2,1.5,1.3125,2.75,1.3125,2
1104,VfL Wolfsburg,RB Leipzig,0,1,1.375,1.75,1.6875,1.375,2
1105,FC St. Pauli 1910,Leverkusen,1,2,1.25,1.1875,1.9375,1.625,2
1106,1. FC Heidenheim 1846,FC Augsburg,2,1,0.5625,2.0,1.1875,2.5,1
1107,Borussia Mönchengladbach,Eintracht Frankfurt,4,6,0.8125,2.125,2.75,1.875,2
1108,SC Freiburg,TSG 1899 Hoffenheim,1,1,2.0625,1.6875,2.0,2.75,0
1109,1. FC Köln,VfB Stuttgart,1,2,2.5,2.1,1.625,1.25,2
1110,1. FC Union Berlin,Hamburger,0,0,1.8125,2.625,0.6,2.4,0
1111,TSG 1899 Hoffenheim,1. FC Köln,0,1,1.9375,2.5625,1.8181818181818181,2.272727272727273,2
1112,Leverkusen,1. FC Union Berlin,2,0,1.6875,1.5625,1.8125,2.25,1
1113,Borussia Dortmund,RB Leipzig,1,1,2.75,0.75,1.4375,1.25,0
1114,SV Werder Bremen,FC St. Pauli 1910,1,0,1.4375,1.9375,1.0625,1.5,1
1115,FC Augsburg,VfL Wolfsburg,3,1,1.0,2.4375,1.125,1.625,1
1116,Eintracht Frankfurt,Bayern Munich,0,3,3.0625,3.0625,4.0625,0.75,2
1117,VfB Stuttgart,1. FC Heidenheim 1846,1,0,1.8125,1.3125,0.9375,1.75,1
1118,Hamburger,1. FSV Mainz 05,4,0,0.5454545454545454,1.8181818181818181,1.375,1.4375,1
1119,Borussia Mönchengladbach,SC Freiburg,0,0,1.5,3.0,2.0,1.3125,0
1120,1. FC Union Berlin,Borussia Mönchengladbach,3,1,1.3125,1.875,1.375,2.3125,1
1121,1. FSV Mainz 05,Leverkusen,3,4,1.25,1.9375,1.8125,1.3125,2
1122,RB Leipzig,Hamburger,2,1,1.4375,1.375,1.5,0.8333333333333334,1
1123,VfL Wolfsburg,VfB Stuttgart,0,3,0.8125,1.6875,1.625,0.6875,2
1124,1. FC Heidenheim 1846,SV Werder Bremen,2,2,0.9375,1.4375,1.0625,1.9375,0
1125,1. FC Köln,FC Augsburg,1,1,1.4166666666666667,1.5833333333333333,1.4375,2.375,0
1126,Bayern Munich,Borussia Dortmund,2,1,3.9375,0.4375,2.5625,0.9375,1
1127,SC Freiburg,Eintracht Frankfurt,2,2,1.4375,1.0625,2.625,3.0625,0
1128,FC St. Pauli 1910,TSG 1899 Hoffenheim,0,3,0.75,1.5,1.3125,2.3125,2
1129,SV Werder Bremen,1. FC Union Berlin,1,0,1.4375,1.9375,1.3125,1.625,1
1130,Eintracht Frankfurt,FC St. Pauli 1910,2,0,2.0,3.0625,0.75,1.8125,1
1131,FC Augsburg,RB Leipzig,0,6,1.5,1.9375,1.4375,1.1875,2
1132,TSG 1899 Hoffenheim,1. FC Heidenheim 1846,3,1,1.625,1.625,1.125,1.5625,1
1133,Hamburger,VfL Wolfsburg,0,1,1.3076923076923077,1.0769230769230769,0.8125,2.0625,2
1134,Borussia Mönchengladbach,Bayern Munich,0,3,1.25,2.5,3.5625,0.5,2
1135,Borussia Dortmund,1. FC Köln,1,0,2.3125,1.4375,1.3846153846153846,1.2307692307692308,1
1136,Leverkusen,SC Freiburg,2,0,2.3125,2.5625,1.375,1.4375,1
1137,VfB Stuttgart,1. FSV Mainz 05,2,1,1.9375,0.625,1.3125,2.375,1
1138,FC Augsburg,Borussia Dortmund,0,1,1.3125,2.625,2.1875,1.125,2
1139,1. FSV Mainz 05,SV Werder Bremen,1,1,1.4375,2.4375,1.5,1.3125,0
1140,RB Leipzig,VfB Stuttgart,3,1,2.25,1.0,2.0,0.6875,1
1141,1. FC Union Berlin,SC Freiburg,0,0,1.1875,1.6875,1.125,1.5625,0
1142,FC St. Pauli 1910,Borussia Mönchengladbach,0,4,0.625,1.875,0.5,2.0625,2
1143,1. FC Heidenheim 1846,Eintracht Frankfurt,1,1,1.0625,2.0,2.125,2.625,0
1144,Bayern Munich,Leverkusen,3,0,3.375,0.5,2.375,2.4375,1
1145,1. FC Köln,Hamburger,4,1,1.1428571428571428,1.0714285714285714,1.2142857142857142,1.2142857142857142,1
1146,VfL Wolfsburg,TSG 1899 Hoffenheim,2,3,1.0,1.6875,1.8125,1.4375,2
1147,SV Werder Bremen,VfL Wolfsburg,2,1,1.5625,1.5,1.125,1.75,1
1148,Leverkusen,1. FC Heidenheim 1846,6,0,1.4375,1.5,1.0625,2.0625,1
1149,1. FC Union Berlin,Bayern Munich,2,2,1.1875,1.25,3.0625,0.4375,0
1150,TSG 1899 Hoffenheim,RB Leipzig,3,1,2.25,1.5625,2.6875,1.0625,1
1151,Hamburger,Borussia Dortmund,1,1,0.8,1.9333333333333333,1.625,1.375,0
1152,Borussia Mönchengladbach,1. FC Köln,3,1,1.25,1.9375,1.7333333333333334,1.2,1
1153,SC Freiburg,FC St. Pauli 1910,2,1,1.0,1.5,0.5,2.375,1
1154,VfB Stuttgart,FC Augsburg,3,2,1.8125,1.25,0.9375,2.4375,1
1155,Eintracht Frankfurt,1. FSV Mainz 05,1,0,1.6875,1.6875,1.375,2.0625,1
1156,1. FSV Mainz 05,TSG 1899 Hoffenheim,1,1,0.875,1.625,2.4375,1.5,0
1157,Bayern Munich,SC Freiburg,6,2,2.875,0.75,1.0625,1.25,1
1158,Borussia Dortmund,VfB Stuttgart,3,3,1.4375,1.3125,1.8125,1.5,0
1159,VfL Wolfsburg,Leverkusen,1,3,1.25,1.75,2.1875,1.375,2
1160,FC Augsburg,Hamburger,1,0,1.125,2.75,0.8125,1.75,1
1161,1. FC Heidenheim 1846,Borussia Mönchengladbach,0,3,0.75,2.6875,1.6875,1.6875,2
1162,1. FC Köln,Eintracht Frankfurt,3,4,1.6875,1.5625,1.3125,1.625,2
1163,RB Leipzig,SV Werder Bremen,2,0,2.5,1.3125,1.4375,1.375,1
1164,FC St. Pauli 1910,1. FC Union Berlin,0,1,0.6875,2.25,1.0625,1.4375,2
1165,Borussia Mönchengladbach,RB Leipzig,0,0,2.25,1.3125,2.125,0.9375,0
1166,Bayern Munich,FC St. Pauli 1910,3,1,3.0625,1.5,0.5,2.0,1
1167,SV Werder Bremen,1. FC Köln,1,1,1.25,1.5,2.1875,2.1875,0
1168,1. FC Union Berlin,1. FC Heidenheim 1846,1,2,1.125,1.25,0.5625,2.6875,2
1169,TSG 1899 Hoffenheim,FC Augsburg,3,0,2.125,1.5,1.125,1.9375,1
1170,Leverkusen,Borussia Dortmund,1,2,2.8125,1.0625,2.3125,1.375,2
1171,Hamburger,VfB Stuttgart,2,1,0.8125,1.8125,2.0625,1.8125,1
1172,Eintracht Frankfurt,VfL Wolfsburg,1,1,1.375,2.125,1.125,2.25,0
1173,SC Freiburg,1. FSV Mainz 05,4,0,1.375,1.9375,0.9375,1.5,1
1174,1. FSV Mainz 05,Borussia Mönchengladbach,0,1,0.75,2.0625,1.75,1.25,2
1175,VfB Stuttgart,Bayern Munich,0,5,2.0625,1.8125,3.0625,1.375,2
1176,VfL Wolfsburg,1. FC Union Berlin,3,1,1.0,2.0,1.3125,1.4375,1
1177,1. FC Heidenheim 1846,SC Freiburg,2,1,0.8125,2.625,2.0625,1.6875,1
1178,1. FC Köln,FC St. Pauli 1910,1,1,1.625,2.1875,0.5625,2.0625,0
1179,FC Augsburg,Leverkusen,2,0,1.0,2.1875,2.1875,1.375,1
1180,RB Leipzig,Eintracht Frankfurt,6,0,1.625,0.8125,1.375,2.0,1
1181,Hamburger,SV Werder Bremen,3,2,1.0625,1.375,1.125,1.375,1
1182,Borussia Dortmund,TSG 1899 Hoffenheim,2,0,2.3125,1.375,2.25,1.0625,1
1183,1. FC Union Berlin,RB Leipzig,3,1,1.125,1.5,2.5625,0.4375,1
1184,Eintracht Frankfurt,FC Augsburg,1,0,0.9375,2.4375,1.0625,1.6875,1
1185,Borussia Mönchengladbach,VfL Wolfsburg,1,3,1.5625,0.875,1.25,1.75,2
1186,FC St. Pauli 1910,1. FC Heidenheim 1846,2,1,0.5,1.9375,1.1875,1.9375,1
1187,TSG 1899 Hoffenheim,Hamburger,4,1,1.625,1.1875,1.5,1.3125,1
1188,Leverkusen,1. FC Köln,2,0,1.5625,1.8125,1.5,1.8125,1
1189,SC Freiburg,Borussia Dortmund,1,1,1.8125,1.875,2.0625,1.1875,0
1190,Bayern Munich,1. FSV Mainz 05,2,2,3.375,0.875,0.75,2.0625,0
1191,SV Werder Bremen,VfB Stuttgart,0,4,1.0,1.8125,1.625,2.3125,2
1192,Borussia Dortmund,Borussia Mönchengladbach,2,0,1.75,1.125,1.3125,1.375,1
1193,VfB Stuttgart,TSG 1899 Hoffenheim,0,0,1.875,1.9375,2.1875,1.0,0
1194,VfL Wolfsburg,SC Freiburg,3,4,1.6875,1.5,1.5625,1.3125,2
1195,FC Augsburg,SV Werder Bremen,0,0,0.875,1.625,1.0,2.125,0
1196,1. FC Köln,1. FC Union Berlin,0,1,1.0625,1.5,1.3125,1.5,2
1197,Hamburger,Eintracht Frankfurt,1,1,1.5625,1.875,0.9375,2.0,0
1198,RB Leipzig,Leverkusen,1,3,2.3125,0.9375,1.6875,1.125,2
1199,1. FSV Mainz 05,FC St. Pauli 1910,0,0,0.75,2.25,0.875,1.875,0
1200,1. FC Heidenheim 1846,Bayern Munich,0,4,1.3125,1.8125,3.125,1.125,2
1201,Eintracht Frankfurt,Borussia Dortmund,3,3,1.0,1.4375,1.8125,1.125,0
1202,SC Freiburg,Hamburger,2,1,1.75,1.8125,1.5,1.9375,1
1203,1. FC Union Berlin,1. FSV Mainz 05,2,2,1.375,1.25,0.75,1.625,0
1204,1. FC Heidenheim 1846,1. FC Köln,2,2,0.9375,2.375,0.875,1.4375,0
1205,Leverkusen,VfB Stuttgart,1,4,2.125,1.0625,1.625,1.625,2
1206,Borussia Mönchengladbach,FC Augsburg,4,0,1.0625,1.375,0.8125,1.125,1
1207,Bayern Munich,VfL Wolfsburg,8,1,3.0625,1.125,2.125,2.0625,1
1208,VfB Stuttgart,Eintracht Frankfurt,3,2,2.3125,1.1875,1.375,1.6875,1
1209,Borussia Dortmund,SV Werder Bremen,3,0,2.0625,1.4375,0.875,1.75,1
1210,1. FSV Mainz 05,1. FC Heidenheim 1846,2,1,1.125,1.625,1.0625,2.5625,1
1211,VfL Wolfsburg,FC St. Pauli 1910,2,1,1.875,3.25,0.6875,1.375,1
1212,RB Leipzig,SC Freiburg,2,0,2.4375,1.5,2.0,1.75,1
1213,TSG 1899 Hoffenheim,Borussia Mönchengladbach,5,1,1.75,0.9375,1.6875,1.375,1
1214,1. FC Köln,Bayern Munich,1,3,1.0625,1.6875,4.0,1.1875,2
1215,FC Augsburg,1. FC Union Berlin,1,1,0.375,1.8125,1.625,1.125,0
1216,SV Werder Bremen,Eintracht Frankfurt,3,3,0.5625,1.9375,1.625,2.25,0
1217,TSG 1899 Hoffenheim,Leverkusen,1,0,2.6875,0.8125,2.0625,1.375,1
1218,1. FC Köln,1. FSV Mainz 05,2,1,1.1875,1.9375,1.0625,1.3125,1
1219,Hamburger,Borussia Mönchengladbach,0,0,1.0625,2.0625,1.6875,1.75,0
1220,Borussia Dortmund,FC St. Pauli 1910,3,2,2.4375,1.0625,0.75,1.5625,1
1221,VfL Wolfsburg,1. FC Heidenheim 1846,1,1,1.875,3.125,1.0,2.5625,0
1222,RB Leipzig,Bayern Munich,1,5,2.0,1.4375,4.1875,1.0625,2
1223,VfB Stuttgart,1. FC Union Berlin,1,1,2.1875,1.5625,1.25,1.125,0
1224,FC Augsburg,SC Freiburg,2,2,0.5,1.8125,1.75,1.875,0
1225,FC St. Pauli 1910,Hamburger,0,0,0.875,1.8125,0.875,1.4375,0
1226,1. FC Heidenheim 1846,RB Leipzig,0,3,1.125,2.0625,1.9375,1.9375,2
1227,Leverkusen,SV Werder Bremen,1,0,1.0,1.8125,1.0,1.875,1
1228,1. FSV Mainz 05,VfL Wolfsburg,3,1,1.1875,1.5625,1.625,2.8125,1
1229,Bayern Munich,FC Augsburg,1,2,3.5,0.875,0.875,1.8125,2
1230,Eintracht Frankfurt,TSG 1899 Hoffenheim,1,3,1.75,2.6875,2.1875,0.6875,2
1231,1. FC Union Berlin,Borussia Dortmund,0,3,1.3125,1.25,2.125,1.1875,2
1232,Borussia Mönchengladbach,VfB Stuttgart,0,3,1.6875,1.3125,2.25,1.6875,2
1233,SC Freiburg,1. FC Köln,2,1,1.625,1.75,1.5625,1.9375,1
1234,SV Werder Bremen,TSG 1899 Hoffenheim,0,2,0.9375,2.0625,2.5625,0.8125,2
1235,FC St. Pauli 1910,RB Leipzig,1,1,0.875,1.6875,2.0,1.5625,0
1236,1. FC Köln,VfL Wolfsburg,1,0,1.25,2.0,1.5625,2.1875,1
1237,Eintracht Frankfurt,Leverkusen,1,3,1.25,2.625,1.3125,1.125,2
1238,RB Leipzig,1. FSV Mainz 05,1,2,1.75,1.6875,1.4375,1.4375,2
1239,SV Werder Bremen,Borussia Mönchengladbach,1,1,0.875,2.0,0.9375,1.875,0
1240,TSG 1899 Hoffenheim,1. FC Union Berlin,3,1,2.125,0.5625,1.0625,1.5625,1
1241,FC Augsburg,FC St. Pauli 1910,2,1,1.25,1.4375,0.9375,1.375,1
1242,Hamburger,Bayern Munich,2,2,0.75,1.25,2.8125,0.9375,0
1243,VfB Stuttgart,SC Freiburg,1,0,2.25,1.375,1.75,1.8125,1
1244,Borussia Dortmund,1. FC Heidenheim 1846,3,2,1.5625,1.25,0.8125,2.3125,1
1245,1. FC Union Berlin,Eintracht Frankfurt,1,1,1.0,1.875,1.1875,2.4375,0
1246,VfL Wolfsburg,Borussia Dortmund,1,2,1.25,2.125,2.0,1.375,2
1247,SC Freiburg,SV Werder Bremen,1,0,1.625,1.6875,0.5625,1.75,1
1248,FC St. Pauli 1910,VfB Stuttgart,2,1,0.8125,1.25,1.875,1.0,1
1249,1. FSV Mainz 05,FC Augsburg,2,0,1.5625,1.4375,1.375,1.3125,1
1250,1. FC Heidenheim 1846,Hamburger,0,2,1.0625,2.25,0.9375,1.125,2
1251,Borussia Mönchengladbach,Leverkusen,1,1,0.8125,1.375,1.8125,0.9375,0
1252,1. FC Köln,RB Leipzig,1,2,1.25,1.4375,1.75,1.25,2
1253,Bayern Munich,TSG 1899 Hoffenheim,5,1,2.625,1.3125,2.375,0.6875,1
1254,Borussia Dortmund,1. FSV Mainz 05,4,0,1.875,1.4375,1.75,1.125,1
1255,SV Werder Bremen,Bayern Munich,0,3,0.5625,1.6875,3.25,1.1875,2
1256,TSG 1899 Hoffenheim,SC Freiburg,3,0,2.125,1.4375,1.4375,1.0625,1
1257,Eintracht Frankfurt,Borussia Mönchengladbach,3,0,1.1875,2.125,0.8125,1.5625,1
1258,Hamburger,1. FC Union Berlin,3,2,1.25,1.0625,1.0,1.9375,1
1259,Leverkusen,FC St. Pauli 1910,4,0,1.875,1.0,1.1875,1.375,1
1260,VfB Stuttgart,1. FC Köln,3,1,1.75,1.0625,1.0,1.4375,1
1261,FC Augsburg,1. FC Heidenheim 1846,1,0,1.0625,1.4375,0.9375,2.3125,1
1262,RB Leipzig,VfL Wolfsburg,2,2,1.625,1.4375,1.25,2.1875,0
1263,1. FSV Mainz 05,Hamburger,1,1,1.375,1.5,1.8125,1.375,0
1264,1. FC Union Berlin,Leverkusen,1,0,1.3125,2.0,2.0,0.75,1
1265,Bayern Munich,Eintracht Frankfurt,3,2,3.4375,0.9375,1.6875,1.875,1
1266,VfL Wolfsburg,FC Augsburg,2,3,1.4375,2.125,1.0,1.125,2
1267,1. FC Köln,TSG 1899 Hoffenheim,2,2,1.0,1.6875,2.25,1.4375,0
1268,RB Leipzig,Borussia Dortmund,2,2,1.875,1.6875,2.4375,0.875,0
1269,SC Freiburg,Borussia Mönchengladbach,2,1,0.9375,1.5,0.8125,1.75,1
1270,FC St. Pauli 1910,SV Werder Bremen,2,1,1.0,1.8125,0.5,1.9375,1
1271,1. FC Heidenheim 1846,VfB Stuttgart,3,3,0.8125,2.0625,1.875,1.125,0
1272,FC Augsburg,1. FC Köln,2,0,1.1875,1.375,1.1875,2.0,1
1273,Leverkusen,1. FSV Mainz 05,1,1,1.125,0.5,1.3125,1.5,0
1274,Borussia Mönchengladbach,1. FC Union Berlin,1,0,0.8125,2.0,1.3125,1.4375,1
1275,TSG 1899 Hoffenheim,FC St. Pauli 1910,0,1,2.25,1.5625,1.1875,1.6875,2
1276,SV Werder Bremen,1. FC Heidenheim 1846,2,0,0.4375,2.0,1.0,2.1875,1
1277,Borussia Dortmund,Bayern Munich,2,3,1.875,1.6875,3.5,1.0625,2
1278,VfB Stuttgart,VfL Wolfsburg,4,0,2.3125,1.375,1.625,2.5,1
1279,Eintracht Frankfurt,SC Freiburg,2,0,1.875,2.0,1.25,1.4375,1
1280,Hamburger,RB Leipzig,1,2,1.625,1.25,1.75,1.8125,2
1281,Hamburger,Leverkusen,0,1,1.375,1.5,1.0625,0.625,2
1282,Bayern Munich,Borussia Mönchengladbach,4,1,2.9375,1.25,0.8125,1.6875,1
1283,SC Freiburg,Leverkusen,3,3,1.0625,1.75,1.25,0.375,0
1284,1. FSV Mainz 05,VfB Stuttgart,2,2,1.125,1.5625,2.6875,1.125,0
1285,RB Leipzig,FC Augsburg,2,1,1.8125,1.6875,1.5625,1.0625,1
1286,1. FC Heidenheim 1846,TSG 1899 Hoffenheim,2,4,0.9375,2.1875,1.875,1.0625,2
1287,VfL Wolfsburg,Hamburger,1,2,1.3125,2.9375,0.9375,1.1875,2
1288,1. FC Köln,Borussia Dortmund,1,2,1.0625,2.0,1.8125,2.125,2
1289,FC St. Pauli 1910,Eintracht Frankfurt,0,0,1.0,1.5,1.9375,1.6875,0
1290,1. FC Union Berlin,SV Werder Bremen,1,4,1.0,1.4375,0.8125,1.625,2
1291,Borussia Mönchengladbach,FC St. Pauli 1910,2,0,1.0,1.9375,1.0,1.0,1
1292,Leverkusen,Bayern Munich,1,1,1.625,1.0,3.5625,1.25,0
1293,TSG 1899 Hoffenheim,VfL Wolfsburg,1,1,2.25,1.4375,1.0625,2.8125,0
1294,Borussia Dortmund,FC Augsburg,2,0,1.9375,1.9375,1.625,1.4375,1
1295,Eintracht Frankfurt,1. FC Heidenheim 1846,1,0,1.4375,1.5,1.3125,2.5625,1
1296,Hamburger,1. FC Köln,1,1,1.125,1.1875,1.125,1.9375,0
1297,SV Werder Bremen,1. FSV Mainz 05,0,2,1.5625,1.4375,1.5,1.4375,2
1298,SC Freiburg,1. FC Union Berlin,0,1,1.375,1.75,0.875,1.8125,2
1299,VfB Stuttgart,RB Leipzig,1,0,2.6875,1.375,1.875,1.4375,1
1300,RB Leipzig,TSG 1899 Hoffenheim,5,0,1.5,1.375,1.875,1.3125,1
1301,1. FC Heidenheim 1846,Leverkusen,3,3,0.8125,2.25,1.0625,1.0625,0
1302,VfL Wolfsburg,SV Werder Bremen,0,1,0.9375,2.125,1.4375,1.375,2
1303,1. FC Köln,Borussia Mönchengladbach,3,3,0.9375,1.75,1.0,1.6875,0
1304,Bayern Munich,1. FC Union Berlin,4,0,3.4375,1.125,0.8125,1.6875,1
1305,Borussia Dortmund,Hamburger,3,2,2.0,1.4375,1.125,1.0,1
1306,1. FSV Mainz 05,Eintracht Frankfurt,2,1,1.625,1.1875,1.1875,0.9375,1
1307,FC St. Pauli 1910,SC Freiburg,1,2,0.6875,1.125,1.0,1.75,2
1308,FC Augsburg,VfB Stuttgart,2,5,1.25,1.3125,2.25,0.9375,2
1309,SC Freiburg,Bayern Munich,2,3,1.375,1.5625,3.3125,0.9375,2
1310,TSG 1899 Hoffenheim,1. FSV Mainz 05,1,2,1.8125,2.125,1.75,1.1875,2
1311,SV Werder Bremen,RB Leipzig,1,2,1.1875,1.1875,2.125,0.9375,2
1312,Leverkusen,VfL Wolfsburg,6,3,1.25,1.5,0.8125,1.75,1
1313,Hamburger,FC Augsburg,1,1,1.5,1.4375,1.3125,2.1875,0
1314,Borussia Mönchengladbach,1. FC Heidenheim 1846,2,2,1.375,1.9375,1.3125,2.4375,0
1315,VfB Stuttgart,Borussia Dortmund,0,2,2.5,1.1875,2.3125,1.3125,2
1316,1. FC Union Berlin,FC St. Pauli 1910,1,1,0.75,2.25,0.625,1.3125,0
1317,Eintracht Frankfurt,1. FC Köln,2,2,1.0,1.125,1.4375,1.875,0
1318,FC Augsburg,TSG 1899 Hoffenheim,2,2,1.25,2.0,1.3125,2.1875,0
1319,Borussia Dortmund,Leverkusen,0,1,2.25,1.0625,2.125,1.9375,2
1320,VfL Wolfsburg,Eintracht Frankfurt,1,2,1.1875,2.5625,1.3125,1.3125,2
1321,RB Leipzig,Borussia Mönchengladbach,1,0,2.0625,1.0,1.625,1.8125,1
1322,1. FC Heidenheim 1846,1. FC Union Berlin,3,1,1.375,2.25,0.75,1.875,1
1323,FC St. Pauli 1910,Bayern Munich,0,5,0.8125,1.5,3.1875,1.0625,2
1324,1. FC Köln,SV Werder Bremen,3,1,1.5625,1.9375,0.875,1.375,1
1325,VfB Stuttgart,Hamburger,4,0,2.1875,1.25,1.4375,1.5,1
1326,1. FSV Mainz 05,SC Freiburg,0,1,1.8125,1.0,1.25,1.625,2
1327,FC St. Pauli 1910,1. FC Köln,1,1,0.75,2.125,1.9375,1.875,0
1328,SV Werder Bremen,Hamburger,3,1,1.0625,1.5625,1.1875,2.0,1
1329,Leverkusen,FC Augsburg,1,2,2.3125,1.625,1.5,2.0625,2
1330,TSG 1899 Hoffenheim,Borussia Dortmund,2,1,1.4375,2.4375,1.875,1.1875,1
1331,1. FC Union Berlin,VfL Wolfsburg,1,2,0.8125,2.25,1.1875,2.625,2
1332,Eintracht Frankfurt,RB Leipzig,1,3,1.5625,1.375,2.1875,0.8125,2
1333,SC Freiburg,1. FC Heidenheim 1846,2,1,1.3125,1.4375,1.9375,2.125,1
1334,Bayern Munich,VfB Stuttgart,4,2,3.625,1.25,2.625,1.25,1
1335,Borussia Mönchengladbach,1. FSV Mainz 05,1,1,1.375,1.8125,1.375,1.125,0
1336,RB Leipzig,1. FC Union Berlin,3,1,2.0625,0.875,0.9375,1.9375,1
1337,1. FSV Mainz 05,Bayern Munich,3,4,1.1875,1.125,3.9375,1.375,2
1338,1. FC Köln,Leverkusen,1,2,1.6875,1.6875,2.125,1.625,2
1339,FC Augsburg,Eintracht Frankfurt,1,1,1.5,1.5625,1.5625,1.5,0
1340,VfL Wolfsburg,Borussia Mönchengladbach,0,0,1.5625,2.625,1.125,1.5625,0
1341,1. FC Heidenheim 1846,FC St. Pauli 1910,2,0,1.625,1.9375,0.75,1.9375,1
1342,Hamburger,TSG 1899 Hoffenheim,1,2,1.0,2.1875,1.625,1.9375,2
1343,VfB Stuttgart,SV Werder Bremen,1,1,2.3125,1.75,1.4375,1.6875,0
1344,Borussia Dortmund,SC Freiburg,4,0,1.4375,1.3125,1.4375,1.4375,1
1345,TSG 1899 Hoffenheim,VfB Stuttgart,3,3,1.8125,1.5625,2.4375,1.5625,0
1346,SV Werder Bremen,FC Augsburg,1,3,1.5,1.5625,1.5625,1.5,2
1347,Bayern Munich,1. FC Heidenheim 1846,3,3,3.6875,2.375,1.75,1.5625,0
1348,1. FC Union Berlin,1. FC Köln,2,2,0.9375,2.3125,1.5625,1.6875,0
1349,Eintracht Frankfurt,Hamburger,1,2,1.4375,1.375,0.875,2.3125,2
1350,Leverkusen,RB Leipzig,4,1,1.6875,1.375,2.25,0.875,1
1351,FC St. Pauli 1910,1. FSV Mainz 05,1,2,0.5,2.125,1.375,1.75,2
1352,Borussia Mönchengladbach,Borussia Dortmund,1,0,0.8125,1.25,1.8125,1.3125,1
1353,SC Freiburg,VfL Wolfsburg,1,1,1.125,1.8125,1.125,1.75,0
1354,Borussia Dortmund,Eintracht Frankfurt,3,2,1.6875,1.25,1.1875,1.625,1
1355,VfB Stuttgart,Leverkusen,3,1,2.3125,2.0625,2.25,1.5625,1
1356,TSG 1899 Hoffenheim,SV Werder Bremen,1,0,1.9375,1.875,1.5625,1.5625,1
1357,FC Augsburg,Borussia Mönchengladbach,3,1,1.8125,1.4375,1.0,0.9375,1
1358,RB Leipzig,FC St. Pauli 1910,2,1,2.1875,1.5,0.6875,1.625,1
1359,VfL Wolfsburg,Bayern Munich,0,1,1.0625,1.5625,3.125,2.375,2
1360,Hamburger,SC Freiburg,3,2,1.1875,1.9375,1.1875,1.8125,1
1361,1. FC Köln,1. FC Heidenheim 1846,1,3,1.5,1.75,1.9375,1.9375,2
1362,1. FSV Mainz 05,1. FC Union Berlin,1,3,1.75,1.5625,1.0625,2.125,2
1363,SV Werder Bremen,Borussia Dortmund,0,2,1.125,1.5,2.0625,1.125,2
1364,1. FC Heidenheim 1846,1. FSV Mainz 05,0,2,2.1875,1.6875,1.75,1.9375,2
1365,SC Freiburg,RB Leipzig,4,1,1.1875,2.1875,2.0625,1.4375,1
1366,Eintracht Frankfurt,VfB Stuttgart,2,2,1.3125,1.625,2.4375,1.5625,0
1367,FC St. Pauli 1910,VfL Wolfsburg,1,3,0.625,1.8125,0.6875,1.4375,2
1368,1. FC Union Berlin,FC Augsburg,4,0,1.4375,2.0625,1.9375,1.375,1
1369,Borussia Mönchengladbach,TSG 1899 Hoffenheim,4,0,1.0,1.25,1.75,1.625,1
1370,Bayern Munich,1. FC Köln,5,1,2.5625,1.75,1.4375,2.0625,1
1371,Leverkusen,Hamburger,1,1,2.125,1.6875,1.5625,1.8125,0
1381,Paris SG,Montpellier HSC,6,0,4.0,1.0,1.0,1.0,1
1382,Lyon,Monaco,0,2,0.0,3.0,1.0,0.0,2
1383,Lille,Angers SCO,2,0,2.0,0.0,0.0,1.0,1
1384,AS Saint-Étienne,Le Havre,0,2,0.0,1.0,1.0,4.0,2
1385,Racing Club de Lens,Stade Brestois 29,2,0,1.0,0.0,1.0,5.0,1
1386,RC Strasbourg Alsace,Rennes,3,1,1.0,1.0,3.0,0.0,1
1387,FC Nantes,AJ Auxerre,2,0,0.0,0.0,2.0,1.0,1
1388,Nice,Toulouse,1,1,1.0,2.0,0.0,0.0,0
1389,Marseille,Stade de Reims,2,2,5.0,1.0,0.0,2.0,0
1390,Lyon,RC Strasbourg Alsace,4,3,0.0,2.5,2.0,1.0,1
1391,Stade Brestois 29,AS Saint-Étienne,4,0,0.5,3.5,0.0,1.5,1
1392,Montpellier HSC,FC Nantes,1,3,0.5,3.5,1.0,0.0,2
1393,Toulouse,Marseille,1,3,0.5,0.5,3.5,1.5,2
1394,Monaco,Racing Club de Lens,1,1,1.5,0.0,1.5,0.0,0
1395,Angers SCO,Nice,1,4,0.0,1.5,1.0,1.5,2
1396,Le Havre,AJ Auxerre,3,1,1.5,2.0,1.0,1.5,1
1397,Stade de Reims,Rennes,2,1,1.0,2.0,2.0,1.5,1
1398,Lille,Paris SG,1,3,2.0,0.0,5.0,0.5,2
1399,AS Saint-Étienne,Lille,1,0,0.0,2.3333333333333335,1.6666666666666667,1.0,1
1400,Marseille,Nice,2,0,3.3333333333333335,1.3333333333333333,2.0,1.3333333333333333,1
1401,AJ Auxerre,Monaco,0,3,1.0,2.0,1.3333333333333333,0.3333333333333333,2
1402,Paris SG,Stade Brestois 29,3,1,4.333333333333333,0.6666666666666666,1.6666666666666667,2.3333333333333335,1
1403,Rennes,Montpellier HSC,3,0,1.6666666666666667,1.6666666666666667,0.6666666666666666,3.3333333333333335,1
1404,FC Nantes,Stade de Reims,1,2,1.6666666666666667,0.3333333333333333,1.3333333333333333,1.6666666666666667,2
1405,Toulouse,Le Havre,2,0,0.6666666666666666,1.3333333333333333,2.0,1.6666666666666667,1
1406,RC Strasbourg Alsace,Angers SCO,1,1,2.3333333333333335,2.0,0.3333333333333333,2.3333333333333335,0
1407,Racing Club de Lens,Lyon,0,0,1.3333333333333333,0.3333333333333333,1.3333333333333333,2.6666666666666665,0
1408,Nice,AS Saint-Étienne,8,0,1.6,1.4,0.3,1.9,1
1409,Lille,RC Strasbourg Alsace,3,3,0.6363636363636364,1.6363636363636365,2.2,1.9,0
1410,Rennes,Racing Club de Lens,1,1,1.8,1.5,1.0,0.3,0
1411,Stade de Reims,Paris SG,1,1,1.8,1.4,4.0,0.7,0
1412,Monaco,Le Havre,3,1,1.9090909090909092,0.5454545454545454,1.6,1.3,1
1413,Stade Brestois 29,Toulouse,2,0,2.0,1.7272727272727273,1.2,1.2,1
1414,Angers SCO,FC Nantes,1,1,0.6,2.2,1.8,0.9,0
1415,Montpellier HSC,AJ Auxerre,3,2,0.4,3.7,0.5,2.5,1
1416,Lyon,Marseille,2,3,1.2,1.8,2.6,1.0,2
1417,AJ Auxerre,Stade Brestois 29,3,0,1.0,2.727272727272727,1.6666666666666667,1.5833333333333333,1
1418,Paris SG,Rennes,3,1,2.8181818181818183,0.9090909090909091,1.7272727272727273,1.0909090909090908,1
1419,Racing Club de Lens,Nice,0,0,0.8181818181818182,0.5454545454545454,3.4545454545454546,1.0909090909090908,0
1420,Le Havre,Lille,0,3,1.3636363636363635,2.0,1.1666666666666667,1.75,2
1421,Monaco,Montpellier HSC,2,1,2.3333333333333335,0.5833333333333334,1.1818181818181819,2.8181818181818183,1
1422,Toulouse,Lyon,1,2,0.9090909090909091,1.4545454545454546,1.6363636363636365,2.090909090909091,2
1423,FC Nantes,AS Saint-Étienne,2,2,1.5454545454545454,1.0909090909090908,0.2727272727272727,3.5454545454545454,0
1424,Angers SCO,Stade de Reims,1,3,0.8181818181818182,1.9090909090909092,1.5454545454545454,1.1818181818181819,2
1425,RC Strasbourg Alsace,Marseille,1,0,2.272727272727273,2.3636363636363638,2.8181818181818183,1.0909090909090908,1
1426,Marseille,Angers SCO,1,1,2.0833333333333335,1.0833333333333333,0.8333333333333334,1.8333333333333333,0
1427,AS Saint-Étienne,AJ Auxerre,3,1,0.75,3.0833333333333335,1.5,2.0,1
1428,Lille,Toulouse,2,1,1.8571428571428572,1.0714285714285714,0.9166666666666666,1.3333333333333333,1
1429,Rennes,Monaco,1,2,1.6666666666666667,1.4166666666666667,2.142857142857143,1.0,2
1430,Lyon,FC Nantes,2,0,1.3333333333333333,1.6666666666666667,1.4166666666666667,1.3333333333333333,1
1431,Stade Brestois 29,Le Havre,2,0,1.8571428571428572,1.4285714285714286,0.75,2.4166666666666665,1
1432,RC Strasbourg Alsace,Racing Club de Lens,2,2,1.8333333333333333,1.5,0.5833333333333334,0.3333333333333333,0
1433,Stade de Reims,Montpellier HSC,4,2,1.8333333333333333,1.1666666666666667,1.1666666666666667,2.5833333333333335,1
1434,Nice,Paris SG,1,1,2.5,0.8333333333333334,2.8333333333333335,0.9166666666666666,0
1435,Monaco,Lille,0,0,2.0,1.0,1.7333333333333334,0.8,0
1436,Stade Brestois 29,Rennes,1,1,1.8666666666666667,1.3333333333333333,1.3076923076923077,1.7692307692307692,0
1437,AS Saint-Étienne,Racing Club de Lens,0,2,1.2307692307692308,3.076923076923077,1.0,0.7692307692307693,2
1438,Paris SG,RC Strasbourg Alsace,4,2,2.3846153846153846,0.9230769230769231,2.0,1.6923076923076923,1
1439,Le Havre,Lyon,0,4,0.6923076923076923,2.3846153846153846,1.6923076923076923,1.5384615384615385,2
1440,AJ Auxerre,Stade de Reims,2,1,1.6153846153846154,2.076923076923077,2.3076923076923075,1.3846153846153846,1
1441,Toulouse,Angers SCO,1,1,0.7692307692307693,1.6923076923076923,0.8461538461538461,1.7692307692307692,0
1442,FC Nantes,Nice,1,1,1.1538461538461537,1.3846153846153846,2.5384615384615383,0.6923076923076923,0
1443,Montpellier HSC,Marseille,0,5,1.5384615384615385,2.8461538461538463,1.8461538461538463,1.2307692307692308,2
1444,Rennes,Le Havre,1,0,1.2857142857142858,1.7142857142857142,0.5,2.642857142857143,1
1445,Angers SCO,AS Saint-Étienne,4,2,0.8571428571428571,1.7142857142857142,1.1428571428571428,2.142857142857143,1
1446,Stade de Reims,Stade Brestois 29,1,2,2.2142857142857144,1.5714285714285714,1.5625,0.9375,2
1447,Racing Club de Lens,Lille,0,2,1.2142857142857142,0.5714285714285714,1.5625,0.9375,2
1448,Lyon,AJ Auxerre,2,2,2.142857142857143,1.0,1.6428571428571428,1.7142857142857142,0
1449,Nice,Monaco,2,1,1.4285714285714286,0.8571428571428571,2.25,0.75,1
1450,Montpellier HSC,Toulouse,0,3,1.0,3.4285714285714284,0.9285714285714286,1.5,2
1451,RC Strasbourg Alsace,FC Nantes,3,1,1.8571428571428572,2.0,1.1428571428571428,1.3571428571428572,1
1452,Marseille,Paris SG,0,3,2.357142857142857,0.8571428571428571,2.9285714285714284,1.1428571428571428,2
1453,Monaco,Angers SCO,0,1,2.0625,1.0,1.4666666666666666,1.6,2
1454,Lille,Lyon,1,1,1.5625,0.8125,2.1333333333333333,1.2,0
1455,Paris SG,Racing Club de Lens,1,0,2.933333333333333,0.9333333333333333,1.1333333333333333,0.9333333333333333,1
1456,Stade Brestois 29,Nice,0,1,1.6875,1.0,1.7333333333333334,1.0,2
1457,AS Saint-Étienne,RC Strasbourg Alsace,2,0,1.2,2.533333333333333,2.2,2.066666666666667,1
1458,Toulouse,Stade de Reims,1,0,1.3333333333333333,1.1333333333333333,1.8666666666666667,1.7333333333333334,1
1459,AJ Auxerre,Rennes,4,0,1.5333333333333334,2.0,1.2666666666666666,1.2,1
1460,Le Havre,Montpellier HSC,1,0,0.4666666666666667,2.2666666666666666,0.8,3.533333333333333,1
1461,FC Nantes,Marseille,1,2,1.0,1.6,2.2,1.2666666666666666,2
1462,Marseille,AJ Auxerre,1,3,2.3125,1.25,2.0625,1.5,2
1463,RC Strasbourg Alsace,Monaco,1,3,1.8125,2.0625,1.375,1.0,2
1464,Racing Club de Lens,FC Nantes,3,2,0.8125,0.8125,1.125,1.625,1
1465,Angers SCO,Paris SG,2,4,1.4375,1.375,2.8125,0.75,2
1466,Nice,Lille,2,2,1.6875,0.8125,1.5,0.8125,0
1467,Montpellier HSC,Stade Brestois 29,3,1,0.5,3.0,1.5,0.9375,1
1468,Le Havre,Stade de Reims,0,3,0.625,1.875,1.25,1.5625,2
1469,Rennes,Toulouse,0,2,1.0625,1.625,1.3125,0.8125,2
1470,Lyon,AS Saint-Étienne,1,0,1.9375,1.3125,1.125,2.25,1
1471,Monaco,Stade Brestois 29,3,2,1.6875,0.875,1.3125,1.3125,1
1472,Paris SG,Toulouse,3,0,2.8125,0.8125,1.5625,0.6875,1
1473,Racing Club de Lens,Marseille,1,3,1.0625,1.1875,1.5625,1.75,2
1474,AS Saint-Étienne,Montpellier HSC,1,0,1.125,2.125,1.0,2.5,1
1475,Stade de Reims,Lyon,1,1,1.6875,1.1875,1.625,1.125,0
1476,Lille,Rennes,1,0,1.625,1.0625,0.75,1.875,1
1477,FC Nantes,Le Havre,0,2,1.375,2.0625,0.5625,1.6875,2
1478,AJ Auxerre,Angers SCO,1,0,2.25,1.5,1.6875,1.9375,1
1479,Nice,RC Strasbourg Alsace,2,1,1.875,0.9375,1.6875,2.0625,1
1480,Stade de Reims,Racing Club de Lens,0,2,1.625,1.0,1.125,1.5,2
1481,Rennes,AS Saint-Étienne,5,0,0.5625,1.875,1.0625,1.5,1
1482,Stade Brestois 29,RC Strasbourg Alsace,3,1,1.3125,2.0,1.3125,2.25,1
1483,Paris SG,FC Nantes,1,1,2.625,0.8125,1.125,2.0625,0
1484,Montpellier HSC,Lille,2,2,1.0,1.9375,1.5625,0.8125,0
1485,Le Havre,Angers SCO,0,1,0.8125,1.5625,1.1875,1.75,2
1486,Toulouse,AJ Auxerre,2,0,1.125,1.1875,2.1875,1.125,1
1487,Lyon,Nice,4,1,1.5625,0.9375,1.9375,0.9375,1
1488,Marseille,Monaco,2,1,2.0,1.4375,2.1875,1.5625,1
1489,Lille,Stade Brestois 29,3,1,1.625,0.9375,1.5,1.8125,1
1490,AJ Auxerre,Paris SG,0,0,1.625,1.3125,2.5,0.9375,0
1491,Monaco,Toulouse,2,0,1.875,1.6875,1.3125,1.0,1
1492,Nice,Le Havre,2,1,1.75,1.625,0.5,1.6875,1
1493,Angers SCO,Lyon,0,3,1.1875,1.5,1.9375,0.8125,2
1494,Racing Club de Lens,Montpellier HSC,2,0,1.4375,1.3125,1.3125,2.0,1
1495,RC Strasbourg Alsace,Stade de Reims,0,0,1.3125,2.3125,1.5,1.1875,0
1496,FC Nantes,Rennes,1,0,1.0,1.9375,1.4375,1.25,1
1497,AS Saint-Étienne,Marseille,0,2,0.8125,2.1875,1.9375,1.4375,2
1498,Toulouse,AS Saint-Étienne,2,1,0.9375,1.375,0.75,2.4375,1
1499,Marseille,Lille,1,1,2.0625,1.0625,2.25,1.3125,0
1500,AJ Auxerre,Racing Club de Lens,2,2,1.25,1.0,1.4375,1.0625,0
1501,Stade de Reims,Monaco,0,0,1.0,1.125,1.5,1.5625,0
1502,Montpellier HSC,Nice,2,2,0.9375,2.0625,1.875,1.4375,0
1503,Rennes,Angers SCO,2,0,1.25,1.1875,0.875,1.5,1
1504,Le Havre,RC Strasbourg Alsace,0,3,0.6875,1.5625,1.125,1.875,2
1505,Stade Brestois 29,FC Nantes,4,1,1.4375,1.5625,0.875,1.4375,1
1506,Paris SG,Lyon,3,1,1.8125,0.625,2.375,0.8125,1
1507,Monaco,Paris SG,2,4,1.0625,1.25,1.9375,0.75,2
1508,Nice,Rennes,3,2,1.5,1.6875,1.5625,1.0,1
1509,AS Saint-Étienne,Stade de Reims,3,1,0.8125,2.3125,0.8125,0.9375,1
1510,Lille,FC Nantes,1,1,2.0,1.1875,1.0,1.875,0
1511,Lyon,Montpellier HSC,1,0,2.3125,1.0625,1.125,2.1875,1
1512,Racing Club de Lens,Toulouse,0,1,1.625,1.0,1.3125,1.0625,2
1513,Angers SCO,Stade Brestois 29,2,0,0.8125,1.6875,1.75,1.5625,1
1514,RC Strasbourg Alsace,AJ Auxerre,3,1,1.375,1.4375,1.375,1.1875,1
1515,Marseille,Le Havre,5,1,1.6875,1.0,0.375,1.9375,1
1516,FC Nantes,Monaco,2,2,0.9375,1.8125,1.125,1.875,0
1517,AJ Auxerre,Lille,0,0,1.375,1.5,1.6875,1.25,0
1518,Stade Brestois 29,Lyon,2,1,1.5,1.5,1.875,0.875,1
1519,Stade de Reims,Nice,2,4,0.8125,1.1875,1.9375,1.5625,2
1520,Rennes,Marseille,1,2,1.25,1.375,2.375,1.0,2
1521,Le Havre,Racing Club de Lens,1,2,0.5625,2.5625,1.375,1.1875,2
1522,Toulouse,RC Strasbourg Alsace,1,2,1.1875,0.9375,1.75,1.25,2
1523,Montpellier HSC,Angers SCO,1,3,0.8125,2.0,1.0,1.5,2
1524,Paris SG,AS Saint-Étienne,2,1,2.375,0.9375,1.25,1.75,1
1525,Montpellier HSC,Monaco,2,1,0.875,2.0625,1.5,1.8125,1
1526,Lille,Nice,2,1,1.25,0.9375,2.375,1.75,1
1527,Racing Club de Lens,Paris SG,1,2,1.375,1.25,2.6875,1.0625,2
1528,Rennes,Stade Brestois 29,1,2,1.375,1.5,1.75,1.625,2
1529,Lyon,Toulouse,0,0,1.5625,1.25,1.3125,0.9375,0
1530,AS Saint-Étienne,FC Nantes,1,1,1.25,1.8125,1.1875,2.0625,0
1531,Stade de Reims,Le Havre,1,1,0.9375,1.8125,0.625,2.5625,0
1532,Angers SCO,AJ Auxerre,2,0,1.5,1.25,1.3125,1.3125,1
1533,Marseille,RC Strasbourg Alsace,1,1,2.4375,1.125,2.0,1.3125,0
1534,AJ Auxerre,AS Saint-Étienne,1,1,0.9375,1.375,1.3125,1.625,0
1535,Monaco,Rennes,3,2,1.375,1.625,1.25,1.8125,1
1536,RC Strasbourg Alsace,Lille,2,1,1.6875,1.25,1.375,1.0625,1
1537,Paris SG,Stade de Reims,1,1,2.4375,1.0,1.0625,1.875,0
1538,Le Havre,Stade Brestois 29,0,1,0.8125,2.125,1.4375,1.5625,2
1539,FC Nantes,Lyon,1,1,1.1875,1.6875,1.1875,0.875,0
1540,Toulouse,Montpellier HSC,1,2,1.0,0.75,1.0,1.6875,2
1541,Racing Club de Lens,Angers SCO,1,0,1.1875,1.375,1.8125,0.9375,1
1542,Nice,Marseille,2,0,2.25,1.8125,2.1875,1.1875,1
1543,Montpellier HSC,Racing Club de Lens,0,2,1.375,1.5625,1.375,1.125,2
1544,Stade Brestois 29,Paris SG,2,5,1.0,1.5,1.9375,0.9375,2
1545,Monaco,AJ Auxerre,4,2,1.25,1.75,0.875,1.0625,1
1546,Lille,AS Saint-Étienne,4,1,2.25,1.4375,1.0,1.4375,1
1547,Toulouse,Nice,1,1,0.875,1.125,2.125,1.5,0
1548,Stade de Reims,FC Nantes,1,2,1.0625,1.5625,1.1875,1.5625,2
1549,Angers SCO,Le Havre,1,1,1.3125,1.0,0.6875,1.625,0
1550,Rennes,RC Strasbourg Alsace,1,0,1.3125,2.0,1.5,1.25,1
1551,Marseille,Lyon,3,2,1.5625,1.25,1.125,0.9375,1
1552,FC Nantes,Stade Brestois 29,0,2,1.25,1.375,1.1875,2.125,2
1553,Paris SG,Monaco,4,1,2.5625,1.1875,1.8125,2.0,1
1554,Nice,Racing Club de Lens,2,0,1.75,1.4375,1.5,0.9375,1
1555,Lille,Le Havre,1,2,2.75,1.25,0.6875,1.5625,2
1556,AS Saint-Étienne,Rennes,0,2,0.9375,1.9375,1.375,1.5,2
1557,Lyon,Stade de Reims,4,0,1.3125,1.1875,1.0,1.375,1
1558,AJ Auxerre,Toulouse,2,2,1.0,1.8125,0.875,1.0625,0
1559,RC Strasbourg Alsace,Montpellier HSC,2,0,1.25,1.1875,1.25,1.5,1
1560,Angers SCO,Marseille,0,2,1.0625,1.0625,1.75,1.4375,2
1561,Stade Brestois 29,AJ Auxerre,2,2,1.3125,2.125,1.1875,1.875,0
1562,Marseille,AS Saint-Étienne,5,1,1.9375,1.125,0.8125,2.125,1
1563,Monaco,FC Nantes,7,1,1.5,2.125,1.0,1.4375,1
1564,Toulouse,Paris SG,0,1,1.125,1.4375,2.8125,1.125,2
1565,Montpellier HSC,Lyon,1,4,0.8125,1.6875,2.0,1.1875,2
1566,Racing Club de Lens,RC Strasbourg Alsace,0,2,1.1875,0.9375,1.4375,0.875,2
1567,Stade de Reims,Angers SCO,0,1,0.6875,2.0,0.6875,1.1875,2
1568,Le Havre,Nice,1,3,0.9375,1.4375,1.875,1.0625,2
1569,Rennes,Lille,0,2,1.625,1.125,2.625,1.3125,2
1570,Rennes,Stade de Reims,1,0,1.375,1.0625,0.5,2.0,1
1571,Lille,Monaco,2,1,2.0625,1.0625,2.625,1.875,1
1572,AS Saint-Étienne,Angers SCO,3,3,0.8125,2.9375,0.875,1.0,0
1573,AJ Auxerre,Marseille,3,0,1.375,2.125,2.6875,1.0,1
1574,FC Nantes,Racing Club de Lens,3,1,1.0625,2.5,1.0,1.125,1
1575,Le Havre,Toulouse,1,4,1.0,1.875,1.0,1.1875,2
1576,RC Strasbourg Alsace,Stade Brestois 29,0,0,1.5,0.625,0.9375,3.0,0
1577,Nice,Montpellier HSC,2,0,2.0625,1.1875,0.75,2.25,1
1578,Lyon,Paris SG,2,3,2.5625,1.1875,2.6875,1.0,2
1579,Monaco,Stade de Reims,3,0,2.6875,2.0,0.375,1.8125,1
1580,AS Saint-Étienne,Nice,1,3,1.25,2.6875,2.25,0.8125,2
1581,Racing Club de Lens,Le Havre,3,4,0.8125,1.6875,1.0625,2.4375,2
1582,Paris SG,Lille,4,1,2.5625,1.0625,1.875,1.0625,1
1583,Lyon,Stade Brestois 29,2,1,2.4375,1.3125,0.8125,2.5625,1
1584,Montpellier HSC,Rennes,0,4,0.625,2.25,1.125,1.0625,2
1585,AJ Auxerre,RC Strasbourg Alsace,0,1,1.6875,1.5,1.4375,0.3125,2
1586,Angers SCO,Toulouse,0,4,1.25,1.4375,1.5,1.25,2
1587,Marseille,FC Nantes,2,0,2.1875,1.25,1.3125,2.5,1
1588,Toulouse,Monaco,1,1,2.0,0.875,2.3125,1.75,0
1589,Rennes,Paris SG,1,4,1.625,1.0,2.8125,1.125,2
1590,Lille,Montpellier HSC,1,0,1.8125,1.6875,0.625,2.625,1
1591,Marseille,Racing Club de Lens,0,1,2.1875,1.25,1.25,2.1875,2
1592,Stade Brestois 29,Angers SCO,2,0,0.625,2.625,1.25,1.75,1
1593,Le Havre,AS Saint-Étienne,1,1,1.5,2.75,1.4375,2.875,0
1594,Stade de Reims,AJ Auxerre,0,2,0.375,1.875,1.4375,1.4375,2
1595,FC Nantes,RC Strasbourg Alsace,0,1,1.25,2.625,1.375,0.3125,2
1596,Nice,Lyon,0,2,2.4375,0.9375,2.125,1.5,2
1597,Nice,AJ Auxerre,1,1,1.9375,1.0625,1.4375,1.0625,0
1598,FC Nantes,Lille,1,0,1.0625,1.6875,1.625,1.25,1
1599,Angers SCO,Monaco,0,2,1.125,2.0,2.0625,1.5625,2
1600,Racing Club de Lens,Rennes,1,0,1.3125,1.8125,1.6875,1.5,1
1601,Lyon,Le Havre,4,2,1.9375,1.1875,1.5625,2.375,1
1602,Stade Brestois 29,Stade de Reims,0,0,1.0,1.625,0.375,2.125,0
1603,RC Strasbourg Alsace,Toulouse,2,1,1.125,0.3125,2.0625,0.875,1
1604,Paris SG,Marseille,3,1,3.25,1.25,1.5,1.25,1
1605,RC Strasbourg Alsace,Lyon,4,2,1.3125,0.4375,2.375,1.1875,1
1606,Stade de Reims,Marseille,3,1,0.3125,1.8125,1.375,1.375,1
1607,AS Saint-Étienne,Paris SG,1,6,1.4375,2.3125,3.1875,1.0625,2
1608,Monaco,Nice,2,1,2.125,1.1875,1.6875,1.125,1
1609,Toulouse,Stade Brestois 29,2,4,1.6875,1.125,0.9375,1.625,2
1610,Angers SCO,Rennes,0,3,0.625,2.0,1.4375,1.5,2
1611,AJ Auxerre,Montpellier HSC,1,0,1.1875,1.0625,0.375,2.1875,1
1612,Le Havre,FC Nantes,3,2,1.75,2.3125,0.8125,1.5,1
1613,Lille,Racing Club de Lens,1,0,1.4375,1.1875,1.375,1.375,1
1614,Nice,FC Nantes,1,2,1.25,1.25,1.0625,1.6875,2
1615,Paris SG,Angers SCO,1,0,3.6875,1.0625,0.4375,2.0,1
1616,Stade Brestois 29,Monaco,2,1,1.5625,1.5625,2.125,1.1875,1
1617,Lyon,Lille,2,1,2.4375,1.6875,1.125,1.125,1
1618,Racing Club de Lens,AS Saint-Étienne,1,0,0.875,1.0,1.0625,3.0,1
1619,Montpellier HSC,Le Havre,0,2,0.375,2.0625,1.75,2.1875,2
1620,Stade de Reims,RC Strasbourg Alsace,0,1,0.75,1.375,1.8125,0.75,2
1621,Rennes,AJ Auxerre,0,1,1.4375,1.375,1.375,0.9375,2
1622,Marseille,Toulouse,3,2,1.1875,1.875,1.5,1.75,1
1623,Racing Club de Lens,Stade de Reims,0,2,0.875,0.875,0.6875,1.25,2
1624,Monaco,Marseille,3,0,1.9375,1.3125,1.6875,2.0625,1
1625,Toulouse,Lille,1,2,1.75,2.1875,0.9375,1.1875,2
1626,RC Strasbourg Alsace,Nice,2,2,1.8125,0.6875,1.375,1.25,0
1627,AS Saint-Étienne,Stade Brestois 29,3,3,0.875,2.6875,1.5625,1.4375,0
1628,Le Havre,Rennes,1,5,1.9375,2.0,1.25,0.9375,2
1629,Angers SCO,Montpellier HSC,2,0,0.3125,1.9375,0.3125,1.75,1
1630,AJ Auxerre,Lyon,1,3,1.3125,0.8125,2.5625,1.875,2
1631,Rennes,FC Nantes,2,1,2.0625,0.8125,1.375,1.6875,1
1632,Paris SG,Le Havre,2,1,3.25,0.875,1.875,2.375,1
1633,Monaco,RC Strasbourg Alsace,0,0,2.1875,1.0625,1.8125,0.875,0
1634,Marseille,Montpellier HSC,5,1,1.5625,2.125,0.1875,1.9375,1
1635,Lille,AJ Auxerre,3,1,1.25,1.125,1.3125,1.1875,1
1636,Nice,Angers SCO,2,1,1.5,1.5,0.6875,1.625,1
1637,Stade Brestois 29,Racing Club de Lens,1,3,2.0,2.0,0.6875,1.25,2
1638,Stade de Reims,Toulouse,1,0,1.0,1.1875,1.75,2.1875,1
1639,AS Saint-Étienne,Lyon,2,1,1.25,3.0625,2.5625,1.75,1
1640,FC Nantes,Paris SG,1,1,1.375,2.0,3.1875,0.875,0
1641,Paris SG,Nice,1,3,2.3125,0.8125,1.6875,1.375,2
1642,RC Strasbourg Alsace,AS Saint-Étienne,3,1,1.3125,0.5625,1.4375,2.4375,1
1643,Le Havre,Monaco,1,1,1.625,2.4375,1.9375,0.875,0
1644,Lyon,Rennes,4,1,2.375,1.4375,2.0,1.0,1
1645,Angers SCO,Lille,0,2,0.8125,1.5625,1.5625,1.3125,2
1646,FC Nantes,Toulouse,0,0,1.1875,1.75,1.4375,1.8125,0
1647,Montpellier HSC,Stade de Reims,0,0,0.25,2.6875,0.75,0.9375,0
1648,Racing Club de Lens,AJ Auxerre,0,4,1.125,1.3125,1.25,1.5,2
1649,Marseille,Stade Brestois 29,4,1,2.1875,1.8125,1.6875,2.125,1
1650,Nice,Stade de Reims,1,0,2.0,1.3125,0.75,0.5625,1
1651,RC Strasbourg Alsace,Paris SG,2,1,1.625,0.75,2.125,1.3125,1
1652,Toulouse,Rennes,2,1,1.0625,1.3125,2.0625,1.625,1
1653,AS Saint-Étienne,Monaco,1,3,1.5625,2.625,1.5625,0.75,2
1654,FC Nantes,Angers SCO,0,1,0.9375,1.5,0.8125,1.6875,2
1655,Lyon,Racing Club de Lens,1,2,2.625,1.5,1.0,1.9375,2
1656,Stade Brestois 29,Montpellier HSC,1,0,1.5,2.625,0.25,2.3125,1
1657,AJ Auxerre,Le Havre,1,2,1.75,1.375,1.4375,2.5625,2
1658,Lille,Marseille,1,1,1.6875,1.0,2.4375,1.75,0
1659,Stade de Reims,AS Saint-Étienne,0,2,0.5,0.6875,1.375,2.6875,2
1660,AJ Auxerre,FC Nantes,1,1,1.6875,1.25,0.75,1.0,0
1661,Angers SCO,RC Strasbourg Alsace,2,1,0.6875,1.6875,1.625,0.6875,1
1662,Le Havre,Marseille,1,3,1.625,1.9375,2.3125,1.5,2
1663,Rennes,Nice,2,0,1.625,1.75,1.75,1.0,1
1664,Montpellier HSC,Paris SG,1,4,0.25,2.125,2.0,1.5625,2
1665,Toulouse,Racing Club de Lens,1,1,1.3125,1.1875,1.375,1.75,0
1666,Stade Brestois 29,Lille,2,0,1.3125,1.8125,1.5625,0.8125,1
1667,Monaco,Lyon,2,0,1.5625,0.75,2.1875,1.6875,1
1668,Marseille,Rennes,4,2,2.25,1.375,1.6875,1.625,1
1669,Lyon,Angers SCO,2,0,1.9375,1.625,0.75,1.4375,1
1670,Nice,Stade Brestois 29,6,0,1.375,1.25,1.5625,1.4375,1
1671,AS Saint-Étienne,Toulouse,2,3,1.4375,2.25,1.25,1.1875,2
1672,Lille,Stade de Reims,2,1,1.125,1.0,0.375,1.0,1
1673,RC Strasbourg Alsace,Le Havre,2,3,1.8125,1.0625,1.625,2.0,2
1674,FC Nantes,Montpellier HSC,3,0,0.625,1.0,0.25,2.0,1
1675,Racing Club de Lens,Monaco,4,0,1.125,1.625,1.875,0.625,1
1676,Paris SG,AJ Auxerre,3,1,2.4375,1.5,1.5625,1.0625,1
1677,Rennes,Marseille,1,0,1.6875,1.875,2.375,1.625,1
1678,Racing Club de Lens,Lyon,0,1,1.6875,0.875,1.6875,1.4375,2
1679,Monaco,Le Havre,3,1,1.5625,1.25,1.8125,2.0625,1
1680,Nice,Toulouse,0,1,1.9375,1.0625,1.5625,1.5625,2
1681,Stade Brestois 29,Lille,3,3,1.375,1.9375,1.1875,1.1875,0
1685,FC Nantes,Paris SG,0,1,1.1875,0.875,2.625,1.25,2
1686,Paris SG,Angers SCO,1,0,2.4375,0.9375,0.8125,1.1875,1
1687,Marseille,Paris,5,2,2.25,1.625,0.0,1.0,1
1688,Nice,AJ Auxerre,3,1,1.8125,1.125,1.1875,1.3125,1
1689,Lyon,FC Metz,3,0,1.625,1.1875,0.0,1.0,1
1690,FC Lorient,Rennes,4,0,0.0,1.0,1.6875,1.375,1
1691,Le Havre,Racing Club de Lens,1,2,1.6875,2.4375,1.375,0.9375,2
1692,Toulouse,Stade Brestois 29,2,0,1.4375,1.375,1.6875,2.5,1
1693,RC Strasbourg Alsace,FC Nantes,1,0,1.625,1.375,1.1875,0.875,1
1694,Lille,Monaco,1,0,1.5625,1.5,1.6875,1.25,1
1695,Racing Club de Lens,Stade Brestois 29,3,1,1.5625,1.0,1.4375,2.875,1
1696,FC Lorient,Lille,1,7,2.0,0.5,1.75,1.1875,2
1697,FC Nantes,AJ Auxerre,1,0,1.0,0.9375,1.1875,1.6875,1
1698,Toulouse,Paris SG,3,6,1.625,1.125,1.9375,0.75,2
1699,Angers SCO,Rennes,1,1,0.5625,1.125,1.4375,2.0625,0
1700,Le Havre,Nice,3,1,1.625,2.1875,2.3125,1.0,1
1701,Monaco,RC Strasbourg Alsace,3,2,1.3125,1.4375,1.5625,1.0625,1
1702,Paris,FC Metz,3,2,1.0,3.0,0.0,2.0,1
1703,Lyon,Marseille,1,0,1.9375,0.8125,2.75,1.6875,1
1704,Marseille,FC Lorient,4,0,2.1875,1.4375,1.6666666666666667,2.6666666666666665,1
1705,Nice,FC Nantes,1,0,1.6875,1.4375,0.6875,0.75,1
1706,AJ Auxerre,Monaco,1,2,1.0,1.5,1.75,1.25,2
1707,Lille,Toulouse,2,1,2.75,1.25,1.6875,1.75,1
1708,FC Metz,Angers SCO,1,1,0.6666666666666666,2.3333333333333335,0.75,0.875,0
1709,Paris SG,Racing Club de Lens,2,0,2.3125,1.125,1.625,1.125,1
1710,RC Strasbourg Alsace,Le Havre,1,0,1.4375,1.125,1.625,2.0,1
1711,Stade Brestois 29,Paris,1,2,1.375,2.5625,1.6666666666666667,2.6666666666666665,2
1712,Rennes,Lyon,3,1,1.1875,1.75,1.75,0.5625,1
1713,Lyon,Angers SCO,1,0,1.6875,1.0625,0.8125,1.0,1
1714,FC Nantes,Rennes,2,2,0.5625,0.75,1.625,1.875,0
1715,Stade Brestois 29,Nice,4,1,1.0625,2.5,1.8125,1.1875,1
1716,Racing Club de Lens,Lille,3,0,1.5625,1.375,2.6875,0.9375,1
1717,Paris,RC Strasbourg Alsace,2,3,2.1,2.5,1.4375,1.125,2
1718,Le Havre,FC Lorient,1,1,1.375,1.8125,1.5,3.4,0
1719,AJ Auxerre,Toulouse,1,0,1.0,1.875,1.625,1.9375,1
1720,Monaco,FC Metz,5,2,1.6875,1.8125,0.9,2.2,1
1721,Marseille,Paris SG,1,0,2.3125,1.125,2.5,1.125,1
1722,RC Strasbourg Alsace,Marseille,1,2,1.75,1.375,2.1875,0.9375,2
1723,FC Lorient,Monaco,3,1,0.9090909090909091,3.3636363636363638,2.25,1.9375,1
1724,Toulouse,FC Nantes,2,2,1.3125,2.0,0.875,0.875,0
1725,Paris SG,AJ Auxerre,2,0,2.25,1.25,1.0,1.3125,1
1726,Nice,Paris,1,1,1.5,1.6875,2.090909090909091,2.1818181818181817,0
1727,FC Metz,Le Havre,0,0,1.3636363636363635,2.8181818181818183,1.375,1.4375,0
1728,Lille,Lyon,0,1,2.4375,1.4375,1.3125,1.0,2
1729,Angers SCO,Stade Brestois 29,0,2,0.6875,1.0625,1.625,2.25,2
1730,Rennes,Racing Club de Lens,0,0,1.6875,1.6875,1.875,1.125,0
1731,Paris,FC Lorient,2,0,1.6666666666666667,1.9166666666666667,1.4166666666666667,2.1666666666666665,1
1732,FC Metz,Marseille,0,3,0.9166666666666666,2.0833333333333335,2.375,0.75,2
1733,Stade Brestois 29,FC Nantes,0,0,1.8125,1.6875,1.0625,1.1875,0
1734,AJ Auxerre,Racing Club de Lens,1,2,0.9375,1.375,1.3125,0.9375,2
1735,Lyon,Toulouse,1,2,1.3125,0.875,1.3125,1.5625,2
1736,RC Strasbourg Alsace,Angers SCO,5,0,1.6875,1.375,0.5,1.1875,1
1737,Le Havre,Rennes,2,2,0.9375,1.1875,1.4375,1.5,0
1738,Monaco,Nice,2,2,2.1875,2.125,1.4375,1.4375,0
1739,Lille,Paris SG,1,1,1.375,1.4375,1.8125,0.8125,0
1740,Paris SG,RC Strasbourg Alsace,3,3,1.6875,0.8125,2.3125,1.3125,0
1741,Nice,Lyon,3,2,1.5,1.75,1.125,0.8125,1
1742,Angers SCO,Monaco,1,1,0.375,1.875,1.8125,2.25,0
1743,Marseille,Le Havre,6,2,2.625,0.6875,1.25,1.375,1
1744,Racing Club de Lens,Paris,2,1,1.6875,0.625,1.6923076923076923,1.6153846153846154,1
1745,FC Lorient,Stade Brestois 29,3,3,1.3076923076923077,1.8461538461538463,1.625,1.1875,0
1746,Toulouse,FC Metz,4,0,1.5625,1.5,0.6923076923076923,2.4615384615384617,1
1747,Rennes,AJ Auxerre,2,2,1.375,1.5,0.75,1.5,0
1748,FC Nantes,Lille,0,2,1.0625,1.0625,1.1875,1.5,2
1749,Paris,FC Nantes,1,2,1.5,1.5,0.8125,1.125,2
1750,Stade Brestois 29,Paris SG,0,3,1.625,1.625,2.1875,1.125,2
1751,Monaco,Toulouse,1,0,1.4375,1.5,2.1875,1.3125,1
1752,Racing Club de Lens,Marseille,2,1,1.5625,0.75,2.9375,1.125,1
1753,Lille,FC Metz,6,1,1.5,1.0625,0.35714285714285715,2.4285714285714284,1
1754,AJ Auxerre,Le Havre,0,1,0.9375,1.75,1.375,2.3125,2
1755,Angers SCO,FC Lorient,2,0,0.5,1.9375,1.7142857142857142,2.2142857142857144,1
1756,Rennes,Nice,1,2,1.4375,1.5,1.875,1.625,2
1757,Lyon,RC Strasbourg Alsace,2,1,1.3125,1.25,2.375,1.5625,1
1758,Le Havre,Stade Brestois 29,1,0,1.5,2.125,1.25,2.1875,1
1759,FC Lorient,Paris SG,1,1,1.2,2.3333333333333335,2.25,1.0625,0
1760,FC Metz,Racing Club de Lens,2,0,0.5333333333333333,3.466666666666667,1.875,0.875,1
1761,Nice,Lille,2,0,2.125,1.5625,2.625,1.0,1
1762,FC Nantes,Monaco,3,5,0.875,1.0,1.375,1.1875,2
1763,Paris,Lyon,3,3,1.4666666666666666,1.6666666666666667,1.5625,1.3125,0
1764,Toulouse,Rennes,2,2,1.875,1.1875,1.5,1.875,0
1765,Marseille,Angers SCO,2,2,2.4375,1.375,0.75,1.625,0
1766,RC Strasbourg Alsace,AJ Auxerre,3,0,2.375,1.5625,0.875,1.625,1
1767,Paris SG,Nice,1,0,2.125,1.0625,1.875,1.3125,1
1768,Monaco,Paris,0,1,2.0,1.5,1.6875,2.125,2
1769,AJ Auxerre,Marseille,0,1,0.6875,1.75,2.0625,1.4375,2
1770,Rennes,RC Strasbourg Alsace,4,1,1.5,1.75,2.1875,1.375,1
1771,FC Nantes,FC Metz,0,2,1.25,1.9375,0.875,2.875,2
1772,Toulouse,Le Havre,0,0,1.8125,1.3125,1.25,1.75,0
1773,Lille,Angers SCO,1,0,2.375,1.1875,1.125,1.25,1
1774,Racing Club de Lens,FC Lorient,3,0,1.375,1.125,1.3125,2.125,1
1775,Stade Brestois 29,Lyon,0,0,1.25,2.0,1.875,1.625,0
1776,Paris,Rennes,0,1,1.75,1.8125,1.9375,1.6875,2
1777,Marseille,Stade Brestois 29,3,0,1.6875,1.0,0.6875,1.4375,1
1778,Le Havre,FC Nantes,1,1,0.9375,0.8125,1.25,2.0,0
1779,Monaco,Racing Club de Lens,1,4,1.875,1.375,1.6875,0.9375,2
1780,FC Lorient,Toulouse,1,1,0.9375,2.25,1.25,1.3125,0
1781,FC Metz,Nice,2,1,1.25,2.3125,1.5,1.1875,1
1782,RC Strasbourg Alsace,Lille,2,0,1.9375,1.75,2.125,1.0,1
1783,Angers SCO,AJ Auxerre,2,0,0.9375,1.3125,0.375,1.6875,1
1784,Lyon,Paris SG,2,3,1.5625,1.25,1.875,0.6875,2
1785,Nice,Marseille,1,5,1.25,1.375,1.9375,0.75,2
1786,Racing Club de Lens,RC Strasbourg Alsace,1,0,2.0625,0.9375,2.125,1.5,1
1787,Rennes,Monaco,4,1,2.0,1.1875,1.125,1.625,1
1788,Paris SG,Le Havre,3,0,2.0,1.0625,0.9375,0.875,1
1789,AJ Auxerre,Lyon,0,0,0.3125,1.75,1.5,1.6875,0
1790,FC Nantes,FC Lorient,1,1,1.1875,2.0,0.875,2.1875,0
1791,Toulouse,Angers SCO,0,1,1.3125,1.375,1.0625,1.25,2
1792,Stade Brestois 29,FC Metz,3,2,0.6875,1.5,1.5,1.5625,1
1793,Lille,Paris,4,2,1.3125,1.25,1.5,1.4375,1
1794,FC Metz,Rennes,0,1,1.5,1.9375,2.4375,1.0625,2
1795,Monaco,Paris SG,1,0,1.375,2.3125,2.0625,0.75,1
1796,Paris,AJ Auxerre,1,1,1.3125,1.6875,0.3125,1.3125,0
1797,Marseille,Toulouse,2,2,2.75,0.9375,0.875,0.9375,0
1798,RC Strasbourg Alsace,Stade Brestois 29,1,2,1.625,1.5,1.1875,1.5625,2
1799,Le Havre,Lille,0,1,0.625,1.375,1.625,1.3125,2
1800,FC Lorient,Nice,3,1,0.875,1.8125,1.125,2.125,1
1801,Angers SCO,Racing Club de Lens,1,2,0.9375,0.9375,2.0625,0.625,2
1802,Lyon,FC Nantes,3,0,1.0625,1.3125,0.9375,1.5625,1
1803,Stade Brestois 29,Monaco,1,0,1.5,1.625,1.3125,1.6875,1
1804,Lille,Marseille,1,0,1.5625,1.25,2.5625,1.3125,1
1805,FC Nantes,Racing Club de Lens,1,2,0.9375,1.8125,2.0625,0.6875,2
1806,Toulouse,RC Strasbourg Alsace,1,0,1.1875,1.1875,1.625,1.375,1
1807,Paris SG,Rennes,5,0,1.8125,0.9375,1.9375,0.875,1
1808,Nice,Angers SCO,0,1,1.25,2.5625,1.0625,1.125,2
1809,Le Havre,Paris,0,0,0.625,1.5,1.25,1.8125,0
1810,AJ Auxerre,FC Metz,3,1,0.4375,1.25,1.1875,2.0625,1
1811,FC Lorient,Lyon,1,0,1.4375,1.375,1.5625,1.125,1
1812,Angers SCO,FC Nantes,4,1,1.0,1.0625,0.875,1.9375,1
1813,Rennes,Stade Brestois 29,3,1,1.6875,1.6875,1.4375,1.1875,1
1814,FC Metz,Paris SG,2,3,1.0,2.1875,2.375,0.625,2
1815,Paris,Toulouse,0,3,1.125,1.5,1.25,1.0,2
1816,Lyon,Le Havre,1,0,1.25,0.9375,0.4375,1.3125,1
1817,AJ Auxerre,Lille,3,4,0.9375,1.1875,1.75,0.8125,2
1818,RC Strasbourg Alsace,FC Lorient,0,0,1.1875,1.4375,1.4375,1.1875,0
1819,Racing Club de Lens,Nice,2,0,1.75,0.75,1.0625,2.25,1
1820,Marseille,Monaco,1,0,1.8125,1.375,1.0625,1.0625,1
1821,Toulouse,Racing Club de Lens,0,3,1.6875,0.75,2.0,0.75,2
1822,Monaco,Lyon,1,3,0.875,1.25,1.375,0.9375,2
1823,Nice,RC Strasbourg Alsace,1,1,0.875,1.9375,1.125,1.1875,0
1824,Lille,Rennes,0,2,2.0,1.0625,1.75,1.75,2
1825,Marseille,FC Nantes,0,2,1.6875,1.0,0.8125,2.4375,2
1826,Le Havre,Angers SCO,2,1,0.4375,1.125,1.625,1.125,1
1827,FC Lorient,FC Metz,1,1,1.125,1.0,1.125,2.375,0
1828,Stade Brestois 29,AJ Auxerre,2,0,1.125,1.5,1.5,1.8125,1
1829,Paris SG,Paris,2,1,2.4375,1.0,0.8125,1.5,1
1830,Monaco,FC Lorient,1,3,0.75,1.5,0.9375,0.9375,2
1831,Paris SG,Lille,3,0,2.75,1.0,1.8125,1.375,1
1832,Racing Club de Lens,AJ Auxerre,1,0,2.1875,0.5625,1.3125,1.9375,1
1833,Toulouse,Nice,5,1,1.3125,1.0,0.8125,1.625,1
1834,Angers SCO,Marseille,2,5,1.6875,0.9375,1.5625,1.125,2
1835,RC Strasbourg Alsace,FC Metz,2,1,0.875,1.125,1.3125,2.25,1
1836,FC Nantes,Paris,1,2,1.1875,2.0625,0.75,1.75,2
1837,Rennes,Le Havre,1,1,1.875,1.625,0.6875,1.0625,0
1838,Lyon,Stade Brestois 29,2,1,1.5,1.0,1.25,1.375,1
1839,AJ Auxerre,Paris SG,0,1,0.8125,1.875,2.5,0.8125,2
1840,Rennes,FC Lorient,0,2,1.9375,1.0625,1.1875,0.9375,2
1841,Le Havre,Monaco,0,0,0.75,0.875,0.9375,3.0,0
1842,Marseille,Racing Club de Lens,3,1,1.9375,1.75,2.0,0.375,1
1843,FC Nantes,Nice,1,4,1.25,2.0625,0.8125,2.3125,2
1844,FC Metz,Lyon,2,5,1.375,2.0,1.75,0.875,2
1845,Paris,Angers SCO,0,0,1.0625,1.8125,1.875,1.8125,0
1846,Stade Brestois 29,Toulouse,0,2,1.125,1.5625,1.875,1.1875,2
1847,Lille,RC Strasbourg Alsace,1,4,1.5625,1.9375,1.0625,1.0,2
1848,Racing Club de Lens,Le Havre,1,0,1.8125,0.875,0.6875,0.75,1
1849,Paris,Marseille,2,2,1.0,1.3125,1.375,1.9375,0
1850,FC Lorient,FC Nantes,2,1,1.5625,0.8125,1.1875,2.25,1
1851,Monaco,Rennes,4,0,0.5625,1.75,1.5,1.1875,1
1852,Lyon,Lille,1,0,2.4375,1.1875,0.875,2.25,1
1853,Toulouse,AJ Auxerre,0,0,1.875,1.125,0.4375,1.5,0
1854,Nice,Stade Brestois 29,2,2,1.4375,2.1875,1.0,1.375,0
1855,Angers SCO,FC Metz,1,0,1.25,1.6875,1.4375,2.1875,1
1856,RC Strasbourg Alsace,Paris SG,1,2,1.75,1.0625,2.125,0.5625,2
1857,FC Metz,Lille,0,0,1.1875,2.25,0.875,2.0625,0
1858,Racing Club de Lens,Rennes,3,1,1.625,0.75,1.125,1.8125,1
1859,Stade Brestois 29,FC Lorient,2,0,1.125,1.6875,1.75,0.8125,1
1860,FC Nantes,Lyon,0,1,0.9375,2.3125,2.0625,0.875,2
1861,Nice,Monaco,0,0,1.5625,2.4375,1.0625,0.875,0
1862,Le Havre,RC Strasbourg Alsace,2,1,0.375,0.8125,1.625,1.3125,1
1863,AJ Auxerre,Paris,0,0,0.4375,1.0625,1.0625,1.25,0
1864,Angers SCO,Toulouse,1,0,1.1875,1.3125,1.75,0.625,1
1865,Paris SG,Marseille,5,0,2.1875,0.5625,1.625,1.875,1
1866,Rennes,Paris SG,3,1,0.9375,2.1875,2.6875,0.5625,1
1867,Monaco,FC Nantes,3,1,1.0,0.875,0.8125,2.125,1
1868,Marseille,RC Strasbourg Alsace,2,2,1.125,2.5625,1.5,1.3125,0
1869,Lille,Stade Brestois 29,1,1,0.8125,1.6875,1.375,1.4375,0
1870,Paris,Racing Club de Lens,0,5,0.75,1.125,1.875,0.9375,2
1871,Le Havre,Toulouse,2,1,0.625,0.875,1.125,0.6875,1
1872,FC Lorient,Angers SCO,2,0,1.375,0.875,1.125,0.625,1
1873,FC Metz,AJ Auxerre,1,3,0.9375,2.0,0.4375,0.875,2
1874,Lyon,Nice,2,0,2.0,0.75,1.4375,1.75,1
1875,Stade Brestois 29,Marseille,2,0,1.5625,1.1875,1.5,2.5,1
1876,Racing Club de Lens,Monaco,2,3,2.4375,0.5,1.375,1.5625,2
1877,Toulouse,Paris,1,1,1.0,1.0,0.75,2.0,0
1878,Paris SG,FC Metz,3,0,2.5625,1.0,0.75,1.875,1
1879,AJ Auxerre,Rennes,0,3,1.0,0.8125,1.4375,2.125,2
1880,FC Nantes,Le Havre,2,0,0.8125,2.125,0.9375,1.0,1
1881,Nice,FC Lorient,3,3,0.875,1.875,1.4375,0.8125,0
1882,Angers SCO,Lille,0,1,1.0,1.0,0.875,1.25,2
1883,RC Strasbourg Alsace,Lyon,3,1,1.25,1.5625,1.625,0.3125,1
1884,RC Strasbourg Alsace,Racing Club de Lens,1,1,1.6875,1.4375,2.625,1.0625,0
1885,Rennes,Toulouse,1,0,1.75,1.5625,1.1875,1.125,1
1886,Monaco,Angers SCO,2,0,1.875,1.9375,0.8125,1.1875,1
1887,Le Havre,Paris SG,0,1,0.9375,1.0625,2.6875,0.875,2
1888,Paris,Nice,1,0,0.5625,1.6875,1.125,1.875,1
1889,FC Lorient,AJ Auxerre,2,2,1.6875,1.1875,1.0,1.375,0
1890,FC Metz,Stade Brestois 29,0,1,0.625,2.125,1.5,0.8125,2
1891,Lille,FC Nantes,1,0,0.8125,1.0,1.0,1.8125,1
1892,Marseille,Lyon,3,2,1.0625,2.5,1.6875,0.875,1
1893,Paris SG,Monaco,1,3,2.25,0.8125,1.9375,1.375,2
1894,FC Nantes,Angers SCO,0,1,1.0,1.6875,0.625,1.4375,2
1895,AJ Auxerre,RC Strasbourg Alsace,0,0,1.3125,1.6875,1.6875,1.25,0
1896,Toulouse,Marseille,0,1,1.0625,1.0625,1.5625,2.25,2
1897,Racing Club de Lens,FC Metz,3,0,2.3125,1.0625,0.625,2.25,1
1898,Nice,Rennes,0,4,1.0625,1.875,1.75,1.1875,2
1899,Lille,FC Lorient,1,1,0.9375,1.0,1.875,1.25,0
1900,Stade Brestois 29,Le Havre,2,0,1.3125,0.75,0.6875,1.0625,1
1901,Lyon,Paris,1,1,1.75,1.4375,0.6875,1.625,0
1902,Marseille,AJ Auxerre,1,0,1.5,1.875,0.75,1.5,1
1903,FC Lorient,Racing Club de Lens,2,1,1.75,1.4375,2.125,1.0,1
1904,Angers SCO,Nice,0,2,0.75,1.1875,1.0625,2.3125,2
1905,Monaco,Stade Brestois 29,2,0,2.0625,0.9375,1.5,0.625,1
1906,RC Strasbourg Alsace,Paris,0,0,1.4375,0.9375,0.875,1.1875,0
1907,Le Havre,Lyon,0,0,0.4375,1.3125,1.6875,1.5625,0
1908,FC Metz,Toulouse,3,4,0.4375,2.25,0.875,1.0,2
1909,Rennes,Lille,1,2,2.125,0.75,0.9375,1.0625,2
1910,Racing Club de Lens,Angers SCO,5,1,1.9375,1.0,0.5,1.375,1
1911,Toulouse,FC Lorient,1,0,1.3125,1.4375,1.75,1.25,1
1912,AJ Auxerre,Stade Brestois 29,3,0,0.5625,1.0625,1.1875,0.8125,1
1913,Nice,Paris SG,0,4,1.0625,1.8125,2.0,1.0,2
1914,Lyon,Monaco,1,2,1.5,1.1875,2.1875,0.6875,2
1915,Paris,Le Havre,3,2,0.75,0.875,0.4375,1.0,1
1916,Marseille,Lille,1,2,1.375,1.5,0.9375,1.0625,2
1917,Rennes,FC Metz,0,0,1.75,1.0625,0.875,2.4375,0
1918,FC Nantes,RC Strasbourg Alsace,2,3,0.8125,1.375,1.0625,0.8125,2
1919,Paris SG,Toulouse,3,1,2.1875,0.875,1.5,1.125,1
1920,RC Strasbourg Alsace,Nice,3,1,1.4375,1.0,1.0,2.375,1
1921,Stade Brestois 29,Rennes,3,4,0.9375,1.375,1.5,1.0625,2
1922,Lille,Racing Club de Lens,3,0,1.1875,1.125,2.5625,1.0625,1
1923,Angers SCO,Lyon,0,0,0.625,1.9375,1.25,1.125,0
1924,Le Havre,AJ Auxerre,1,1,0.6875,1.375,0.875,0.6875,0
1925,FC Lorient,Paris,1,1,1.4375,1.125,1.125,1.125,0
1926,FC Metz,FC Nantes,0,0,0.8125,2.25,0.875,1.6875,0
1927,Monaco,Marseille,2,1,2.3125,0.875,1.1875,1.4375,1
1928,Paris,Monaco,4,1,1.0625,1.125,2.0625,0.9375,1
1929,Marseille,FC Metz,3,1,1.0625,1.75,0.75,1.75,1
1930,AJ Auxerre,FC Nantes,0,0,1.0625,0.8125,0.75,1.5625,0
1931,Rennes,Angers SCO,2,1,1.6875,1.5625,0.375,1.625,1
1932,Toulouse,Lille,0,4,1.375,1.5,1.625,0.8125,2
1933,Nice,Le Havre,1,1,1.125,2.125,0.8125,1.25,0
1934,Lyon,FC Lorient,2,0,1.0,0.9375,1.3125,1.125,1
1935,Racing Club de Lens,Toulouse,3,2,2.125,1.625,0.75,1.875,1
1936,FC Lorient,Marseille,2,0,0.9375,1.375,1.5,1.75,1
1937,Angers SCO,Le Havre,1,1,0.5625,1.75,1.0,1.4375,0
1938,Lille,Nice,0,0,2.0625,0.4375,0.8125,2.25,0
1939,Monaco,AJ Auxerre,2,2,2.0,1.6875,1.0625,0.625,0
1940,FC Metz,Paris,1,3,0.4375,1.5,1.8125,1.3125,2
1941,FC Nantes,Stade Brestois 29,1,1,0.6875,1.3125,1.1875,2.0,0
1942,RC Strasbourg Alsace,Rennes,0,3,1.875,1.125,1.9375,1.375,2
1943,Paris SG,Lyon,1,2,2.5,1.0,1.0625,0.8125,2
1944,Paris SG,FC Nantes,3,0,2.375,1.0,0.5625,0.875,1
1945,Stade Brestois 29,Racing Club de Lens,3,3,1.375,1.8125,2.5,1.5625,0
1946,Lyon,AJ Auxerre,3,2,1.25,0.75,1.0625,1.0,1
1947,Angers SCO,Paris SG,0,3,0.5625,1.3125,2.375,1.0,2
1948,Toulouse,Monaco,2,2,1.0,2.4375,1.9375,1.875,0
1949,FC Lorient,RC Strasbourg Alsace,2,3,1.1875,1.1875,1.625,1.625,2
1950,Le Havre,FC Metz,4,4,0.9375,1.1875,0.625,2.0,0
1951,Paris,Lille,0,1,1.875,1.125,1.8125,0.25,2
1952,Rennes,FC Nantes,2,1,2.5,1.125,0.5,1.3125,1
1953,Marseille,Nice,1,1,1.25,1.75,0.6875,1.625,0
1954,FC Nantes,Marseille,3,0,0.6875,1.625,1.3125,1.375,1
1955,Paris SG,FC Lorient,2,2,2.4375,0.8125,1.4375,1.5,0
1956,FC Metz,Monaco,1,2,1.375,2.75,1.9375,1.9375,2
1957,Nice,Racing Club de Lens,1,1,0.75,1.4375,2.375,2.0,0
1958,Lille,Le Havre,1,1,1.625,0.25,1.4375,1.75,0
1959,AJ Auxerre,Angers SCO,3,1,1.3125,1.4375,0.5,1.875,1
1960,Paris,Stade Brestois 29,4,0,1.75,1.1875,1.8125,1.875,1
1961,RC Strasbourg Alsace,Toulouse,1,2,1.75,1.625,1.25,2.375,2
1962,Lyon,Rennes,4,2,1.75,1.125,2.3125,0.75,1
1963,Racing Club de Lens,FC Nantes,1,0,2.375,1.75,1.0625,1.3125,1
1964,Le Havre,Marseille,0,1,1.375,1.75,0.8125,1.6875,2
1965,AJ Auxerre,Nice,2,1,1.6875,1.5625,0.8125,1.375,1
1966,Monaco,Lille,0,1,2.0,1.5,1.25,0.375,2
1967,FC Metz,FC Lorient,0,4,1.375,2.5625,1.6875,1.625,2
1968,Toulouse,Lyon,2,1,1.5625,1.9375,2.125,1.5,1
1969,Paris SG,Stade Brestois 29,1,0,2.375,0.9375,1.3125,2.125,1
1970,Angers SCO,RC Strasbourg Alsace,1,1,0.5625,2.0625,1.5,1.75,0
1971,Rennes,Paris,2,1,2.25,1.3125,2.0,0.75,1
1972,Stade Brestois 29,RC Strasbourg Alsace,1,2,1.125,2.125,1.5625,1.4375,2
1973,Racing Club de Lens,Paris SG,0,2,1.875,1.5,2.125,0.75,2
1974,FC Lorient,Le Havre,0,2,2.0,1.4375,1.25,1.6875,2
1975,Paris,Paris SG,2,1,1.75,0.9375,1.9375,0.75,1
1976,Nice,FC Metz,0,0,0.8125,1.5625,1.25,2.75,0
1977,Lyon,Racing Club de Lens,0,4,2.0,1.5625,1.375,1.3125,2
1978,Marseille,Rennes,3,1,1.0,1.3125,2.0625,1.5,1
1979,Lille,AJ Auxerre,0,2,1.375,0.375,1.8125,1.3125,2
1980,RC Strasbourg Alsace,Monaco,5,4,1.375,1.3125,1.625,1.3125,1
1981,Stade Brestois 29,Angers SCO,1,1,0.8125,2.125,0.625,2.0625,0
1992,RC Celta de Vigo,Valencia,3,1,2.0,1.0,1.0,2.0,1
1993,Sevilla,Villarreal,1,2,2.0,2.0,2.0,2.0,2
1994,CA Osasuna,RCD Mallorca,1,0,1.0,1.0,1.0,1.0,1
1995,Barcelona,Athletic Bilbao,2,1,2.0,1.0,1.0,1.0,1
1996,Getafe,Rayo Vallecano de Madrid,0,0,1.0,1.0,2.0,1.0,0
1997,RCD Espanyol de Barcelona,Real Sociedad,0,1,0.0,1.0,1.0,2.0,2
1998,Real Madrid,Real Valladolid,3,0,1.0,1.0,1.0,0.0,1
1999,CD Leganés,UD Las Palmas,2,1,1.0,1.0,2.0,2.0,1
2000,Deportivo Alavés,Real Betis,0,0,1.0,2.0,1.0,1.0,0
2001,Atletico Madrid,Girona,3,0,2.0,2.0,1.0,1.0,1
2002,Villarreal,RC Celta de Vigo,4,3,2.0,1.5,2.5,1.0,1
2003,RCD Mallorca,Sevilla,0,0,0.5,1.0,1.5,2.0,0
2004,Rayo Vallecano de Madrid,Barcelona,1,2,1.0,0.5,2.0,1.0,2
2005,Athletic Bilbao,Valencia,1,0,1.0,1.5,1.0,2.5,1
2006,Real Valladolid,CD Leganés,0,0,0.5,1.5,1.5,1.0,0
2007,Real Sociedad,Deportivo Alavés,1,2,1.0,1.0,0.5,1.0,2
2008,Atletico Madrid,RCD Espanyol de Barcelona,0,0,2.5,1.0,0.0,1.0,0
2009,Girona,CA Osasuna,4,0,0.5,2.0,1.0,0.5,1
2010,UD Las Palmas,Real Madrid,1,1,1.5,2.0,2.0,0.5,0
2011,Barcelona,Real Valladolid,7,0,2.0,1.0,0.3333333333333333,1.0,1
2012,Athletic Bilbao,Atletico Madrid,0,1,1.0,1.0,1.6666666666666667,0.6666666666666666,2
2013,RCD Espanyol de Barcelona,Rayo Vallecano de Madrid,2,1,0.0,0.6666666666666666,1.0,1.0,1
2014,CD Leganés,RCD Mallorca,0,1,1.0,0.6666666666666666,0.3333333333333333,0.6666666666666666,2
2015,Valencia,Villarreal,1,1,0.6666666666666666,2.0,2.6666666666666665,2.0,0
2016,CA Osasuna,RC Celta de Vigo,3,2,0.6666666666666666,1.6666666666666667,2.6666666666666665,2.0,1
2017,Deportivo Alavés,UD Las Palmas,2,0,1.0,1.0,1.3333333333333333,1.6666666666666667,1
2018,Sevilla,Girona,0,2,1.0,1.3333333333333333,1.6666666666666667,1.3333333333333333,2
2019,Getafe,Real Sociedad,0,0,0.5,0.5,1.0,1.3333333333333333,0
2020,Real Madrid,Real Betis,2,0,1.6666666666666667,0.6666666666666666,0.5,0.5,1
2021,Real Betis,CD Leganés,2,0,0.3333333333333333,1.0,0.7,0.7,1
2022,RCD Mallorca,Villarreal,1,2,0.4,0.4,2.3,1.7,2
2023,RCD Espanyol de Barcelona,Deportivo Alavés,3,2,0.6,0.7,1.3,0.5,1
2024,Sevilla,Getafe,1,0,0.5,1.4,0.3333333333333333,0.3333333333333333,1
2025,Real Sociedad,Real Madrid,0,2,0.7,0.8,1.9,0.4,2
2026,RC Celta de Vigo,Real Valladolid,3,1,2.6,2.5,0.1,3.0,1
2027,Girona,Barcelona,1,4,1.9,1.0,3.5,0.7,2
2028,UD Las Palmas,Athletic Bilbao,2,3,0.8,1.7,0.7,1.0,2
2029,Atletico Madrid,Valencia,3,0,1.4,0.2,0.7,1.7,1
2030,Rayo Vallecano de Madrid,CA Osasuna,3,1,0.8,1.3,1.3,1.9,1
2031,RCD Mallorca,Real Sociedad,1,0,0.6363636363636364,0.7272727272727273,0.45454545454545453,1.2727272727272727,1
2032,Real Betis,Getafe,2,1,0.7,0.7,0.1,0.4,1
2033,CD Leganés,Athletic Bilbao,0,2,0.2727272727272727,1.0,1.2727272727272727,1.0909090909090908,2
2034,Deportivo Alavés,Sevilla,2,1,1.7272727272727273,1.2727272727272727,0.5454545454545454,0.9090909090909091,1
2035,Real Valladolid,Real Sociedad,0,0,0.36363636363636365,3.0,0.25,1.0833333333333333,0
2036,CA Osasuna,UD Las Palmas,2,1,1.2727272727272727,2.5454545454545454,1.0909090909090908,2.0,1
2037,Valencia,Girona,2,0,0.45454545454545453,1.8181818181818181,1.1666666666666667,1.5833333333333333,1
2038,Real Madrid,RCD Espanyol de Barcelona,4,1,2.1666666666666665,0.4166666666666667,1.3636363636363635,1.0,1
2039,Getafe,CD Leganés,1,1,0.36363636363636365,0.9090909090909091,0.25,1.4166666666666667,0
2040,Athletic Bilbao,RC Celta de Vigo,3,1,1.5,1.0,2.6363636363636362,2.3636363636363638,1
2041,Villarreal,Barcelona,1,5,2.272727272727273,1.6363636363636365,3.5,1.0,2
2042,Rayo Vallecano de Madrid,Atletico Madrid,1,1,1.5454545454545454,1.4545454545454546,1.9166666666666667,0.4166666666666667,0
2043,Real Betis,RCD Mallorca,1,2,1.1818181818181819,0.9090909090909091,0.8333333333333334,0.6666666666666666,2
2044,Sevilla,Real Valladolid,2,1,0.75,1.3333333333333333,0.3333333333333333,2.75,1
2045,Valencia,CA Osasuna,0,0,0.9166666666666666,1.5,1.6666666666666667,1.9166666666666667,0
2046,Real Madrid,Deportivo Alavés,3,2,2.6153846153846154,0.6153846153846154,1.75,1.25,1
2047,Girona,Rayo Vallecano de Madrid,0,0,0.7692307692307693,1.9230769230769231,1.5,1.25,0
2048,Barcelona,Getafe,1,0,3.3076923076923075,1.1538461538461537,0.5833333333333334,1.0833333333333333,1
2049,UD Las Palmas,Real Betis,1,1,1.0833333333333333,2.1666666666666665,1.3333333333333333,1.0,0
2050,RCD Espanyol de Barcelona,Villarreal,1,2,1.5,1.9166666666666667,1.6666666666666667,2.25,2
2051,RC Celta de Vigo,Atletico Madrid,0,1,2.1666666666666665,2.25,1.8461538461538463,0.6153846153846154,2
2052,Real Valladolid,RCD Mallorca,1,2,0.5384615384615384,1.9230769230769231,1.0769230769230769,0.8461538461538461,2
2053,Getafe,Deportivo Alavés,2,0,0.5384615384615384,1.0769230769230769,1.7692307692307692,1.8461538461538463,1
2054,Rayo Vallecano de Madrid,CD Leganés,1,1,1.2307692307692308,0.8461538461538461,0.46153846153846156,1.3846153846153846,0
2055,Real Sociedad,Valencia,3,0,0.23076923076923078,1.0,0.6923076923076923,1.2307692307692308,1
2056,CA Osasuna,Barcelona,4,2,1.0769230769230769,1.4615384615384615,2.7142857142857144,0.9285714285714286,1
2057,RC Celta de Vigo,Girona,1,1,1.6923076923076923,1.8461538461538463,0.5714285714285714,1.2142857142857142,0
2058,Athletic Bilbao,Sevilla,1,1,2.076923076923077,1.0,1.1538461538461537,1.1538461538461537,0
2059,Real Betis,RCD Espanyol de Barcelona,1,0,1.1538461538461537,1.1538461538461537,1.3076923076923077,2.076923076923077,1
2060,Atletico Madrid,Real Madrid,1,1,1.5,0.5714285714285714,2.7857142857142856,1.0,0
2061,Villarreal,UD Las Palmas,3,1,1.8461538461538463,2.1538461538461537,1.2307692307692308,1.9230769230769231,1
2062,CD Leganés,Valencia,0,0,0.6428571428571429,1.2142857142857142,0.6428571428571429,1.3571428571428572,0
2063,RCD Espanyol de Barcelona,RCD Mallorca,2,1,0.7857142857142857,1.8571428571428572,1.2857142857142858,0.7142857142857143,1
2064,Getafe,CA Osasuna,1,1,0.7857142857142857,0.7142857142857143,1.7142857142857142,1.3571428571428572,0
2065,Real Valladolid,Rayo Vallecano de Madrid,1,2,0.5714285714285714,1.7857142857142858,0.9285714285714286,0.8571428571428571,2
2066,UD Las Palmas,RC Celta de Vigo,0,1,1.0714285714285714,2.0,1.3571428571428572,1.7857142857142858,2
2067,Real Madrid,Villarreal,2,0,1.75,1.0,2.0714285714285716,2.0714285714285716,1
2068,Girona,Athletic Bilbao,2,1,1.0625,1.4375,1.7142857142857142,0.8571428571428571,1
2069,Deportivo Alavés,Barcelona,0,3,1.3571428571428572,1.7142857142857142,2.9375,1.1875,2
2070,Sevilla,Real Betis,1,0,1.1428571428571428,1.2857142857142858,1.0,0.9285714285714286,1
2071,Real Sociedad,Atletico Madrid,1,1,0.8571428571428571,0.6428571428571429,1.125,1.1875,0
2072,Deportivo Alavés,Real Valladolid,2,3,1.0,2.066666666666667,0.7333333333333333,2.066666666666667,2
2073,Athletic Bilbao,RCD Espanyol de Barcelona,4,1,1.5333333333333334,1.2,1.0,1.4,1
2074,CA Osasuna,Real Betis,1,2,1.5333333333333334,1.3333333333333333,0.8,0.8,2
2075,Girona,Real Sociedad,0,1,1.375,1.5625,1.0,0.6666666666666666,2
2076,RC Celta de Vigo,Real Madrid,1,2,1.3333333333333333,1.2666666666666666,1.6875,0.6875,2
2077,RCD Mallorca,Rayo Vallecano de Madrid,1,0,1.2666666666666666,1.0666666666666667,1.1333333333333333,0.8666666666666667,1
2078,Atletico Madrid,CD Leganés,3,1,1.0625,1.25,0.6,0.8666666666666667,1
2079,Villarreal,Getafe,1,1,1.8,1.6666666666666667,0.8,0.7333333333333333,0
2080,Barcelona,Sevilla,5,1,3.25,1.125,1.1333333333333333,0.9333333333333333,1
2081,Valencia,UD Las Palmas,2,3,0.3333333333333333,1.2666666666666666,0.8666666666666667,1.8,2
2082,RCD Espanyol de Barcelona,Sevilla,0,2,1.0,1.8125,1.0,1.6875,2
2083,Real Valladolid,Villarreal,1,2,1.125,2.0625,1.625,1.625,2
2084,Rayo Vallecano de Madrid,Deportivo Alavés,1,0,1.0625,1.0,1.0625,2.125,1
2085,UD Las Palmas,Girona,1,0,1.25,1.9375,1.125,1.0625,1
2086,Real Madrid,Barcelona,0,4,2.625,0.9375,3.8125,0.875,2
2087,CD Leganés,RC Celta de Vigo,3,0,0.625,1.25,1.4375,1.4375,1
2088,Getafe,Valencia,1,1,0.9375,0.75,0.6875,1.75,0
2089,Real Betis,Atletico Madrid,1,0,1.0,0.8125,1.5,1.375,1
2090,Real Sociedad,CA Osasuna,0,2,1.125,0.625,1.625,1.625,2
2091,RCD Mallorca,Athletic Bilbao,0,0,1.125,0.875,1.8125,1.1875,0
2092,Deportivo Alavés,RCD Mallorca,1,0,1.0,1.9375,0.8125,0.6875,1
2093,CA Osasuna,Real Valladolid,1,0,1.4375,1.3125,1.125,2.1875,1
2094,Girona,CD Leganés,4,3,0.75,1.125,1.0,1.0625,1
2095,Atletico Madrid,UD Las Palmas,2,0,1.3125,1.4375,1.1875,1.4375,1
2096,Barcelona,RCD Espanyol de Barcelona,3,1,3.75,0.875,1.0,2.0,1
2097,Sevilla,Real Sociedad,0,2,1.125,1.4375,0.6875,0.875,2
2098,Athletic Bilbao,Real Betis,1,1,1.625,1.0,1.0,0.75,0
2099,RC Celta de Vigo,Getafe,1,0,1.1875,1.8125,0.8125,0.875,1
2100,Rayo Vallecano de Madrid,UD Las Palmas,1,3,1.0,0.8125,1.125,1.5625,2
2101,Real Madrid,CA Osasuna,4,0,2.0625,2.125,1.4375,1.1875,1
2102,Villarreal,Deportivo Alavés,3,0,1.5,1.5625,1.1875,1.5625,1
2103,CD Leganés,Sevilla,1,0,1.4375,1.75,0.9375,1.6875,1
2104,Real Betis,RC Celta de Vigo,2,2,1.1875,0.8125,1.0625,1.75,0
2105,RCD Mallorca,Atletico Madrid,0,1,0.6875,0.5625,1.25,1.0625,2
2106,Getafe,Girona,0,1,0.6875,0.9375,1.1875,2.0,2
2107,Real Valladolid,Athletic Bilbao,1,1,1.0,1.9375,1.625,0.8125,0
2108,Real Sociedad,Barcelona,1,0,0.875,0.75,3.8125,1.0,1
2109,Getafe,Real Valladolid,2,0,0.5625,1.0,0.8125,1.875,1
2110,Valencia,Real Betis,4,2,0.8125,1.4375,1.3125,0.9375,1
2111,Atletico Madrid,Deportivo Alavés,2,1,1.375,0.875,0.8125,1.6875,1
2112,UD Las Palmas,RCD Mallorca,2,3,1.25,1.4375,0.5625,0.75,2
2113,Girona,RCD Espanyol de Barcelona,4,1,1.375,1.75,0.9375,2.375,1
2114,RC Celta de Vigo,Barcelona,2,2,1.125,1.625,3.0,1.125,0
2115,CA Osasuna,Villarreal,2,2,1.3125,1.4375,1.9375,1.25,0
2116,Sevilla,Rayo Vallecano de Madrid,1,0,0.8125,1.25,0.9375,1.25,1
2117,CD Leganés,Real Madrid,0,3,1.5,1.375,2.0,1.8125,2
2118,Athletic Bilbao,Real Sociedad,1,0,1.25,0.875,0.875,0.625,1
2119,RCD Mallorca,Valencia,2,1,1.0625,1.125,1.5,1.625,1
2120,Barcelona,UD Las Palmas,1,2,2.75,0.875,1.5,1.875,2
2121,Deportivo Alavés,CD Leganés,1,1,0.875,1.9375,1.125,1.875,0
2122,RCD Espanyol de Barcelona,RC Celta de Vigo,3,1,1.0,2.625,1.375,1.4375,1
2123,Real Valladolid,Atletico Madrid,0,5,0.6875,1.5625,2.25,0.875,2
2124,Villarreal,Girona,2,2,1.9375,1.3125,1.5625,1.1875,0
2125,Real Madrid,Getafe,2,0,2.0,1.125,0.8125,0.8125,1
2126,Rayo Vallecano de Madrid,Athletic Bilbao,1,2,0.875,1.1875,1.4375,0.8125,2
2127,Real Sociedad,Real Betis,2,0,0.875,0.5625,1.4375,1.6875,1
2128,Sevilla,CA Osasuna,1,1,0.75,1.125,1.25,1.6875,0
2129,RCD Mallorca,Barcelona,1,5,1.375,1.0625,2.625,1.125,2
2130,Athletic Bilbao,Real Madrid,2,1,1.5,0.75,1.8125,1.0625,1
2131,RC Celta de Vigo,RCD Mallorca,2,0,1.25,1.9375,1.5,1.875,1
2132,UD Las Palmas,Real Valladolid,2,1,1.75,1.625,0.625,2.1875,1
2133,Real Betis,Barcelona,2,2,1.1875,1.875,3.125,1.0625,0
2134,Valencia,Rayo Vallecano de Madrid,0,1,1.4375,1.5625,0.875,1.4375,2
2135,Girona,Real Madrid,0,3,1.6875,1.375,1.625,1.375,2
2136,CD Leganés,Real Sociedad,0,3,0.9375,1.4375,1.0,0.4375,2
2137,Athletic Bilbao,Villarreal,2,0,1.625,0.8125,2.0,1.5,1
2138,CA Osasuna,Deportivo Alavés,2,2,1.25,1.6875,0.8125,1.9375,0
2139,Atletico Madrid,Sevilla,4,3,3.0625,0.625,0.875,1.0625,1
2140,Getafe,RCD Espanyol de Barcelona,1,0,0.75,0.9375,1.4375,2.5,1
2141,Real Valladolid,Valencia,1,0,0.6875,2.4375,1.25,1.5625,1
2142,RCD Espanyol de Barcelona,CA Osasuna,0,0,1.125,2.1875,1.5,1.5,0
2143,RCD Mallorca,Girona,2,1,1.0,1.9375,1.0625,1.75,1
2144,Sevilla,RC Celta de Vigo,1,0,1.375,1.5625,1.3125,1.5,1
2145,Rayo Vallecano de Madrid,Real Madrid,3,3,0.75,1.0,2.25,1.4375,0
2146,Atletico Madrid,Getafe,1,0,3.125,1.125,0.875,0.75,1
2147,Deportivo Alavés,Athletic Bilbao,1,1,1.0625,1.875,1.6875,0.75,0
2148,Villarreal,Real Betis,1,2,1.5,1.8125,1.25,1.875,2
2149,Real Sociedad,UD Las Palmas,0,0,1.4375,0.375,1.6875,1.5625,0
2150,Barcelona,CD Leganés,0,1,3.0,1.4375,0.8125,1.875,2
2151,Villarreal,Rayo Vallecano de Madrid,1,1,1.375,1.625,1.25,1.375,0
2152,RCD Espanyol de Barcelona,Valencia,1,1,0.9375,1.4375,0.75,1.3125,0
2153,Girona,Real Valladolid,3,0,0.875,1.875,0.8125,2.0625,1
2154,Getafe,RCD Mallorca,0,1,0.625,0.875,1.0,1.9375,2
2155,RC Celta de Vigo,Real Sociedad,2,0,1.0625,1.375,1.4375,0.25,1
2156,CA Osasuna,Athletic Bilbao,1,2,1.25,1.25,1.5625,0.75,2
2157,Barcelona,Atletico Madrid,1,2,2.125,1.5,2.625,0.9375,2
2158,Valencia,Deportivo Alavés,2,2,0.6875,1.25,1.0,1.625,0
2159,Real Madrid,Sevilla,4,2,2.375,1.625,1.3125,1.5,1
2160,CD Leganés,Villarreal,2,5,0.9375,1.4375,1.1875,1.5,2
2161,UD Las Palmas,RCD Espanyol de Barcelona,1,0,1.375,1.125,0.6875,1.375,1
2162,Real Betis,Rayo Vallecano de Madrid,1,1,1.3125,1.5,1.3125,1.3125,0
2163,Valencia,Real Madrid,1,2,1.0625,1.5,2.75,1.75,2
2164,Rayo Vallecano de Madrid,RC Celta de Vigo,2,1,1.3125,1.4375,1.25,0.9375,1
2165,Deportivo Alavés,Girona,0,1,1.25,1.75,1.4375,1.4375,2
2166,Real Valladolid,Real Betis,1,0,0.75,1.875,1.4375,1.4375,1
2167,RCD Espanyol de Barcelona,CD Leganés,1,1,0.6875,1.375,1.125,2.1875,0
2168,Sevilla,Valencia,1,1,1.5,2.0625,1.25,1.5625,0
2169,UD Las Palmas,Getafe,1,2,1.25,0.8125,0.5,0.8125,2
2170,Atletico Madrid,CA Osasuna,1,0,2.5,0.6875,1.0625,1.375,1
2171,Real Sociedad,Villarreal,1,0,1.0,0.625,1.9375,1.5625,1
2172,RCD Espanyol de Barcelona,Real Valladolid,2,1,0.75,1.5,0.75,1.5,1
2173,Girona,Sevilla,1,2,1.375,1.125,1.25,1.75,2
2174,CD Leganés,Atletico Madrid,1,0,1.3125,2.0,2.1875,0.5625,1
2175,Real Betis,Deportivo Alavés,1,3,1.1875,1.3125,1.0,1.5,2
2176,Getafe,Barcelona,1,1,0.6875,0.9375,1.875,1.5625,0
2177,RC Celta de Vigo,Athletic Bilbao,1,2,1.125,1.3125,1.625,0.6875,2
2178,Real Madrid,UD Las Palmas,4,1,2.6875,1.5,1.1875,1.0,1
2179,CA Osasuna,Rayo Vallecano de Madrid,1,1,0.75,1.25,1.1875,1.1875,0
2180,Valencia,Real Sociedad,1,0,1.3125,1.625,0.75,0.5625,1
2181,Villarreal,RCD Mallorca,4,0,1.8125,1.375,1.0,1.1875,1
2182,UD Las Palmas,CA Osasuna,1,1,1.1875,1.625,0.875,1.3125,0
2183,RCD Mallorca,Real Betis,0,1,0.9375,1.6875,1.0,1.6875,2
2184,Atletico Madrid,Villarreal,1,1,2.0,0.75,2.375,1.1875,0
2185,Sevilla,RCD Espanyol de Barcelona,1,1,1.4375,1.625,0.9375,1.3125,0
2186,Real Valladolid,Real Madrid,0,3,0.625,1.75,3.0625,1.25,2
2187,Rayo Vallecano de Madrid,Girona,2,1,1.25,1.1875,1.0,1.1875,1
2188,Real Sociedad,Getafe,0,3,0.6875,0.75,0.8125,0.9375,2
2189,Athletic Bilbao,CD Leganés,0,0,1.5,0.8125,1.3125,1.8125,0
2190,Barcelona,Valencia,7,1,2.3125,1.9375,1.125,1.1875,1
2191,Deportivo Alavés,RC Celta de Vigo,1,1,1.3125,1.375,1.25,1.4375,0
2192,CD Leganés,Rayo Vallecano de Madrid,0,1,0.875,1.1875,1.4375,1.25,2
2193,Getafe,Sevilla,0,0,1.3125,0.75,1.25,1.3125,0
2194,Villarreal,Real Valladolid,5,1,1.8125,1.0625,0.5625,1.8125,1
2195,Atletico Madrid,RCD Mallorca,2,0,2.3125,0.9375,0.6875,1.75,1
2196,RCD Espanyol de Barcelona,Real Madrid,1,0,1.125,1.25,3.3125,0.875,1
2197,Barcelona,Deportivo Alavés,1,0,3.4375,2.0,1.25,1.25,1
2198,Valencia,RC Celta de Vigo,2,1,1.125,2.1875,1.1875,1.4375,1
2199,CA Osasuna,Real Sociedad,2,1,0.8125,1.25,0.6875,0.9375,1
2200,Real Betis,Athletic Bilbao,2,2,1.0,1.5625,1.375,0.6875,0
2201,Girona,UD Las Palmas,2,1,0.875,1.5625,1.1875,1.8125,1
2202,Rayo Vallecano de Madrid,Real Valladolid,1,0,1.3125,0.9375,0.625,2.6875,1
2203,RC Celta de Vigo,Real Betis,3,2,1.1875,1.5625,1.3125,1.75,1
2204,Athletic Bilbao,Girona,3,0,1.4375,0.875,1.125,1.5,1
2205,UD Las Palmas,Villarreal,1,2,1.25,1.8125,2.5625,1.125,2
2206,Real Madrid,Atletico Madrid,1,1,2.625,0.8125,2.125,0.8125,0
2207,Deportivo Alavés,Getafe,0,1,1.1875,1.3125,1.0625,0.5625,2
2208,Valencia,CD Leganés,2,0,1.125,2.125,0.5625,1.0,1
2209,Real Sociedad,RCD Espanyol de Barcelona,2,1,0.625,1.3125,1.125,0.9375,1
2210,Sevilla,Barcelona,1,4,1.125,1.0625,2.9375,1.375,2
2211,RCD Mallorca,CA Osasuna,1,1,0.5625,2.0625,1.125,1.3125,0
2212,Girona,Getafe,1,2,1.0,1.625,1.125,0.375,2
2213,CD Leganés,Deportivo Alavés,3,3,0.375,1.375,0.8125,1.1875,0
2214,CA Osasuna,Real Madrid,1,1,1.1875,1.125,2.25,1.25,0
2215,Atletico Madrid,RC Celta de Vigo,1,1,1.9375,0.6875,1.5,1.5625,0
2216,Villarreal,Valencia,1,1,2.3125,1.1875,1.3125,2.0,0
2217,RCD Espanyol de Barcelona,Athletic Bilbao,1,1,1.0,0.9375,1.6875,0.6875,0
2218,Real Valladolid,Sevilla,0,4,0.4375,2.5625,1.0625,1.625,2
2219,RCD Mallorca,UD Las Palmas,3,1,0.75,1.6875,1.125,1.625,1
2220,Real Betis,Real Sociedad,3,0,1.4375,1.8125,0.9375,1.375,1
2221,Barcelona,Rayo Vallecano de Madrid,1,0,2.5,1.375,1.375,0.75,1
2222,RC Celta de Vigo,CA Osasuna,1,0,1.4375,1.5,1.125,1.0625,1
2223,Deportivo Alavés,RCD Espanyol de Barcelona,0,1,1.1875,1.5,0.875,0.9375,2
2224,Rayo Vallecano de Madrid,Villarreal,0,1,1.0625,0.6875,2.25,1.125,2
2225,Valencia,Atletico Madrid,0,3,1.375,1.25,1.4375,0.6875,2
2226,UD Las Palmas,Barcelona,0,2,1.0625,1.875,2.3125,1.0,2
2227,Athletic Bilbao,Real Valladolid,7,1,1.8125,0.875,0.4375,2.8125,1
2228,Real Madrid,Girona,2,0,2.4375,1.0625,1.0625,1.6875,1
2229,Getafe,Real Betis,1,2,1.0,0.5625,1.75,1.5625,2
2230,Real Sociedad,CD Leganés,3,0,0.9375,1.5,0.9375,1.75,1
2231,Sevilla,RCD Mallorca,1,1,1.625,1.5,1.125,1.625,0
2232,Real Valladolid,UD Las Palmas,1,1,0.5,3.1875,0.8125,1.9375,0
2233,Girona,RC Celta de Vigo,2,2,0.75,1.8125,1.4375,1.0625,0
2234,Rayo Vallecano de Madrid,Sevilla,1,1,0.875,0.875,1.75,1.625,0
2235,Real Betis,Real Madrid,2,1,1.875,1.375,2.3125,0.75,1
2236,Atletico Madrid,Athletic Bilbao,1,0,1.6875,0.6875,2.75,0.75,1
2237,CD Leganés,Getafe,1,0,0.875,2.125,1.1875,0.8125,1
2238,Barcelona,Real Sociedad,4,0,2.375,0.875,1.25,1.25,1
2239,RCD Mallorca,Deportivo Alavés,1,1,1.1875,1.5,1.125,1.5,0
2240,CA Osasuna,Valencia,3,3,0.8125,1.0625,1.125,1.625,0
2241,RC Celta de Vigo,CD Leganés,2,1,1.3125,1.1875,1.0625,1.6875,1
2242,Deportivo Alavés,Villarreal,1,0,1.1875,1.4375,1.8125,0.875,1
2243,Valencia,Real Valladolid,2,1,1.375,2.125,0.625,3.125,1
2244,Getafe,Atletico Madrid,2,1,1.0,1.0,1.625,0.75,1
2245,Real Madrid,Rayo Vallecano de Madrid,2,1,1.8125,0.9375,0.75,0.875,1
2246,Athletic Bilbao,RCD Mallorca,1,1,2.25,0.875,1.1875,1.25,0
2247,Real Betis,UD Las Palmas,1,0,1.875,1.0625,0.75,1.8125,1
2248,Real Sociedad,Sevilla,0,1,0.8125,1.875,1.625,1.0625,2
2249,RCD Espanyol de Barcelona,Girona,1,1,0.9375,0.875,0.9375,1.8125,0
2250,UD Las Palmas,Deportivo Alavés,2,2,0.625,1.625,0.9375,1.0,0
2251,Real Valladolid,RC Celta de Vigo,0,1,0.75,3.0,1.5625,1.1875,2
2252,RCD Mallorca,RCD Espanyol de Barcelona,2,1,1.0,1.1875,1.0,0.8125,1
2253,Villarreal,Real Madrid,1,2,1.5,0.8125,2.1875,1.4375,2
2254,Girona,Valencia,1,1,0.9375,1.75,1.5,2.0625,0
2255,CD Leganés,Real Betis,2,3,0.8125,1.6875,1.5625,1.0,2
2256,Sevilla,Athletic Bilbao,0,1,1.25,1.0625,2.1875,0.9375,2
2257,CA Osasuna,Getafe,1,2,1.125,1.375,1.125,1.0,2
2258,Rayo Vallecano de Madrid,Real Sociedad,2,2,0.875,1.0625,0.8125,1.6875,0
2259,Atletico Madrid,Barcelona,2,4,1.75,1.75,2.875,0.6875,2
2260,Barcelona,CA Osasuna,3,0,2.8125,0.8125,1.1875,1.625,1
2261,Real Sociedad,Real Valladolid,2,1,0.8125,1.9375,0.625,2.125,1
2262,RCD Espanyol de Barcelona,Atletico Madrid,1,1,1.0,1.0,1.9375,2.1875,0
2263,Deportivo Alavés,Rayo Vallecano de Madrid,0,2,1.1875,1.125,1.1875,1.25,2
2264,Real Madrid,CD Leganés,3,2,2.3125,1.4375,1.0625,1.5625,1
2265,Getafe,Villarreal,1,2,1.375,0.875,1.5,1.0,2
2266,Barcelona,Girona,4,1,2.8125,0.75,1.0625,1.5625,1
2267,Athletic Bilbao,CA Osasuna,0,0,1.4375,0.75,1.125,1.9375,0
2268,Valencia,RCD Mallorca,1,0,1.625,1.75,1.125,1.1875,1
2269,Real Betis,Sevilla,2,1,1.8125,1.1875,1.0,0.875,1
2270,RC Celta de Vigo,UD Las Palmas,1,1,1.5,1.1875,0.9375,1.75,0
2271,Rayo Vallecano de Madrid,RCD Espanyol de Barcelona,0,4,1.3125,1.0625,1.0625,1.125,2
2272,Girona,Deportivo Alavés,0,1,1.0,2.0,1.0625,1.3125,2
2273,Real Madrid,Valencia,1,2,2.5625,1.625,1.375,1.3125,2
2274,RCD Mallorca,RC Celta de Vigo,1,2,0.9375,1.25,1.375,1.0,2
2275,Barcelona,Real Betis,1,1,3.0625,0.6875,1.9375,1.1875,0
2276,UD Las Palmas,Real Sociedad,1,3,0.9375,1.6875,1.125,1.625,2
2277,Sevilla,Atletico Madrid,1,2,1.0,1.0625,1.75,2.0625,2
2278,Real Valladolid,Getafe,0,4,0.625,2.375,1.4375,1.0625,2
2279,Villarreal,Athletic Bilbao,0,0,1.4375,1.0625,1.3125,0.5625,0
2280,CD Leganés,CA Osasuna,1,1,1.25,2.0625,0.75,1.5,0
2281,Valencia,Sevilla,1,0,1.4375,1.375,0.9375,1.375,1
2282,Real Sociedad,RCD Mallorca,0,2,1.6875,1.625,1.0,1.25,2
2283,Getafe,UD Las Palmas,1,3,1.875,0.875,1.0625,1.875,2
2284,RC Celta de Vigo,RCD Espanyol de Barcelona,0,2,1.4375,0.9375,1.625,0.9375,2
2285,CD Leganés,Barcelona,0,1,1.25,2.0,2.8125,0.5625,2
2286,CA Osasuna,Girona,2,1,0.75,1.375,0.8125,1.9375,1
2287,Deportivo Alavés,Real Madrid,0,1,0.9375,1.25,1.75,1.875,2
2288,Real Betis,Villarreal,1,2,1.9375,1.1875,1.4375,0.875,2
2289,Athletic Bilbao,Rayo Vallecano de Madrid,3,1,1.0625,0.375,1.125,1.5,1
2290,Atletico Madrid,Real Valladolid,4,2,1.625,1.75,0.4375,2.75,1
2291,RCD Espanyol de Barcelona,Getafe,1,0,1.75,0.625,1.625,1.3125,1
2292,Rayo Vallecano de Madrid,Valencia,1,1,0.9375,1.75,1.4375,0.8125,0
2293,Barcelona,RC Celta de Vigo,4,3,2.375,0.875,1.25,1.25,1
2294,RCD Mallorca,CD Leganés,0,0,1.125,1.0625,1.0,1.8125,0
2295,UD Las Palmas,Atletico Madrid,1,0,1.3125,1.75,2.0625,1.5625,1
2296,Real Valladolid,CA Osasuna,2,3,0.8125,3.1875,1.0625,1.125,2
2297,Villarreal,Real Sociedad,2,2,1.4375,0.8125,1.4375,1.5625,0
2298,Sevilla,Deportivo Alavés,1,1,0.875,1.375,0.625,1.125,0
2299,Real Madrid,Athletic Bilbao,1,0,1.3125,1.6875,1.5,0.5625,1
2300,Girona,Real Betis,1,3,0.8125,2.0625,1.6875,1.3125,2
2301,Valencia,RCD Espanyol de Barcelona,1,1,1.375,0.9375,1.75,0.4375,0
2302,Barcelona,RCD Mallorca,1,0,2.375,1.4375,1.125,0.8125,1
2303,Athletic Bilbao,UD Las Palmas,1,0,1.375,0.625,1.3125,1.5,1
2304,RC Celta de Vigo,Villarreal,3,0,1.625,1.75,1.5,1.0,1
2305,Deportivo Alavés,Real Sociedad,1,0,0.8125,1.0,1.5,1.6875,1
2306,Getafe,Real Madrid,0,1,1.5,1.25,1.4375,1.1875,2
2307,CA Osasuna,Sevilla,1,0,1.5,1.4375,0.9375,1.3125,1
2308,CD Leganés,Girona,1,1,0.75,1.375,0.75,2.0625,0
2309,Atletico Madrid,Rayo Vallecano de Madrid,3,0,1.875,1.5625,0.8125,1.9375,1
2310,Real Betis,Real Valladolid,5,1,1.875,1.25,1.0,3.1875,1
2311,Villarreal,RCD Espanyol de Barcelona,1,0,1.1875,1.5,1.375,0.625,1
2312,Rayo Vallecano de Madrid,Getafe,1,0,0.75,2.0,0.9375,1.4375,1
2313,Deportivo Alavés,Atletico Madrid,0,0,0.875,0.9375,2.0,1.4375,0
2314,Villarreal,CA Osasuna,4,2,1.0,1.3125,1.5,1.25,1
2315,UD Las Palmas,Valencia,2,3,1.125,1.1875,1.1875,1.0,2
2316,Real Valladolid,Barcelona,1,2,1.1875,3.5625,2.625,1.5625,2
2317,Real Madrid,RC Celta de Vigo,3,2,1.375,1.125,1.75,1.5,1
2318,Sevilla,CD Leganés,2,2,0.75,1.0,0.8125,1.3125,0
2319,RCD Espanyol de Barcelona,Real Betis,1,2,1.0625,0.6875,2.5625,1.125,2
2320,Real Sociedad,Athletic Bilbao,0,0,1.0,1.6875,1.375,0.625,0
2321,Girona,RCD Mallorca,1,0,0.9375,1.9375,0.9375,0.6875,1
2322,UD Las Palmas,Rayo Vallecano de Madrid,0,1,1.0625,1.4375,0.8125,1.5625,2
2323,Valencia,Getafe,3,0,1.5625,1.3125,0.6875,1.1875,1
2324,RC Celta de Vigo,Sevilla,3,2,2.0625,1.75,0.875,1.25,1
2325,Girona,Villarreal,0,1,0.9375,1.5625,1.4375,1.375,2
2326,RCD Mallorca,Real Valladolid,2,1,0.5,0.8125,1.125,3.1875,1
2327,Atletico Madrid,Real Sociedad,4,0,1.4375,1.1875,1.0,1.25,1
2328,CD Leganés,RCD Espanyol de Barcelona,3,2,1.0,1.375,1.0625,1.0,1
2329,Barcelona,Real Madrid,4,3,2.5,2.0,1.6875,1.1875,1
2330,Athletic Bilbao,Deportivo Alavés,1,0,0.9375,0.4375,0.6875,0.625,1
2331,Real Betis,CA Osasuna,1,1,2.625,1.0625,1.5625,1.8125,0
2332,Real Valladolid,Girona,0,1,1.0,2.75,0.8125,1.25,2
2333,Real Sociedad,RC Celta de Vigo,0,1,0.5625,1.75,2.1875,1.625,2
2334,Sevilla,UD Las Palmas,1,0,1.0625,1.625,0.9375,1.5,1
2335,Deportivo Alavés,Valencia,1,0,0.5625,0.625,2.0,1.0,1
2336,Villarreal,CD Leganés,3,0,1.5625,1.0,1.5625,1.5625,1
2337,Real Madrid,RCD Mallorca,2,1,1.875,1.75,0.8125,0.9375,1
2338,CA Osasuna,Atletico Madrid,2,0,1.375,1.6875,2.125,0.9375,1
2339,Rayo Vallecano de Madrid,Real Betis,2,2,0.875,1.375,2.3125,1.0625,0
2340,Getafe,Athletic Bilbao,0,2,0.625,1.5,0.6875,0.25,2
2341,RCD Espanyol de Barcelona,Barcelona,0,2,1.25,1.4375,2.625,2.125,2
2342,Atletico Madrid,Real Betis,4,1,1.6875,1.1875,1.9375,1.25,1
2343,RC Celta de Vigo,Rayo Vallecano de Madrid,1,2,1.875,1.5,1.1875,1.3125,2
2344,Barcelona,Villarreal,2,3,2.6875,1.9375,2.0,0.9375,2
2345,Sevilla,Real Madrid,0,2,1.1875,1.4375,2.0,1.875,2
2346,Valencia,Athletic Bilbao,0,1,1.6875,0.875,0.9375,0.1875,2
2347,RCD Mallorca,Getafe,1,2,0.9375,1.125,0.625,1.6875,2
2348,Real Sociedad,Girona,3,2,0.5625,1.5625,0.75,1.0,1
2349,Real Valladolid,Deportivo Alavés,0,1,0.8125,2.25,0.5625,0.5625,2
2350,UD Las Palmas,CD Leganés,0,1,0.875,1.5,1.375,2.0,2
2351,CA Osasuna,RCD Espanyol de Barcelona,2,0,1.4375,1.5,1.1875,1.625,1
2352,Real Betis,Valencia,1,1,1.8125,1.875,1.1875,0.75,0
2353,Real Madrid,Real Sociedad,2,0,1.8125,1.5,1.125,1.875,1
2354,CD Leganés,Real Valladolid,3,0,1.25,1.625,0.625,2.0625,1
2355,RCD Espanyol de Barcelona,UD Las Palmas,2,0,1.0,1.625,0.625,1.25,1
2356,Deportivo Alavés,CA Osasuna,1,1,0.6875,0.5625,1.5,0.875,0
2357,Getafe,RC Celta de Vigo,1,2,0.875,1.6875,1.6875,1.4375,2
2358,Rayo Vallecano de Madrid,RCD Mallorca,0,0,1.375,1.375,1.0625,1.3125,0
2359,Girona,Atletico Madrid,0,4,0.9375,1.5,2.25,1.125,2
2360,Villarreal,Sevilla,4,2,2.0,0.9375,0.875,1.5625,1
2361,Athletic Bilbao,Barcelona,0,3,1.0625,0.125,2.4375,2.0,2
2362,Girona,Rayo Vallecano de Madrid,1,3,0.875,2.0625,1.125,1.25,2
2364,RCD Mallorca,Barcelona,0,3,0.6875,1.125,2.4375,1.625,2
2366,Valencia,Real Sociedad,1,1,0.9375,0.875,1.0,1.625,0
2367,RC Celta de Vigo,Getafe,0,2,1.625,1.375,0.9375,1.625,2
2368,Athletic Bilbao,Sevilla,3,2,0.875,0.6875,1.0,1.875,1
2369,RCD Espanyol de Barcelona,Atletico Madrid,2,1,1.0625,1.1875,2.375,0.875,1
2371,Real Madrid,CA Osasuna,1,0,1.75,0.875,1.5625,0.75,1
2372,Real Betis,Deportivo Alavés,1,0,1.5,1.6875,1.0,0.5625,1
2373,RCD Mallorca,RC Celta de Vigo,1,1,0.5625,1.375,1.4375,1.6875,0
2374,Atletico Madrid,Elche,1,1,2.5,0.9375,1.0,1.0,0
2375,Levante,Barcelona,2,3,1.0,2.0,2.6875,1.4375,2
2376,CA Osasuna,Valencia,1,0,1.3125,0.9375,1.0625,0.9375,1
2377,Real Sociedad,RCD Espanyol de Barcelona,2,2,1.0625,1.625,1.1875,1.125,0
2378,Villarreal,Girona,5,0,2.5,1.25,0.875,2.375,1
2379,Real Oviedo,Real Madrid,0,3,0.0,2.0,1.6875,0.5625,2
2380,Athletic Bilbao,Rayo Vallecano de Madrid,1,0,1.1875,1.0625,1.3125,1.1875,1
2381,Sevilla,Getafe,1,2,1.1875,2.3125,1.25,1.25,2
2382,RC Celta de Vigo,Real Betis,1,1,1.375,1.5625,1.5,1.125,0
2383,Elche,Levante,2,0,1.0,1.0,1.5,2.5,1
2384,Valencia,Getafe,3,0,0.9375,0.9375,1.125,1.3125,1
2385,Deportivo Alavés,Atletico Madrid,1,1,0.8125,0.75,2.0625,0.9375,0
2386,Real Oviedo,Real Sociedad,1,0,0.0,2.5,0.875,1.6875,1
2387,Girona,Sevilla,0,2,0.625,2.875,1.3125,2.3125,2
2388,Real Madrid,RCD Mallorca,2,1,1.9375,0.5625,0.5625,1.1875,1
2389,RC Celta de Vigo,Villarreal,1,1,1.3125,1.5,2.9375,0.9375,0
2390,Real Betis,Athletic Bilbao,1,2,1.5,1.0625,1.25,1.0625,2
2391,RCD Espanyol de Barcelona,CA Osasuna,1,0,1.4375,1.25,1.1875,0.875,1
2392,Rayo Vallecano de Madrid,Barcelona,1,1,1.0625,1.0,2.75,1.25,0
2393,Sevilla,Elche,2,2,1.4375,1.75,1.3333333333333333,0.6666666666666666,0
2394,Getafe,Real Oviedo,2,0,0.9375,1.4375,0.3333333333333333,1.6666666666666667,1
2395,Real Sociedad,Real Madrid,1,2,0.875,1.5,2.0,0.625,2
2396,Athletic Bilbao,Deportivo Alavés,0,1,1.4375,0.8125,0.875,0.75,2
2397,Atletico Madrid,Villarreal,2,0,1.5,1.0,2.5,0.75,1
2398,RC Celta de Vigo,Girona,1,1,1.3125,1.1875,0.5625,2.625,0
2399,Levante,Real Betis,2,2,1.0,2.3333333333333335,1.375,1.25,0
2400,CA Osasuna,Rayo Vallecano de Madrid,2,0,0.9375,0.875,1.1875,1.0,1
2401,Barcelona,Valencia,6,0,2.5,1.4375,1.3125,0.8125,1
2402,RCD Espanyol de Barcelona,RCD Mallorca,3,2,1.3125,1.25,0.625,1.5625,1
2403,Real Betis,Real Sociedad,3,1,1.3125,1.5625,0.8125,1.625,1
2404,Girona,Levante,0,4,0.5625,2.25,1.3,2.3,2
2405,Real Madrid,RCD Espanyol de Barcelona,2,0,2.125,1.0,1.5625,1.4375,1
2406,Villarreal,CA Osasuna,2,1,1.5625,1.125,1.125,0.625,1
2407,Deportivo Alavés,Sevilla,1,2,0.75,0.5625,1.5,1.6875,2
2408,Valencia,Athletic Bilbao,2,0,1.125,1.75,0.875,1.0625,1
2409,Rayo Vallecano de Madrid,RC Celta de Vigo,1,1,0.75,1.1875,1.1875,1.25,0
2410,RCD Mallorca,Atletico Madrid,1,1,1.0,1.75,1.8125,1.125,0
2411,Elche,Real Oviedo,1,0,1.6,1.0,0.3,1.7,1
2412,Barcelona,Getafe,3,0,2.9375,1.125,1.0625,1.375,1
2413,Athletic Bilbao,Girona,1,1,0.625,1.3125,0.5,2.3125,0
2414,RCD Espanyol de Barcelona,Valencia,2,2,1.3125,1.5,1.4375,1.5625,0
2415,Levante,Real Madrid,1,4,1.9090909090909092,1.5454545454545454,2.0625,0.75,2
2416,Sevilla,Villarreal,1,2,1.75,1.5625,1.5625,1.0625,2
2417,Getafe,Deportivo Alavés,1,1,0.8125,1.75,0.875,0.8125,0
2418,Atletico Madrid,Rayo Vallecano de Madrid,3,2,1.875,1.1875,0.9375,1.0625,1
2419,Real Sociedad,RCD Mallorca,1,0,0.75,1.875,1.0625,1.75,1
2420,CA Osasuna,Elche,1,1,1.125,1.0,1.5454545454545454,0.7272727272727273,0
2421,Real Oviedo,Barcelona,1,3,0.2727272727272727,1.2727272727272727,3.1875,0.75,2
2422,Girona,RCD Espanyol de Barcelona,0,0,0.625,2.25,1.5,1.75,0
2423,Getafe,Levante,1,1,1.0,1.5,2.0,2.0833333333333335,0
2424,Atletico Madrid,Real Madrid,5,2,1.9375,1.5625,2.375,0.5625,1
2425,RCD Mallorca,Deportivo Alavés,1,0,0.9375,1.625,0.9375,0.875,1
2426,Villarreal,Athletic Bilbao,1,0,1.875,1.0,0.75,1.375,1
2427,Rayo Vallecano de Madrid,Sevilla,0,1,1.125,1.5,1.5625,1.8125,2
2428,Elche,RC Celta de Vigo,2,1,1.3333333333333333,0.9166666666666666,1.125,1.125,1
2429,Barcelona,Real Sociedad,2,1,2.75,0.75,0.9375,1.75,1
2430,Real Betis,CA Osasuna,2,0,1.625,1.5625,1.1875,0.8125,1
2431,Valencia,Real Oviedo,1,2,1.25,1.8125,0.3333333333333333,1.9166666666666667,2
2432,CA Osasuna,Getafe,2,1,0.875,1.125,0.9375,1.5,1
2433,Real Oviedo,Levante,0,2,0.7692307692307693,1.6923076923076923,1.7692307692307692,1.8461538461538463,2
2434,Girona,Valencia,2,1,0.5,2.0625,1.25,1.4375,1
2435,Athletic Bilbao,RCD Mallorca,2,1,0.75,1.8125,0.75,1.1875,1
2436,Real Madrid,Villarreal,3,1,2.9375,1.3125,1.8125,1.0,1
2437,Deportivo Alavés,Elche,3,1,0.8125,1.0,1.3846153846153846,0.7692307692307693,1
2438,Sevilla,Barcelona,4,1,1.375,1.375,2.4375,1.0,1
2439,RCD Espanyol de Barcelona,Real Betis,1,2,1.0,1.3125,1.8125,1.25,2
2440,Real Sociedad,Rayo Vallecano de Madrid,0,1,1.0,1.625,1.0625,1.4375,2
2441,RC Celta de Vigo,Atletico Madrid,1,1,1.0,1.25,3.1875,1.4375,0
2442,Real Oviedo,RCD Espanyol de Barcelona,0,2,0.7142857142857143,1.8571428571428572,1.1875,1.3125,2
2443,Sevilla,RCD Mallorca,1,3,1.8125,1.4375,0.75,1.3125,2
2444,Barcelona,Girona,2,1,2.0625,1.625,0.8125,1.75,1
2445,Villarreal,Real Betis,2,2,1.5,1.3125,1.8125,1.0625,0
2446,Atletico Madrid,CA Osasuna,1,0,2.75,1.375,1.0,1.0625,1
2447,Elche,Athletic Bilbao,0,0,1.3571428571428572,1.3571428571428572,1.0,1.6875,0
2448,RC Celta de Vigo,Real Sociedad,1,1,1.0,1.3125,0.875,1.375,0
2449,Levante,Rayo Vallecano de Madrid,0,3,1.5,1.7142857142857142,1.0,1.1875,2
2450,Getafe,Real Madrid,0,1,1.125,1.375,2.875,1.375,2
2451,Deportivo Alavés,Valencia,0,0,1.1875,0.9375,1.1875,1.75,0
2452,Real Sociedad,Sevilla,2,1,0.75,1.4375,1.875,1.625,1
2453,Girona,Real Oviedo,3,3,0.75,1.8125,0.5333333333333333,1.7333333333333334,0
2454,RCD Espanyol de Barcelona,Elche,1,0,1.3125,0.9375,1.1333333333333333,1.1333333333333333,1
2455,Athletic Bilbao,Getafe,0,1,1.1875,1.125,0.875,1.375,2
2456,Valencia,Villarreal,0,2,0.9375,1.4375,1.0625,1.8125,2
2457,RCD Mallorca,Levante,1,1,1.25,1.25,1.2666666666666666,1.6666666666666667,0
2458,Real Madrid,Barcelona,2,1,2.125,0.75,2.8125,1.5,1
2459,CA Osasuna,RC Celta de Vigo,2,3,0.75,1.125,1.0,1.25,2
2460,Rayo Vallecano de Madrid,Deportivo Alavés,1,0,1.1875,0.75,1.0,0.8125,1
2461,Real Betis,Atletico Madrid,0,2,1.75,1.0625,1.5625,1.5625,2
2462,Getafe,Girona,2,1,0.875,1.125,1.3125,2.125,1
2463,Villarreal,Rayo Vallecano de Madrid,4,0,1.25,1.375,1.375,0.625,1
2464,Atletico Madrid,Sevilla,3,0,1.75,1.375,1.8125,1.75,1
2465,Real Sociedad,Athletic Bilbao,3,2,1.0,1.25,0.8125,1.125,1
2466,Real Madrid,Valencia,4,0,2.0,0.75,0.75,1.5,1
2467,Levante,RC Celta de Vigo,1,2,1.25,1.625,1.3125,1.3125,2
2468,Deportivo Alavés,RCD Espanyol de Barcelona,2,1,0.9375,0.8125,1.375,0.9375,1
2469,Barcelona,Elche,3,1,2.8125,1.3125,0.8125,1.125,1
2470,Real Betis,RCD Mallorca,3,0,1.4375,1.375,1.3125,1.4375,1
2471,Real Oviedo,CA Osasuna,0,0,0.8125,2.0625,1.0625,1.375,0
2472,Elche,Real Sociedad,1,1,0.8125,1.25,1.5,1.4375,0
2473,Girona,Deportivo Alavés,1,0,1.1875,2.1875,0.8125,0.8125,1
2474,Sevilla,CA Osasuna,1,0,1.1875,2.0,0.8125,1.1875,1
2475,Atletico Madrid,Levante,3,1,2.5,0.875,1.125,1.875,1
2476,RCD Espanyol de Barcelona,Villarreal,0,2,1.3125,1.0,1.75,0.875,2
2477,Athletic Bilbao,Real Oviedo,1,0,0.8125,1.75,0.8125,1.6875,1
2478,Rayo Vallecano de Madrid,Real Madrid,0,0,1.0625,1.3125,2.25,0.8125,0
2479,Valencia,Real Betis,1,1,0.5625,1.9375,1.6875,1.1875,0
2480,RCD Mallorca,Getafe,1,0,1.1875,1.5625,1.0,1.0625,1
2481,RC Celta de Vigo,Barcelona,2,4,1.5625,1.25,2.4375,1.75,2
2482,Valencia,Levante,1,0,0.75,2.0625,1.1875,1.875,1
2483,Deportivo Alavés,RC Celta de Vigo,0,1,0.8125,0.9375,1.75,1.8125,2
2484,Barcelona,Athletic Bilbao,4,0,2.875,1.875,1.0,1.5,1
2485,CA Osasuna,Real Sociedad,1,3,0.75,1.25,1.4375,1.375,2
2486,Villarreal,RCD Mallorca,2,1,1.75,0.8125,0.9375,1.375,1
2487,Real Oviedo,Rayo Vallecano de Madrid,0,0,0.8125,1.4375,0.6875,1.25,0
2488,Real Betis,Girona,1,1,1.5625,1.125,1.25,1.625,0
2489,Getafe,Atletico Madrid,0,1,0.875,1.0625,2.75,1.0,2
2490,Elche,Real Madrid,2,2,0.9375,1.375,1.875,0.6875,0
2491,RCD Espanyol de Barcelona,Sevilla,2,1,0.9375,1.25,1.1875,1.5,1
2492,Getafe,Elche,1,0,0.75,1.0625,1.1875,1.625,1
2493,RCD Mallorca,CA Osasuna,2,2,0.9375,1.5,0.6875,1.375,0
2494,Barcelona,Deportivo Alavés,3,1,2.5625,1.8125,0.75,0.9375,1
2495,Levante,Athletic Bilbao,0,2,1.0625,1.8125,0.6875,1.5,2
2496,Atletico Madrid,Real Oviedo,2,0,2.0625,0.8125,0.375,1.0625,1
2497,Real Sociedad,Villarreal,2,3,1.75,1.375,1.4375,1.5625,2
2498,Sevilla,Real Betis,0,2,1.125,1.625,1.6875,1.0,2
2499,RC Celta de Vigo,RCD Espanyol de Barcelona,0,1,1.5,1.5,1.125,1.4375,2
2500,Girona,Real Madrid,1,1,1.0625,1.3125,2.125,1.125,0
2501,Rayo Vallecano de Madrid,Valencia,1,1,0.5,1.1875,0.75,1.8125,0
2502,Barcelona,Atletico Madrid,3,1,2.5625,1.625,1.75,0.625,1
2503,Athletic Bilbao,Real Madrid,0,3,0.875,1.25,2.0,1.3125,2
2504,Real Oviedo,RCD Mallorca,0,0,0.375,1.3125,1.1875,1.3125,0
2505,Villarreal,Getafe,2,0,1.625,1.8125,0.5625,0.9375,1
2506,Deportivo Alavés,Real Sociedad,1,0,0.625,1.375,1.6875,1.5625,1
2507,Real Betis,Barcelona,3,5,1.625,0.875,2.5625,1.5625,2
2508,Athletic Bilbao,Atletico Madrid,1,0,0.75,1.25,1.75,1.125,1
2509,Elche,Girona,3,0,0.9375,1.3125,1.0625,1.1875,1
2510,Valencia,Sevilla,1,1,0.9375,1.125,1.0,1.5,0
2511,RCD Espanyol de Barcelona,Rayo Vallecano de Madrid,1,0,1.0,1.0625,0.6875,0.75,1
2512,Real Madrid,RC Celta de Vigo,0,2,2.125,1.0,1.1875,1.5,2
2513,CA Osasuna,Levante,2,0,0.9375,1.75,0.8125,1.8125,1
2514,Real Sociedad,Girona,1,2,1.5,1.4375,0.9375,1.5,2
2515,Atletico Madrid,Valencia,2,1,1.75,1.3125,0.875,1.1875,1
2516,RCD Mallorca,Elche,3,1,1.0,1.25,1.3125,1.1875,1
2517,Barcelona,CA Osasuna,2,0,3.0,1.6875,1.25,1.5,1
2518,Getafe,RCD Espanyol de Barcelona,0,1,0.5625,1.0,1.1875,0.6875,2
2519,Sevilla,Real Oviedo,4,0,0.9375,1.625,0.375,1.125,1
2520,RC Celta de Vigo,Athletic Bilbao,2,0,1.25,0.9375,0.5,1.1875,1
2521,Deportivo Alavés,Real Madrid,1,2,0.75,1.125,1.5625,1.25,2
2522,Rayo Vallecano de Madrid,Real Betis,0,0,0.625,0.875,1.9375,1.5625,0
2523,Valencia,RCD Mallorca,1,1,0.8125,1.4375,1.4375,1.125,0
2524,Real Oviedo,RC Celta de Vigo,0,0,0.3125,1.6875,1.4375,0.875,0
2525,Levante,Real Sociedad,1,1,0.4375,1.8125,1.25,1.6875,0
2526,CA Osasuna,Deportivo Alavés,3,0,1.0625,1.4375,0.875,1.3125,1
2527,Real Madrid,Sevilla,2,0,1.4375,1.375,1.5,1.25,1
2528,Girona,Atletico Madrid,0,3,1.125,1.5,1.875,1.125,2
2529,Villarreal,Barcelona,0,2,1.9375,1.4375,2.9375,1.4375,2
2530,Elche,Rayo Vallecano de Madrid,4,0,1.1875,1.4375,0.5,0.6875,1
2531,Real Betis,Getafe,4,0,1.625,1.375,0.5,1.0,1
2532,Athletic Bilbao,RCD Espanyol de Barcelona,1,2,0.5,1.125,1.0,0.4375,2
2533,Rayo Vallecano de Madrid,Getafe,1,1,0.375,1.25,0.3125,1.6875,0
2534,RC Celta de Vigo,Valencia,4,1,1.375,0.625,0.8125,1.375,1
2535,CA Osasuna,Athletic Bilbao,1,1,1.375,1.0625,0.4375,1.3125,0
2536,Elche,Villarreal,1,3,1.8125,1.25,1.5625,1.4375,2
2537,RCD Espanyol de Barcelona,Barcelona,0,2,1.25,0.625,2.5,1.0,2
2538,Sevilla,Levante,0,3,1.4375,1.375,0.5625,1.625,2
2539,Real Madrid,Real Betis,5,1,1.5625,1.125,2.0,1.375,1
2540,Deportivo Alavés,Real Oviedo,1,1,0.75,1.4375,0.1875,1.375,0
2541,RCD Mallorca,Girona,1,2,1.3125,1.0625,1.0,1.9375,2
2542,Real Sociedad,Atletico Madrid,1,1,1.125,1.375,2.25,1.0,0
2543,Getafe,Real Sociedad,1,2,0.4375,1.5,1.3125,1.375,2
2544,Real Oviedo,Real Betis,1,1,0.375,1.4375,1.6875,1.625,0
2545,Villarreal,Deportivo Alavés,3,1,1.75,1.625,0.625,1.5625,1
2546,Girona,CA Osasuna,1,0,1.25,1.6875,1.1875,1.1875,1
2547,Valencia,Elche,1,1,0.8125,1.875,1.5625,1.625,0
2548,Rayo Vallecano de Madrid,RCD Mallorca,2,1,0.5,1.3125,1.4375,1.3125,1
2549,Levante,RCD Espanyol de Barcelona,1,1,1.0625,1.3125,1.0625,0.875,0
2550,Sevilla,RC Celta de Vigo,0,1,1.0625,1.75,1.8125,0.75,2
2551,RCD Espanyol de Barcelona,Girona,0,2,1.0,1.0625,1.125,1.4375,2
2552,Real Madrid,Levante,2,0,2.375,1.0,1.125,1.25,1
2553,RCD Mallorca,Athletic Bilbao,3,2,1.0625,1.5,0.625,1.375,1
2554,CA Osasuna,Real Oviedo,3,2,1.1875,1.0625,0.5625,1.0,1
2555,Real Betis,Villarreal,2,0,1.75,1.6875,1.8125,1.4375,1
2556,Getafe,Valencia,0,1,0.625,1.6875,0.875,1.8125,2
2557,Atletico Madrid,Deportivo Alavés,1,0,1.875,0.875,0.6875,1.875,1
2558,RC Celta de Vigo,Rayo Vallecano de Madrid,3,0,1.6875,0.6875,0.6875,1.5,1
2559,Real Sociedad,Barcelona,2,1,1.5,1.25,2.4375,0.6875,1
2560,Elche,Sevilla,2,2,1.625,1.4375,0.5,1.75,0
2561,Levante,Elche,3,2,1.0,1.3125,1.5,1.75,1
2562,Rayo Vallecano de Madrid,CA Osasuna,1,3,0.625,1.5625,1.25,1.25,2
2563,Valencia,RCD Espanyol de Barcelona,3,2,0.9375,1.5625,0.6875,1.3125,1
2564,Sevilla,Athletic Bilbao,2,1,0.8125,1.75,1.375,1.5625,1
2565,Villarreal,Real Madrid,0,2,1.5,1.75,3.25,0.9375,2
2566,Atletico Madrid,RCD Mallorca,3,0,1.375,0.875,1.4375,1.6875,1
2567,Barcelona,Real Oviedo,3,0,2.375,1.3125,0.75,1.375,1
2568,Real Sociedad,RC Celta de Vigo,3,1,1.625,1.25,2.0625,0.5625,1
2569,Deportivo Alavés,Real Betis,2,1,0.6875,1.625,1.625,1.5625,1
2570,Girona,Getafe,1,1,1.3125,0.875,0.5625,1.375,0
2571,RCD Espanyol de Barcelona,Deportivo Alavés,1,2,1.0,1.5,0.8125,1.625,2
2572,Real Oviedo,Girona,1,0,0.625,1.8125,1.1875,0.8125,1
2573,CA Osasuna,Villarreal,2,2,1.6875,1.3125,1.0,2.0,0
2574,Levante,Atletico Madrid,0,0,1.125,1.625,1.625,1.0625,0
2575,Elche,Barcelona,1,3,1.6875,1.75,3.125,1.0,2
2576,Real Madrid,Rayo Vallecano de Madrid,2,1,2.8125,1.3125,0.6875,1.75,1
2577,Real Betis,Valencia,2,1,1.5,1.3125,1.375,1.1875,1
2578,Getafe,RC Celta de Vigo,0,0,0.5,1.375,1.625,0.9375,0
2579,Athletic Bilbao,Real Sociedad,1,1,1.4375,2.0,1.875,1.1875,0
2580,RCD Mallorca,Sevilla,4,1,1.3125,1.8125,1.1875,1.375,1
2581,RC Celta de Vigo,CA Osasuna,1,2,1.375,0.6875,2.0625,1.5,2
2582,Barcelona,RCD Mallorca,3,0,3.0,0.875,1.875,1.75,1
2583,Real Sociedad,Elche,3,1,1.75,1.1875,1.6875,2.125,1
2584,Deportivo Alavés,Getafe,0,2,1.0625,1.375,0.375,1.0625,2
2585,Athletic Bilbao,Levante,4,2,1.25,1.75,0.9375,1.375,1
2586,Sevilla,Girona,1,1,1.3125,2.0,1.0,1.0,0
2587,Atletico Madrid,Real Betis,0,1,1.4375,0.75,1.6875,1.3125,2
2588,Valencia,Real Madrid,0,2,1.375,1.375,2.25,1.375,2
2589,Villarreal,RCD Espanyol de Barcelona,4,1,1.0625,2.0,1.0625,1.625,1
2590,Elche,CA Osasuna,0,0,1.5,2.3125,2.0,1.25,0
2591,RCD Espanyol de Barcelona,RC Celta de Vigo,2,2,1.125,2.0625,1.125,1.0625,0
2592,Getafe,Villarreal,2,1,0.75,0.875,1.6875,1.9375,1
2593,Sevilla,Deportivo Alavés,1,1,1.1875,1.8125,1.0625,1.5625,0
2594,Real Madrid,Real Sociedad,4,1,2.375,1.25,1.875,1.1875,1
2595,Real Oviedo,Athletic Bilbao,1,2,0.6875,1.625,1.8125,1.875,2
2596,Rayo Vallecano de Madrid,Atletico Madrid,3,0,0.625,2.0,1.0625,0.875,1
2597,Levante,Valencia,0,2,1.25,1.6875,1.1875,1.75,2
2598,RCD Mallorca,Real Betis,1,2,1.4375,1.9375,1.5625,1.25,2
2599,Girona,Barcelona,2,1,0.875,1.125,2.875,0.6875,1
2600,Levante,Villarreal,0,1,0.875,1.75,1.75,1.75,2
2601,Athletic Bilbao,Elche,2,1,1.9375,1.6875,1.25,1.875,1
2602,Real Sociedad,Real Oviedo,3,3,1.5625,1.625,0.625,1.625,0
2603,Real Betis,Rayo Vallecano de Madrid,1,1,1.6875,1.1875,1.1875,1.625,0
2604,CA Osasuna,Real Madrid,2,1,1.5,1.0,2.625,0.625,1
2605,Atletico Madrid,RCD Espanyol de Barcelona,4,2,1.1875,1.5625,1.1875,2.0625,1
2606,Getafe,Sevilla,0,1,0.9375,0.9375,1.125,1.75,2
2607,Barcelona,Levante,3,0,2.4375,0.875,0.875,1.8125,1
2608,RC Celta de Vigo,RCD Mallorca,2,0,1.375,1.0,1.5,1.8125,1
2609,Villarreal,Valencia,2,1,1.6875,1.375,1.125,1.4375,1
2610,Deportivo Alavés,Girona,2,2,0.9375,1.4375,1.0625,1.125,0
2611,Levante,Deportivo Alavés,2,0,0.625,1.75,1.0,1.6875,1
2612,Rayo Vallecano de Madrid,Athletic Bilbao,1,1,1.1875,1.375,2.1875,1.625,0
2613,Barcelona,Villarreal,4,1,2.5,0.75,1.375,1.375,1
2614,RCD Mallorca,Real Sociedad,0,1,1.0,2.0625,2.0,2.0,2
2615,Real Oviedo,Atletico Madrid,0,1,1.1875,1.6875,2.4375,1.5625,2
2616,Elche,RCD Espanyol de Barcelona,2,2,1.125,1.875,1.375,2.5625,0
2617,Valencia,CA Osasuna,1,0,1.125,1.5,1.5,0.9375,1
2618,Real Betis,Sevilla,2,2,1.4375,0.9375,1.125,1.1875,0
2619,Girona,RC Celta de Vigo,1,2,1.4375,1.1875,1.625,1.0,2
2620,Real Madrid,Getafe,0,1,2.0,1.0,0.9375,1.0,2
2621,Rayo Vallecano de Madrid,Real Oviedo,3,0,1.25,1.25,1.0625,1.875,1
2622,RC Celta de Vigo,Real Madrid,1,2,1.75,0.9375,1.75,1.1875,2
2623,CA Osasuna,RCD Mallorca,2,2,1.25,0.875,0.8125,1.8125,0
2624,Levante,Girona,1,1,0.9375,1.4375,1.375,1.375,0
2625,Atletico Madrid,Real Sociedad,3,2,2.1875,1.1875,1.75,1.75,1
2626,Athletic Bilbao,Barcelona,0,1,1.8125,1.4375,2.75,0.9375,2
2627,Villarreal,Elche,2,1,1.25,1.8125,1.3125,1.6875,1
2628,Getafe,Real Betis,2,0,0.875,0.9375,1.6875,1.3125,1
2629,Sevilla,Rayo Vallecano de Madrid,1,1,1.125,1.4375,1.4375,1.25,0
2630,Valencia,Deportivo Alavés,3,2,1.25,1.125,0.9375,1.6875,1
2631,RCD Espanyol de Barcelona,Real Oviedo,1,1,1.5625,2.4375,0.9375,1.9375,0
2632,Deportivo Alavés,Villarreal,1,1,1.1875,1.9375,1.5,1.875,0
2633,Girona,Athletic Bilbao,3,0,1.3125,1.25,1.5,1.4375,1
2634,Atletico Madrid,Getafe,1,0,2.4375,1.5,1.0,0.5625,1
2635,Real Oviedo,Valencia,1,0,0.75,1.75,1.5,1.4375,1
2636,Real Madrid,Elche,4,1,1.8125,0.9375,1.25,2.0625,1
2637,RCD Mallorca,RCD Espanyol de Barcelona,2,1,1.0,1.875,1.375,2.3125,1
2638,Barcelona,Sevilla,5,2,2.4375,0.75,1.1875,1.375,1
2639,Real Betis,RC Celta de Vigo,1,1,1.1875,1.5625,1.6875,1.0625,0
2640,Real Sociedad,CA Osasuna,3,1,1.9375,1.75,1.4375,1.25,1
2641,Rayo Vallecano de Madrid,Levante,1,1,1.5,1.0625,0.9375,1.5,0
2642,Villarreal,Real Sociedad,3,1,1.375,1.8125,2.0625,1.5,1
2643,Elche,RCD Mallorca,2,1,1.25,2.375,1.3125,1.6875,1
2644,RCD Espanyol de Barcelona,Getafe,1,2,1.3125,2.0625,0.9375,0.5625,2
2645,Levante,Real Oviedo,4,2,1.0625,1.25,0.875,1.5625,1
2646,CA Osasuna,Girona,1,0,1.3125,1.625,1.5,0.9375,1
2647,Sevilla,Valencia,0,2,1.4375,2.125,1.3125,1.125,2
2648,Barcelona,Rayo Vallecano de Madrid,1,0,3.625,1.25,1.5,1.0625,1
2649,RC Celta de Vigo,Deportivo Alavés,3,4,1.375,1.1875,1.0625,1.8125,2
2650,Athletic Bilbao,Real Betis,2,1,1.125,1.6875,1.1875,1.3125,1
2651,Real Madrid,Atletico Madrid,3,2,2.4375,0.75,2.4375,1.6875,1
2652,Rayo Vallecano de Madrid,Elche,1,0,1.0,1.1875,1.3125,2.25,1
2653,Real Sociedad,Levante,2,0,2.0,2.0,1.5625,1.5,1
2654,RCD Mallorca,Real Madrid,2,1,1.4375,1.8125,2.5,1.125,1
2655,Real Betis,RCD Espanyol de Barcelona,0,0,1.0625,1.375,1.1875,2.125,0
2656,Atletico Madrid,Barcelona,1,2,2.1875,1.9375,3.4375,1.0625,2
2657,Getafe,Athletic Bilbao,2,0,1.125,0.625,1.1875,1.625,1
2658,Valencia,RC Celta de Vigo,2,3,1.5,1.0625,1.625,1.8125,2
2659,Real Oviedo,Sevilla,1,0,1.1875,1.875,1.1875,2.1875,1
2660,Deportivo Alavés,CA Osasuna,2,2,1.75,1.9375,1.5,1.4375,0
2661,Girona,Villarreal,1,0,1.3125,0.875,1.8125,1.375,1
2662,Real Madrid,Girona,1,1,1.8125,1.5625,1.25,0.75,0
2663,Real Sociedad,Deportivo Alavés,3,3,2.0,1.5625,1.875,1.875,0
2664,Elche,Valencia,1,0,1.0625,2.0625,1.4375,1.375,1
2665,Barcelona,RCD Espanyol de Barcelona,4,1,1.9375,1.0625,1.0625,1.875,1
2666,Sevilla,Atletico Madrid,2,1,0.9375,2.125,2.1875,1.5625,1
2667,CA Osasuna,Real Betis,1,1,1.4375,1.4375,0.9375,1.125,0
2668,RCD Mallorca,Rayo Vallecano de Madrid,3,0,1.375,1.625,1.0625,0.875,1
2669,RC Celta de Vigo,Real Oviedo,0,3,1.875,1.9375,1.125,1.5625,2
2670,Athletic Bilbao,Villarreal,1,2,1.125,1.75,1.5625,1.25,2
2671,Levante,Getafe,1,0,1.25,1.625,1.25,0.5625,1
2672,Athletic Bilbao,CA Osasuna,1,0,1.1875,1.5625,1.3125,1.1875,1
2673,RCD Mallorca,Valencia,1,1,1.6875,1.3125,1.25,1.3125,0
2674,Real Madrid,Deportivo Alavés,2,1,1.875,1.8125,2.1875,2.25,1
2675,Girona,Real Betis,2,3,1.0,0.875,0.9375,1.0625,2
2676,Elche,Atletico Madrid,3,2,1.0,1.375,1.6875,1.5,1
2677,Real Sociedad,Getafe,0,1,2.0,1.9375,1.1875,0.5625,2
2678,Barcelona,RC Celta de Vigo,1,0,2.4375,1.1875,1.6875,2.1875,1
2679,Levante,Sevilla,2,0,1.3125,1.5,0.9375,1.625,1
2680,Rayo Vallecano de Madrid,RCD Espanyol de Barcelona,1,0,0.875,1.125,1.0,2.1875,1
2681,Real Oviedo,Villarreal,1,1,1.5625,1.375,1.6875,1.1875,0
2682,Real Betis,Real Madrid,1,1,1.25,1.125,2.125,1.6875,0
2683,Deportivo Alavés,RCD Mallorca,2,1,1.75,2.1875,1.5,1.1875,1
2684,Getafe,Barcelona,0,2,1.125,0.4375,2.375,0.875,2
2685,Valencia,Girona,2,1,1.125,1.375,1.375,1.25,1
2686,Atletico Madrid,Athletic Bilbao,3,2,1.75,2.0625,1.0625,1.375,1
2687,Rayo Vallecano de Madrid,Real Sociedad,3,3,1.0,0.875,1.8125,1.6875,0
2688,Real Oviedo,Elche,1,2,1.4375,1.0625,1.25,1.4375,2
2689,CA Osasuna,Sevilla,2,1,1.0625,1.25,0.875,1.5,1
2690,Villarreal,RC Celta de Vigo,2,1,1.25,1.1875,1.3125,1.875,1
2691,RCD Espanyol de Barcelona,Levante,0,0,0.8125,2.0,1.0625,1.0,0
2692,Girona,RCD Mallorca,0,1,1.375,1.5625,1.4375,1.25,2
2693,Villarreal,Levante,5,1,1.5625,1.125,1.0625,0.625,1
2694,Valencia,Atletico Madrid,0,2,1.25,1.0625,1.75,1.875,2
2695,Deportivo Alavés,Athletic Bilbao,2,4,1.875,2.0,1.1875,1.5625,2
2696,CA Osasuna,Barcelona,1,2,1.0625,1.125,2.1875,0.75,2
2697,RC Celta de Vigo,Elche,3,1,1.0625,1.875,1.5625,1.3125,1
2698,Getafe,Rayo Vallecano de Madrid,0,2,0.75,0.8125,1.25,1.4375,2
2699,Real Betis,Real Oviedo,3,0,1.375,1.3125,1.4375,1.3125,1
2700,RCD Espanyol de Barcelona,Real Madrid,0,2,0.75,1.75,2.0625,1.6875,2
2701,Sevilla,Real Sociedad,1,0,1.0,1.6875,1.9375,2.1875,1
2702,Levante,CA Osasuna,3,2,1.125,1.5,1.125,1.375,1
2703,Elche,Deportivo Alavés,1,1,1.625,1.875,1.8125,2.3125,0
2704,Sevilla,RCD Espanyol de Barcelona,2,1,0.875,1.5,0.5,1.5,1
2705,Atletico Madrid,RC Celta de Vigo,0,1,1.3125,1.25,1.5,1.5625,2
2706,Real Sociedad,Real Betis,2,2,1.5,1.75,1.6875,1.125,0
2707,RCD Mallorca,Villarreal,1,1,1.1875,1.125,2.1875,1.1875,0
2708,Athletic Bilbao,Valencia,0,1,1.6875,1.625,1.125,1.3125,2
2709,Real Oviedo,Getafe,0,0,0.875,1.6875,0.625,1.0,0
2710,Barcelona,Real Madrid,2,0,2.25,0.75,1.875,1.1875,1
2711,Rayo Vallecano de Madrid,Girona,1,1,1.5625,1.0,1.125,1.5625,0
2712,RC Celta de Vigo,Levante,2,3,1.5625,1.4375,1.4375,1.6875,2
2713,Real Betis,Elche,2,1,1.625,1.1875,1.375,1.6875,1
2714,CA Osasuna,Atletico Madrid,1,2,1.375,1.75,1.0625,1.125,2
2715,RCD Espanyol de Barcelona,Athletic Bilbao,2,0,0.5625,1.5,1.4375,1.75,1
2716,Villarreal,Sevilla,2,3,2.125,1.1875,1.1875,1.4375,2
2717,Deportivo Alavés,Barcelona,1,0,1.75,2.125,2.1875,0.625,1
2718,Getafe,RCD Mallorca,3,1,0.5,0.9375,1.25,1.0625,1
2719,Valencia,Rayo Vallecano de Madrid,1,1,1.125,1.0625,1.5625,1.125,0
2720,Girona,Real Sociedad,1,1,0.9375,1.25,1.6875,1.8125,0
2721,Real Madrid,Real Oviedo,2,0,1.375,1.375,0.75,1.5,1
2722,Athletic Bilbao,RC Celta de Vigo,1,1,1.125,1.6875,1.6875,1.6875,0
2723,Atletico Madrid,Girona,1,0,1.125,1.1875,0.9375,1.0625,1
2724,Elche,Getafe,1,0,1.1875,1.8125,1.0,0.875,1
2725,Levante,RCD Mallorca,2,0,1.875,2.0625,1.3125,1.3125,1
2726,Rayo Vallecano de Madrid,Villarreal,2,0,1.1875,0.9375,2.1875,1.375,1
2727,Real Sociedad,Valencia,3,4,1.4375,1.625,1.0,1.125,2
2728,Real Oviedo,Deportivo Alavés,0,1,0.625,1.4375,1.6875,1.875,2
2729,CA Osasuna,RCD Espanyol de Barcelona,1,2,1.3125,1.9375,0.8125,1.375,2
2730,Sevilla,Real Madrid,0,1,1.5,1.4375,1.5,1.1875,2
2731,Barcelona,Real Betis,3,1,1.5,0.6875,1.75,1.125,1
2732,Deportivo Alavés,Rayo Vallecano de Madrid,1,2,1.5,1.1875,1.25,0.875,2
2733,Real Betis,Levante,2,1,1.5625,1.5625,2.0625,1.375,1
2734,RC Celta de Vigo,Sevilla,1,0,1.4375,1.625,1.3125,1.5625,1
2735,RCD Espanyol de Barcelona,Real Sociedad,1,1,1.125,1.25,1.875,2.0625,0
2736,Getafe,CA Osasuna,1,0,0.875,0.8125,1.25,1.9375,1
2737,RCD Mallorca,Real Oviedo,3,0,1.0625,1.5625,0.5625,1.1875,1
2738,Real Madrid,Athletic Bilbao,4,2,1.25,1.0625,0.8125,1.5625,1
2739,Valencia,Barcelona,3,1,1.5625,1.3125,1.75,0.75,1
2740,Girona,Elche,1,1,0.875,1.0625,1.1875,1.3125,0
2741,Villarreal,Atletico Madrid,5,1,1.4375,1.5625,1.1875,1.0625,1
2752,Parma Calcio 1913,Milan,2,1,1.0,1.0,2.0,2.0,1
2753,Udinese Calcio,Lazio,2,1,1.0,1.0,3.0,1.0,1
2754,Inter,US Lecce,2,0,2.0,2.0,0.0,4.0,1
2755,AC Monza,Genoa CFC,0,1,0.0,0.0,2.0,2.0,2
2756,ACF Fiorentina,Venezia,0,0,1.0,1.0,1.0,3.0,0
2757,Torino,Atalanta BC,2,1,2.0,2.0,4.0,0.0,1
2758,Napoli,Bologna FC 1909,3,0,0.0,3.0,1.0,1.0,1
2759,Roma,Empoli,1,2,0.0,0.0,0.0,0.0,2
2760,Cagliari Calcio,Como 1907,1,1,0.0,0.0,0.0,3.0,0
2761,Hellas Verona,Juventus,0,3,3.0,0.0,3.0,0.0,2
2762,Venezia,Torino,0,1,0.5,1.5,2.0,1.5,2
2763,Inter,Atalanta BC,4,0,2.0,1.0,2.5,1.0,1
2764,Bologna FC 1909,Empoli,1,1,0.5,2.0,1.0,0.5,0
2765,US Lecce,Cagliari Calcio,1,0,0.0,3.0,0.5,0.5,1
2766,Lazio,Milan,2,2,2.0,1.5,1.5,2.0,0
2767,Napoli,Parma Calcio 1913,2,1,1.5,1.5,1.5,1.0,1
2768,ACF Fiorentina,AC Monza,2,2,0.5,0.5,0.0,0.5,0
2769,Genoa CFC,Hellas Verona,0,2,1.5,1.0,1.5,1.5,2
2770,Juventus,Roma,0,0,3.0,0.0,0.5,1.0,0
2771,Udinese Calcio,Como 1907,1,0,1.5,1.0,0.5,2.0,1
2772,Como 1907,Bologna FC 1909,2,2,0.3333333333333333,1.6666666666666667,0.6666666666666666,1.6666666666666667,0
2773,Empoli,Juventus,0,0,1.0,0.6666666666666666,2.0,0.0,0
2774,Milan,Venezia,4,0,1.6666666666666667,2.0,0.3333333333333333,1.3333333333333333,1
2775,Genoa CFC,Roma,1,1,1.0,1.3333333333333333,0.3333333333333333,0.6666666666666666,0
2776,Atalanta BC,ACF Fiorentina,3,2,1.6666666666666667,2.0,1.0,1.0,1
2777,Torino,US Lecce,0,0,1.6666666666666667,1.0,0.3333333333333333,2.0,0
2778,Cagliari Calcio,Napoli,0,4,0.3333333333333333,0.6666666666666666,1.6666666666666667,1.3333333333333333,2
2779,AC Monza,Inter,1,1,0.6666666666666666,1.0,2.6666666666666665,0.6666666666666666,0
2780,Parma Calcio 1913,Udinese Calcio,2,3,1.3333333333333333,1.3333333333333333,1.3333333333333333,0.6666666666666666,2
2781,Lazio,Hellas Verona,2,1,2.0,1.6666666666666667,1.6666666666666667,1.0,1
2782,Cagliari Calcio,Empoli,0,2,0.3,1.8,0.9,0.6,2
2783,Hellas Verona,Torino,2,3,1.2,1.5,1.1,0.5,2
2784,Venezia,Genoa CFC,2,0,0.1,1.8,0.8,1.1,1
2785,Juventus,Napoli,0,0,1.3636363636363635,0.2727272727272727,2.7,0.6,0
2786,US Lecce,Parma Calcio 1913,2,2,0.3,1.0,1.6,1.9,0
2787,ACF Fiorentina,Lazio,2,1,1.3,1.6,1.8,1.6,1
2788,AC Monza,Bologna FC 1909,1,2,0.9,1.2,0.9090909090909091,1.1818181818181819,2
2789,Roma,Udinese Calcio,3,0,0.6,0.9,1.9,1.0,1
2790,Inter,Milan,1,2,1.7272727272727273,0.45454545454545453,2.1818181818181817,1.7272727272727273,2
2791,Atalanta BC,Como 1907,2,3,1.2727272727272727,1.8181818181818181,0.9,1.5,2
2792,Milan,US Lecce,3,0,2.1666666666666665,1.5,0.8181818181818182,1.0909090909090908,1
2793,Udinese Calcio,Inter,2,3,1.3636363636363635,1.5454545454545454,1.1666666666666667,0.9166666666666666,2
2794,Genoa CFC,Juventus,0,3,0.5454545454545454,1.5454545454545454,1.25,0.25,2
2795,Bologna FC 1909,Atalanta BC,1,1,1.1666666666666667,1.1666666666666667,1.6666666666666667,1.75,0
2796,Torino,Lazio,2,3,1.4545454545454546,0.8181818181818182,1.7272727272727273,1.6363636363636365,2
2797,Como 1907,Hellas Verona,3,2,1.4545454545454546,1.7272727272727273,1.6363636363636365,1.6363636363636365,1
2798,Roma,Venezia,2,1,1.1818181818181819,0.45454545454545453,0.6363636363636364,1.6363636363636365,1
2799,Empoli,ACF Fiorentina,0,0,1.0,0.36363636363636365,1.7272727272727273,1.7272727272727273,0
2800,Napoli,AC Monza,2,0,1.9090909090909092,0.5454545454545454,1.0909090909090908,1.4545454545454546,1
2801,Parma Calcio 1913,Cagliari Calcio,2,3,1.6363636363636365,2.090909090909091,0.09090909090909091,2.0,2
2802,Napoli,Como 1907,3,1,1.9166666666666667,0.3333333333333333,2.0833333333333335,1.9166666666666667,1
2803,Hellas Verona,Venezia,2,1,1.6666666666666667,2.25,0.8333333333333334,1.8333333333333333,1
2804,Udinese Calcio,US Lecce,1,0,1.5833333333333333,2.1666666666666665,0.5833333333333334,1.75,1
2805,Atalanta BC,Genoa CFC,5,1,1.8571428571428572,1.4285714285714286,0.5,1.8333333333333333,1
2806,Inter,Torino,3,2,2.357142857142857,1.0714285714285714,1.6666666666666667,1.5,1
2807,Juventus,Cagliari Calcio,1,1,1.9285714285714286,0.5,0.8333333333333334,2.1666666666666665,0
2808,Bologna FC 1909,Parma Calcio 1913,0,0,0.9285714285714286,1.3571428571428572,1.8333333333333333,2.3333333333333335,0
2809,Lazio,Empoli,2,1,2.0,1.6666666666666667,0.75,0.16666666666666666,1
2810,AC Monza,Roma,1,1,0.6666666666666666,1.5,1.5833333333333333,0.6666666666666666,0
2811,ACF Fiorentina,Milan,2,1,1.25,1.25,1.7857142857142858,1.0714285714285714,1
2812,Como 1907,Parma Calcio 1913,1,1,1.8461538461538463,2.1538461538461537,1.3846153846153846,1.6923076923076923,0
2813,Genoa CFC,Bologna FC 1909,2,2,0.5384615384615384,2.6923076923076925,0.6,1.1333333333333333,0
2814,Milan,Udinese Calcio,1,0,1.6,1.2666666666666666,1.2307692307692308,1.6923076923076923,1
2815,Juventus,Lazio,1,0,2.0,0.6666666666666666,2.0,1.6153846153846154,1
2816,Empoli,Napoli,0,1,0.9230769230769231,0.6153846153846154,1.8461538461538463,0.5384615384615384,2
2817,US Lecce,ACF Fiorentina,0,6,0.5384615384615384,1.8461538461538463,1.3076923076923077,0.9230769230769231,2
2818,Venezia,Atalanta BC,0,2,1.0,1.5384615384615385,2.466666666666667,1.1333333333333333,2
2819,Cagliari Calcio,Torino,3,2,1.0,1.6153846153846154,2.0,2.076923076923077,1
2820,Roma,Inter,0,1,1.5384615384615385,0.6923076923076923,2.6666666666666665,1.1333333333333333,2
2821,Hellas Verona,AC Monza,0,3,1.8461538461538463,2.0,0.6923076923076923,1.4615384615384615,2
2822,Udinese Calcio,Cagliari Calcio,2,0,1.1428571428571428,1.3571428571428572,1.5714285714285714,1.6428571428571428,1
2823,Torino,Como 1907,1,0,1.8571428571428572,2.2857142857142856,1.5,1.9285714285714286,1
2824,Napoli,US Lecce,1,0,1.9285714285714286,0.5,0.21428571428571427,2.7142857142857144,1
2825,Atalanta BC,Hellas Verona,6,1,1.9375,0.9375,1.4285714285714286,2.0714285714285716,1
2826,Parma Calcio 1913,Empoli,1,1,1.2142857142857142,1.5,0.5714285714285714,0.7857142857142857,0
2827,Lazio,Genoa CFC,3,0,1.7142857142857142,1.4285714285714286,0.9285714285714286,2.642857142857143,1
2828,AC Monza,Venezia,2,2,1.1428571428571428,1.0714285714285714,0.6428571428571429,1.8571428571428572,0
2829,Inter,Juventus,4,4,1.875,0.6875,1.125,0.5625,0
2830,ACF Fiorentina,Roma,5,1,2.2142857142857144,0.7142857142857143,1.0,0.8571428571428571,1
2831,Cagliari Calcio,Bologna FC 1909,0,2,1.0666666666666667,1.6666666666666667,0.75,1.375,2
2832,US Lecce,Hellas Verona,1,0,0.2,2.3333333333333335,1.2666666666666666,2.7333333333333334,1
2833,Milan,Napoli,0,2,1.75,1.125,1.7333333333333334,0.4666666666666667,2
2834,Empoli,Inter,0,3,0.7333333333333333,0.9333333333333333,2.125,1.1875,2
2835,Venezia,Udinese Calcio,3,2,0.8666666666666667,1.8666666666666667,1.2,0.8666666666666667,1
2836,Atalanta BC,AC Monza,2,0,2.375,0.875,1.4666666666666666,1.1333333333333333,1
2837,Juventus,Parma Calcio 1913,2,2,1.5625,1.1875,1.0666666666666667,1.2,0
2838,Genoa CFC,ACF Fiorentina,0,1,0.8666666666666667,2.6666666666666665,3.066666666666667,0.8666666666666667,2
2839,Como 1907,Lazio,1,5,1.0,1.7333333333333334,1.8,1.0666666666666667,2
2840,Roma,Torino,1,0,0.8666666666666667,1.6666666666666667,1.6666666666666667,1.7333333333333334,1
2841,Bologna FC 1909,US Lecce,1,0,1.125,1.1875,0.375,2.0625,1
2842,Udinese Calcio,Juventus,0,2,1.375,1.375,1.8125,1.5625,2
2843,AC Monza,Milan,0,1,1.25,1.3125,1.5625,1.125,2
2844,Napoli,Atalanta BC,0,3,1.625,0.3125,2.5,0.625,2
2845,Torino,ACF Fiorentina,0,1,1.3125,1.4375,2.8125,0.6875,2
2846,Hellas Verona,Roma,3,2,0.9375,2.625,0.875,1.4375,1
2847,Inter,Venezia,1,0,2.3125,1.1875,1.25,1.875,1
2848,Empoli,Como 1907,1,0,0.5625,1.1875,1.0,2.1875,1
2849,Parma Calcio 1913,Genoa CFC,0,1,1.375,1.5,0.6875,2.0625,2
2850,Lazio,Cagliari Calcio,2,1,2.375,1.0625,0.875,1.8125,1
2851,Genoa CFC,Como 1907,1,1,0.5,1.6875,0.875,2.0625,0
2852,US Lecce,Empoli,1,1,0.375,1.25,0.75,1.0625,0
2853,Venezia,Parma Calcio 1913,1,2,1.1875,1.625,1.1875,1.5,2
2854,Cagliari Calcio,Milan,3,3,0.6875,1.9375,1.4375,1.0625,0
2855,Juventus,Torino,2,0,1.6875,1.0625,0.9375,1.125,1
2856,Atalanta BC,Udinese Calcio,2,1,2.5,0.375,1.3125,1.5625,1
2857,ACF Fiorentina,Hellas Verona,3,1,2.1875,0.625,1.3125,2.625,1
2858,Roma,Bologna FC 1909,2,3,1.25,1.875,0.875,0.6875,2
2859,AC Monza,Lazio,0,1,0.875,1.5,2.5625,1.0625,2
2860,Inter,Napoli,1,1,2.0,0.625,1.5,0.6875,0
2861,Hellas Verona,Inter,0,5,1.375,2.25,1.75,0.6875,2
2862,Milan,Juventus,0,0,1.9375,1.1875,1.8125,0.8125,0
2863,Parma Calcio 1913,Atalanta BC,1,3,1.3125,1.5,2.5,0.375,2
2864,Genoa CFC,Cagliari Calcio,2,2,0.625,1.5,1.1875,2.1875,0
2865,Como 1907,ACF Fiorentina,0,2,1.0,2.0625,2.125,0.6875,2
2866,Torino,AC Monza,1,1,0.6875,1.4375,0.625,1.375,0
2867,Napoli,Roma,1,0,1.375,0.875,1.4375,1.6875,1
2868,Lazio,Bologna FC 1909,3,0,2.3125,0.9375,1.1875,1.0625,1
2869,Empoli,Udinese Calcio,1,1,0.6875,1.0625,1.125,1.875,0
2870,Venezia,US Lecce,0,1,1.125,1.75,0.5625,1.1875,2
2871,Cagliari Calcio,Hellas Verona,1,0,1.5625,2.25,1.25,3.0625,1
2872,Como 1907,AC Monza,1,1,0.875,1.75,0.6875,1.1875,0
2873,Milan,Empoli,3,0,1.6875,1.375,0.8125,0.8125,1
2874,Bologna FC 1909,Venezia,3,0,1.0625,1.75,0.75,1.625,1
2875,Udinese Calcio,Genoa CFC,0,2,1.0,1.6875,1.0,1.625,2
2876,Parma Calcio 1913,Lazio,3,1,1.1875,1.6875,2.125,0.6875,1
2877,Torino,Napoli,0,1,0.8125,1.5,1.1875,0.8125,2
2878,US Lecce,Juventus,1,1,0.5625,1.1875,1.0625,0.5625,0
2879,Roma,Atalanta BC,0,2,1.3125,1.875,3.3125,0.6875,2
2880,Inter,Parma Calcio 1913,3,1,2.1875,0.5625,1.625,1.5625,1
2881,Atalanta BC,Milan,2,1,3.125,0.5,1.875,0.9375,1
2882,Genoa CFC,Torino,0,0,1.1875,1.5625,0.8125,1.5625,0
2883,Juventus,Bologna FC 1909,2,2,0.9375,0.6875,1.25,1.375,0
2884,Roma,US Lecce,4,1,1.0,1.8125,0.75,1.25,1
2885,ACF Fiorentina,Cagliari Calcio,1,0,2.25,0.5625,1.625,1.75,1
2886,Hellas Verona,Empoli,1,4,0.8125,2.875,0.6875,1.375,2
2887,Venezia,Como 1907,2,2,0.75,1.8125,0.9375,1.6875,0
2888,Napoli,Lazio,0,1,1.125,0.4375,1.9375,1.0625,2
2889,AC Monza,Udinese Calcio,1,2,0.8125,1.1875,0.8125,1.6875,2
2890,Empoli,Torino,0,1,1.1875,1.4375,0.625,1.1875,2
2891,Cagliari Calcio,Atalanta BC,0,1,1.25,1.4375,2.625,1.0,2
2892,Udinese Calcio,Napoli,1,3,1.0625,1.4375,1.0,0.5,2
2893,Juventus,Venezia,2,2,1.625,1.0,0.875,1.9375,0
2894,US Lecce,AC Monza,2,1,0.6875,1.75,0.9375,1.3125,1
2895,Bologna FC 1909,ACF Fiorentina,1,0,1.375,1.0,2.1875,0.375,1
2896,Parma Calcio 1913,Hellas Verona,2,3,1.4375,1.875,0.75,3.0625,2
2897,Como 1907,Roma,2,0,1.0,1.8125,1.3125,1.625,1
2898,Milan,Genoa CFC,0,0,1.9375,1.125,1.0625,1.3125,0
2899,Lazio,Inter,0,6,1.9375,0.9375,1.75,0.6875,2
2900,Hellas Verona,Milan,0,1,1.1875,2.625,1.375,1.0625,2
2901,Torino,Bologna FC 1909,0,2,0.5625,0.875,1.1875,0.875,2
2902,Genoa CFC,Napoli,1,2,0.8125,0.875,1.3125,0.6875,2
2903,US Lecce,Lazio,1,2,0.9375,1.75,1.375,1.9375,2
2904,Roma,Parma Calcio 1913,5,0,1.1875,1.8125,1.5625,1.875,1
2905,Venezia,Cagliari Calcio,2,1,1.1875,2.0625,0.8125,1.25,1
2906,Atalanta BC,Empoli,3,2,2.1875,0.9375,1.0625,1.5,1
2907,AC Monza,Juventus,1,2,1.0,1.4375,1.625,1.0,2
2908,ACF Fiorentina,Udinese Calcio,1,2,1.6875,0.375,1.0,1.6875,2
2909,Inter,Como 1907,2,0,2.6875,0.6875,1.1875,1.4375,1
2910,Empoli,Genoa CFC,1,2,1.375,1.5625,0.6875,0.9375,2
2911,Parma Calcio 1913,AC Monza,2,1,1.1875,2.6875,1.0,1.625,1
2912,Cagliari Calcio,Inter,0,3,0.8125,1.5625,2.4375,0.3125,2
2913,Lazio,Atalanta BC,1,1,1.5,1.6875,2.375,1.1875,0
2914,Udinese Calcio,Torino,2,2,1.3125,1.625,0.4375,0.9375,0
2915,Napoli,Venezia,1,0,1.375,0.8125,1.5,1.75,1
2916,Juventus,ACF Fiorentina,2,2,1.625,0.8125,1.625,0.75,0
2917,Milan,Roma,1,1,1.4375,0.6875,2.0625,1.5,0
2918,Como 1907,US Lecce,2,0,1.0,1.5,1.0,1.9375,1
2919,Bologna FC 1909,Hellas Verona,2,3,1.1875,0.625,1.0625,2.625,2
2920,Venezia,Empoli,1,1,1.25,1.5625,1.0625,1.75,0
2921,ACF Fiorentina,Napoli,0,3,1.75,1.0625,1.5,0.6875,2
2922,Hellas Verona,Udinese Calcio,0,0,1.5,2.3125,1.4375,1.8125,0
2923,AC Monza,Cagliari Calcio,1,2,0.875,1.75,0.625,1.875,2
2924,US Lecce,Genoa CFC,0,0,0.875,1.4375,0.9375,1.0,0
2925,Torino,Parma Calcio 1913,0,0,0.6875,1.125,1.375,2.4375,0
2926,Roma,Lazio,2,0,1.75,1.5,1.5625,1.8125,1
2927,Lazio,Como 1907,1,1,1.375,1.4375,1.0625,1.1875,0
2928,Empoli,US Lecce,1,3,1.1875,1.75,0.625,1.25,2
2929,Udinese Calcio,Atalanta BC,0,0,1.1875,1.4375,2.125,1.0,0
2930,Torino,Juventus,1,1,0.5,1.125,1.625,1.1875,0
2931,Milan,Cagliari Calcio,1,1,1.3125,0.75,1.0,1.8125,0
2932,Genoa CFC,Parma Calcio 1913,1,0,0.9375,0.8125,1.0625,2.0,1
2933,Venezia,Inter,0,1,1.0625,1.375,2.8125,0.1875,2
2934,Bologna FC 1909,Roma,2,2,1.5,1.1875,2.0625,0.9375,0
2935,Napoli,Hellas Verona,2,0,1.625,0.5625,1.0625,1.6875,1
2936,AC Monza,ACF Fiorentina,2,1,0.8125,1.75,1.375,1.5,1
2937,Como 1907,Milan,1,2,1.0,1.3125,1.3125,0.875,2
2938,Atalanta BC,Juventus,1,1,1.875,1.0,1.5,1.0625,0
2939,Inter,Bologna FC 1909,2,2,2.1875,0.1875,1.75,1.5,0
2940,Roma,Genoa CFC,3,1,1.75,1.3125,1.0,0.5,1
2941,Bologna FC 1909,AC Monza,3,1,1.6875,1.75,1.0625,1.5625,1
2942,Juventus,Milan,2,0,1.3125,1.125,1.375,0.875,1
2943,Atalanta BC,Napoli,2,3,1.5625,0.875,1.625,0.4375,2
2944,ACF Fiorentina,Torino,1,1,1.125,1.5625,0.6875,1.0,0
2945,Cagliari Calcio,US Lecce,4,1,1.0625,1.625,1.0,1.1875,1
2946,Parma Calcio 1913,Venezia,1,1,0.9375,1.4375,0.625,1.3125,0
2947,Hellas Verona,Lazio,0,3,1.0625,1.875,1.0,1.4375,2
2948,Inter,Empoli,3,1,2.25,0.5625,1.125,1.75,1
2949,Como 1907,Udinese Calcio,4,1,1.125,1.125,0.8125,1.125,1
2950,Torino,Cagliari Calcio,2,0,0.625,0.875,1.75,1.3125,1
2951,Como 1907,Atalanta BC,1,2,1.625,1.25,2.1875,1.1875,2
2952,Napoli,Juventus,2,1,2.0625,0.625,1.3125,0.75,1
2953,Empoli,Bologna FC 1909,1,1,1.125,2.0625,2.0625,1.1875,0
2954,Milan,Parma Calcio 1913,3,2,1.125,0.875,0.875,1.4375,1
2955,Udinese Calcio,Roma,1,2,0.75,1.5,2.0625,1.1875,2
2956,US Lecce,Inter,0,4,1.1875,1.625,2.125,0.6875,2
2957,Lazio,ACF Fiorentina,1,2,1.3125,1.25,1.0,1.5,2
2958,Venezia,Hellas Verona,1,1,0.8125,1.3125,0.5,2.0625,0
2959,Genoa CFC,AC Monza,2,0,0.875,0.9375,1.125,1.8125,1
2960,Parma Calcio 1913,US Lecce,1,3,1.125,1.9375,1.125,2.3125,2
2961,AC Monza,Hellas Verona,0,1,1.0,1.875,0.625,2.0625,2
2962,Udinese Calcio,Venezia,3,2,0.875,1.75,0.8125,1.25,1
2963,Atalanta BC,Torino,1,1,2.3125,1.1875,1.0,0.75,0
2964,Bologna FC 1909,Como 1907,2,0,1.5,1.0625,1.625,1.4375,1
2965,Juventus,Empoli,4,1,0.9375,1.1875,1.125,2.0625,1
2966,ACF Fiorentina,Genoa CFC,2,1,1.3125,1.3125,1.1875,0.875,1
2967,Milan,Inter,1,1,1.375,1.125,2.5625,0.25,0
2968,Roma,Napoli,1,1,2.0625,1.1875,2.0,0.75,0
2969,Cagliari Calcio,Lazio,1,2,1.3125,1.375,1.4375,1.375,2
2970,ACF Fiorentina,Inter,3,0,1.375,1.1875,2.625,0.375,1
2971,Como 1907,Juventus,1,2,1.5,1.4375,1.5625,1.375,2
2972,Hellas Verona,Atalanta BC,0,5,0.8125,1.5,1.75,1.1875,2
2973,Empoli,Milan,0,2,1.125,2.375,1.3125,1.25,2
2974,Torino,Genoa CFC,1,1,1.0,0.75,1.125,1.125,0
2975,Venezia,Roma,0,1,1.1875,1.625,2.0,1.0625,2
2976,Cagliari Calcio,Parma Calcio 1913,2,1,1.25,1.5,1.25,2.1875,1
2977,Lazio,AC Monza,5,1,1.5,1.4375,0.6875,1.875,1
2978,US Lecce,Bologna FC 1909,0,0,1.25,2.375,1.625,0.9375,0
2979,Napoli,Udinese Calcio,1,1,1.875,0.9375,1.375,2.0625,0
2980,Inter,ACF Fiorentina,2,1,1.75,0.9375,1.6875,1.0625,1
2981,Bologna FC 1909,Torino,3,2,1.4375,0.8125,1.0625,0.75,1
2982,Atalanta BC,Cagliari Calcio,0,0,2.125,1.0625,1.0625,1.5625,0
2983,Lazio,Napoli,2,2,2.0,1.4375,1.625,0.875,0
2984,Milan,Hellas Verona,1,0,1.125,0.9375,0.8125,2.0,1
2985,ACF Fiorentina,Como 1907,0,2,1.5625,1.3125,1.125,1.625,2
2986,AC Monza,US Lecce,0,0,0.6875,2.375,1.0625,1.8125,0
2987,Udinese Calcio,Empoli,3,0,1.4375,1.625,1.0,2.1875,1
2988,Parma Calcio 1913,Roma,0,1,1.125,2.375,1.8125,0.8125,2
2989,Juventus,Inter,1,0,1.9375,1.0625,1.625,1.125,1
2990,Genoa CFC,Venezia,2,0,1.0625,0.9375,1.0625,1.5,1
2991,US Lecce,Udinese Calcio,0,1,1.0,1.0625,1.75,1.3125,2
2992,Parma Calcio 1913,Bologna FC 1909,2,0,0.8125,2.0,1.75,1.0625,1
2993,Venezia,Lazio,0,0,0.8125,1.625,2.1875,1.5625,0
2994,Torino,Milan,2,1,1.1875,1.3125,1.0,0.875,1
2995,Inter,Genoa CFC,1,0,1.3125,1.1875,1.1875,0.9375,1
2996,Como 1907,Napoli,2,1,1.25,1.25,1.75,1.0625,1
2997,Hellas Verona,ACF Fiorentina,1,0,0.625,1.8125,1.3125,1.5,1
2998,Empoli,Atalanta BC,0,5,0.625,2.5625,1.5,1.4375,2
2999,Cagliari Calcio,Juventus,0,1,1.0625,1.25,1.375,1.1875,2
3000,Roma,AC Monza,4,0,1.5,0.625,0.625,2.0,1
3001,Bologna FC 1909,Milan,2,1,1.375,1.25,1.0625,1.0625,1
3002,ACF Fiorentina,US Lecce,1,0,0.875,1.5625,0.5,1.0625,1
3003,Atalanta BC,Venezia,0,0,2.25,1.125,0.4375,1.125,0
3004,Napoli,Inter,1,1,1.625,1.25,1.4375,0.8125,0
3005,Udinese Calcio,Parma Calcio 1913,1,0,1.5,0.875,0.9375,1.4375,1
3006,AC Monza,Torino,0,2,0.5625,2.5,1.375,1.375,2
3007,Bologna FC 1909,Cagliari Calcio,2,1,1.625,1.3125,0.9375,1.125,1
3008,Genoa CFC,Empoli,1,1,1.0625,0.875,0.5,2.9375,0
3009,Roma,Como 1907,2,1,2.125,0.375,1.5,1.1875,1
3010,Milan,Lazio,1,2,1.125,1.3125,1.9375,1.0625,2
3011,Juventus,Hellas Verona,2,0,1.25,1.0,0.5,1.6875,1
3012,Cagliari Calcio,Genoa CFC,1,1,0.8125,1.25,1.0625,0.8125,0
3013,Como 1907,Venezia,1,1,1.5625,1.1875,0.3125,0.9375,0
3014,Parma Calcio 1913,Torino,2,2,0.8125,1.0625,1.625,1.125,0
3015,US Lecce,Milan,2,3,0.4375,1.125,1.125,1.5625,2
3016,Inter,AC Monza,3,2,1.4375,0.5625,0.375,2.125,1
3017,Hellas Verona,Bologna FC 1909,1,2,0.5,1.375,1.5,1.125,2
3018,Napoli,ACF Fiorentina,2,1,1.5625,1.25,0.8125,1.1875,1
3019,Empoli,Roma,0,1,0.5625,2.6875,2.0625,0.5625,2
3020,Juventus,Atalanta BC,0,4,1.375,1.0,2.125,0.9375,2
3021,Lazio,Udinese Calcio,1,1,1.5625,1.0625,1.4375,0.6875,0
3022,Genoa CFC,US Lecce,2,1,0.875,0.9375,0.8125,1.5625,1
3023,AC Monza,Parma Calcio 1913,1,1,0.6875,2.5625,1.0625,1.25,0
3024,Udinese Calcio,Hellas Verona,0,1,1.125,0.75,0.5,1.5,2
3025,Milan,Como 1907,2,1,1.375,1.5625,1.375,1.375,1
3026,Torino,Empoli,1,0,1.625,1.0,0.5,2.375,1
3027,Venezia,Napoli,0,0,0.5,0.8125,1.625,1.1875,0
3028,Bologna FC 1909,Lazio,5,0,1.6875,1.0,1.4375,0.9375,1
3029,Roma,Cagliari Calcio,1,0,2.0625,0.5,1.0,1.25,1
3030,ACF Fiorentina,Juventus,3,0,1.0,1.125,1.25,1.375,1
3031,Atalanta BC,Inter,0,2,2.4375,0.5625,1.8125,1.0,2
3032,Como 1907,Empoli,1,1,1.25,1.5625,0.4375,1.875,0
3033,Venezia,Bologna FC 1909,0,1,0.4375,0.75,2.25,0.8125,2
3034,Juventus,Genoa CFC,1,0,1.0625,1.8125,1.25,1.0,1
3035,US Lecce,Roma,0,1,1.0,1.8125,1.625,0.5,2
3036,Cagliari Calcio,AC Monza,3,0,0.875,1.25,0.8125,2.125,1
3037,ACF Fiorentina,Atalanta BC,1,0,1.5,0.875,1.6875,0.875,1
3038,Inter,Udinese Calcio,2,1,1.75,1.0,1.0,0.9375,1
3039,Napoli,Milan,2,1,1.3125,0.9375,1.5625,1.375,1
3040,Hellas Verona,Parma Calcio 1913,0,0,0.5625,1.5,1.0,1.4375,0
3041,Lazio,Torino,1,1,1.4375,1.75,1.5625,0.875,0
3042,Genoa CFC,Udinese Calcio,1,0,1.0625,1.0625,1.0625,1.3125,1
3043,AC Monza,Como 1907,1,3,0.6875,2.375,1.25,1.375,2
3044,Parma Calcio 1913,Inter,2,2,1.0,1.25,1.6875,0.875,0
3045,Milan,ACF Fiorentina,2,2,1.5625,1.4375,1.5,0.8125,0
3046,US Lecce,Venezia,1,1,0.8125,1.8125,0.4375,0.875,0
3047,Empoli,Cagliari Calcio,0,0,0.4375,1.75,1.25,0.9375,0
3048,Torino,Hellas Verona,1,1,1.4375,1.0,0.5625,1.125,0
3049,Atalanta BC,Lazio,0,1,1.5625,0.9375,1.3125,1.75,2
3050,Roma,Juventus,1,1,1.4375,0.25,1.0,1.6875,0
3051,Bologna FC 1909,Napoli,1,1,2.125,0.625,1.4375,1.0,0
3052,Udinese Calcio,Milan,0,4,0.875,1.125,1.4375,1.5625,2
3053,Venezia,AC Monza,1,0,0.4375,0.875,0.5625,2.375,1
3054,Inter,Cagliari Calcio,3,1,1.8125,1.0625,0.875,0.75,1
3055,Juventus,US Lecce,2,1,0.9375,1.3125,0.6875,1.375,1
3056,Atalanta BC,Bologna FC 1909,2,0,1.0,1.0625,2.0,0.625,1
3057,ACF Fiorentina,Parma Calcio 1913,0,0,1.625,0.875,1.0625,1.3125,0
3058,Hellas Verona,Genoa CFC,0,0,0.625,0.875,1.0625,0.75,0
3059,Como 1907,Torino,1,0,1.4375,1.375,1.3125,0.875,1
3060,Lazio,Roma,1,1,1.1875,1.625,1.3125,0.375,0
3061,Napoli,Empoli,3,0,1.1875,0.9375,0.375,1.4375,1
3062,US Lecce,Como 1907,0,3,0.75,1.25,1.4375,1.0,2
3063,AC Monza,Napoli,0,1,0.4375,2.3125,1.625,0.875,2
3064,Roma,Hellas Verona,1,0,1.25,0.5,0.4375,0.8125,1
3065,Empoli,Venezia,2,2,0.3125,1.8125,0.5625,0.8125,0
3066,Bologna FC 1909,Inter,1,0,1.25,1.0,2.1875,1.1875,1
3067,Milan,Atalanta BC,0,1,1.9375,1.375,1.0625,0.8125,2
3068,Cagliari Calcio,ACF Fiorentina,1,2,1.0625,1.0625,1.125,0.8125,2
3069,Genoa CFC,Lazio,0,2,0.6875,0.625,1.3125,1.0625,2
3070,Parma Calcio 1913,Juventus,1,0,0.8125,1.0,1.1875,1.0625,1
3071,Torino,Udinese Calcio,2,0,1.0625,1.0625,0.8125,1.625,1
3072,Como 1907,Genoa CFC,1,0,1.875,0.75,0.625,0.75,1
3073,Venezia,Milan,0,2,0.8125,0.875,1.75,1.3125,2
3074,ACF Fiorentina,Empoli,2,1,1.1875,1.0,0.5,1.8125,1
3075,Inter,Roma,0,1,1.875,1.1875,1.25,0.4375,2
3076,Juventus,AC Monza,2,0,0.9375,1.1875,0.4375,2.0625,1
3077,Atalanta BC,US Lecce,1,1,1.1875,0.5625,0.5625,1.625,0
3078,Napoli,Torino,2,0,1.5,0.6875,1.25,0.875,1
3079,Udinese Calcio,Bologna FC 1909,0,0,0.5,1.625,1.3125,1.0,0
3080,Hellas Verona,Cagliari Calcio,0,2,0.375,1.0,0.8125,1.3125,2
3081,Lazio,Parma Calcio 1913,2,2,1.4375,0.875,0.9375,0.8125,0
3082,Torino,Venezia,1,1,1.0625,1.0625,0.6875,1.0625,0
3083,Cagliari Calcio,Udinese Calcio,1,2,1.0625,1.25,0.4375,1.4375,2
3084,Parma Calcio 1913,Como 1907,0,1,1.0,0.8125,1.625,0.5,2
3085,US Lecce,Napoli,0,1,0.625,1.6875,1.6875,0.5,2
3086,Inter,Hellas Verona,1,0,1.5,1.4375,0.25,0.9375,1
3087,Empoli,Lazio,0,1,0.6875,2.0625,1.375,1.1875,2
3088,AC Monza,Atalanta BC,0,4,0.25,1.75,1.375,0.625,2
3089,Roma,ACF Fiorentina,1,0,1.25,0.3125,1.25,0.8125,1
3090,Bologna FC 1909,Juventus,1,1,1.0,0.75,1.125,1.0625,0
3091,Genoa CFC,Milan,1,2,0.4375,0.875,1.8125,1.0,2
3092,Milan,Bologna FC 1909,3,1,1.625,1.0625,1.1875,0.5625,1
3093,Como 1907,Cagliari Calcio,3,1,1.5625,0.5,1.125,1.25,1
3094,Lazio,Juventus,1,1,1.3125,0.9375,1.0,0.9375,0
3095,Empoli,Parma Calcio 1913,2,1,0.6875,1.6875,1.0,0.9375,1
3096,Udinese Calcio,AC Monza,1,2,0.625,1.125,0.25,2.375,2
3097,Hellas Verona,US Lecce,1,1,0.25,1.0625,0.5,1.625,0
3098,Torino,Inter,0,2,1.125,0.9375,2.1875,1.6875,2
3099,Napoli,Genoa CFC,2,2,1.375,0.375,0.5,1.25,0
3100,Venezia,ACF Fiorentina,2,1,0.75,1.125,1.25,0.875,1
3101,Atalanta BC,Roma,2,1,1.8125,0.4375,1.25,0.1875,1
3102,Genoa CFC,Atalanta BC,2,3,0.875,1.3125,1.75,0.625,2
3103,Cagliari Calcio,Venezia,3,0,1.1875,1.5,0.875,1.0625,1
3104,ACF Fiorentina,Bologna FC 1909,3,2,1.1875,1.0625,1.125,1.0625,1
3105,Hellas Verona,Como 1907,1,1,0.375,1.125,1.625,0.625,0
3106,Inter,Lazio,2,2,2.0625,1.25,1.25,1.125,0
3107,Juventus,Udinese Calcio,2,0,1.125,1.0,0.75,1.25,1
3108,US Lecce,Torino,1,0,0.6875,1.375,0.75,1.25,1
3109,AC Monza,Empoli,1,3,0.625,2.1875,0.8125,1.3125,2
3110,Parma Calcio 1913,Napoli,0,0,0.9375,1.3125,1.5625,0.625,0
3111,Roma,Milan,3,1,1.0625,0.5625,2.125,1.0,1
3112,Como 1907,Inter,0,2,1.625,0.6875,2.1875,1.5,2
3113,Napoli,Cagliari Calcio,2,0,1.25,0.5625,1.4375,1.375,1
3114,Bologna FC 1909,Genoa CFC,1,3,1.375,1.5625,1.1875,1.6875,2
3115,Milan,AC Monza,2,0,2.0,1.4375,0.8125,2.375,1
3116,Atalanta BC,Parma Calcio 1913,2,3,2.1875,0.875,0.6875,1.0,2
3117,Empoli,Hellas Verona,1,2,1.1875,1.1875,0.5625,0.9375,2
3118,Lazio,US Lecce,0,1,1.25,1.1875,0.75,1.1875,2
3119,Torino,Roma,0,2,0.625,1.1875,1.375,0.6875,2
3120,Udinese Calcio,ACF Fiorentina,2,3,0.6875,1.625,1.4375,1.3125,2
3121,Venezia,Juventus,2,3,0.875,1.375,1.125,1.0,2
3122,Genoa CFC,US Lecce,0,0,1.5625,1.5625,0.8125,0.875,0
3125,Roma,Bologna FC 1909,1,0,1.5625,0.6875,1.3125,1.9375,1
3126,Cagliari Calcio,ACF Fiorentina,1,1,1.25,1.4375,1.9375,1.4375,0
3127,Como 1907,Lazio,2,0,1.4375,1.0,1.0625,1.3125,1
3129,Juventus,Parma Calcio 1913,2,0,1.5625,1.0,1.125,1.125,1
3130,Udinese Calcio,Hellas Verona,1,1,0.75,2.0,0.875,0.875,0
3131,Inter,Torino,5,0,1.5,1.9375,0.375,1.3125,1
3132,US Cremonese,US Sassuolo Calcio,3,2,2.0,1.0,0.0,2.0,1
3133,US Lecce,Milan,0,2,0.625,0.625,1.625,1.375,2
3134,Bologna FC 1909,Como 1907,1,0,0.875,1.75,1.375,0.75,1
3135,Parma Calcio 1913,Atalanta BC,1,1,0.9375,1.1875,1.75,1.375,0
3136,Napoli,Cagliari Calcio,1,0,1.5,0.25,1.3125,1.1875,1
3137,AC Pisa 1909,Roma,0,1,1.0,1.0,1.5625,0.4375,2
3138,Genoa CFC,Juventus,0,1,1.1875,1.25,1.8125,0.6875,2
3139,Torino,ACF Fiorentina,0,0,0.3125,2.0,1.8125,1.375,0
3140,Inter,Udinese Calcio,1,2,2.0625,1.5625,0.8125,1.875,2
3141,Lazio,Hellas Verona,4,0,0.9375,1.25,0.875,0.9375,1
3142,Cagliari Calcio,Parma Calcio 1913,2,0,0.75,1.375,1.125,1.375,1
3143,Juventus,Inter,4,3,1.6875,0.6875,2.0,1.875,1
3144,ACF Fiorentina,Napoli,1,3,1.375,1.125,1.5625,0.1875,2
3145,Roma,Torino,0,1,1.3125,0.3125,0.25,1.8125,2
3146,Atalanta BC,US Lecce,4,1,1.5625,1.25,0.5,0.9375,1
3147,AC Pisa 1909,Udinese Calcio,0,1,0.5,1.0,1.125,1.6875,2
3148,US Sassuolo Calcio,Lazio,1,0,1.0,2.5,1.375,0.9375,1
3149,Milan,Bologna FC 1909,1,0,1.8125,0.875,0.75,1.375,1
3150,Hellas Verona,US Cremonese,0,0,0.75,1.5625,2.5,1.5,0
3151,Como 1907,Genoa CFC,1,1,1.1875,0.75,0.9375,1.0,0
3152,US Lecce,Cagliari Calcio,1,2,0.5,1.625,1.125,1.125,2
3153,Bologna FC 1909,Genoa CFC,2,1,0.5625,1.125,0.6875,1.0625,1
3154,Hellas Verona,Juventus,1,1,0.4375,1.375,2.375,1.625,0
3155,Udinese Calcio,Milan,0,3,1.0625,1.25,1.625,0.75,2
3156,Lazio,Roma,0,1,1.3125,1.0,1.0,0.4375,2
3157,Torino,Atalanta BC,0,3,0.375,1.5,1.8125,1.625,2
3158,US Cremonese,Parma Calcio 1913,0,0,1.6666666666666667,1.0,0.625,1.375,0
3159,ACF Fiorentina,Como 1907,1,2,1.0625,1.3125,1.1875,0.625,2
3160,Inter,US Sassuolo Calcio,2,1,2.125,1.75,1.0,1.6666666666666667,1
3161,Napoli,AC Pisa 1909,3,2,1.375,0.6875,0.3333333333333333,1.0,1
3162,Como 1907,US Cremonese,1,1,1.25,0.8125,1.1,0.7,0
3163,Juventus,Atalanta BC,1,1,2.4375,1.75,2.1875,1.5,0
3164,Cagliari Calcio,Inter,0,2,1.3125,1.0,2.3125,1.6875,2
3165,US Sassuolo Calcio,Udinese Calcio,3,1,1.2,1.7,0.9375,1.4375,1
3166,Roma,Hellas Verona,2,0,1.0,0.375,0.5,1.4375,1
3167,AC Pisa 1909,ACF Fiorentina,0,0,0.7,1.6,1.125,1.5625,0
3168,US Lecce,Bologna FC 1909,2,2,0.625,1.875,0.9375,1.0625,0
3169,Milan,Napoli,2,1,1.8125,0.5,1.75,1.0625,1
3170,Parma Calcio 1913,Torino,2,1,0.625,1.125,0.375,1.375,1
3171,Genoa CFC,Lazio,0,3,0.875,1.4375,1.25,0.875,2
3172,Hellas Verona,US Sassuolo Calcio,0,1,0.5,1.25,1.5454545454545454,1.2727272727272727,2
3173,Lazio,Torino,3,3,1.1875,0.875,0.4375,1.75,0
3174,Parma Calcio 1913,US Lecce,0,1,0.8125,1.1875,1.0,1.8125,2
3175,Inter,US Cremonese,4,1,2.25,1.0,0.7272727272727273,0.5454545454545454,1
3176,Atalanta BC,Como 1907,1,1,1.9375,1.1875,1.25,0.875,0
3177,Udinese Calcio,Cagliari Calcio,1,1,0.875,1.75,1.25,1.125,0
3178,ACF Fiorentina,Roma,1,2,1.0,1.5,1.1875,0.375,2
3179,Bologna FC 1909,AC Pisa 1909,4,0,1.125,1.4375,0.6363636363636364,1.2727272727272727,1
3180,Napoli,Genoa CFC,2,1,1.75,1.25,0.875,1.75,1
3181,Juventus,Milan,0,0,1.8125,1.375,1.9375,0.625,0
3182,AC Pisa 1909,Hellas Verona,0,0,0.5833333333333334,2.0,0.5,1.3125,0
3183,US Lecce,US Sassuolo Calcio,0,0,1.0,1.25,1.5,1.1666666666666667,0
3184,Torino,Napoli,1,0,0.875,2.1875,1.625,1.0625,1
3185,Roma,Inter,0,1,1.5,0.4375,2.625,0.9375,2
3186,Como 1907,Juventus,2,0,1.25,0.9375,1.625,1.1875,1
3187,Cagliari Calcio,Bologna FC 1909,0,2,1.0625,1.3125,1.875,1.3125,2
3188,Genoa CFC,Parma Calcio 1913,0,0,0.9375,1.9375,0.6875,1.0,0
3189,Atalanta BC,Lazio,0,0,1.625,1.3125,1.625,1.1875,0
3190,Milan,ACF Fiorentina,2,1,1.6875,0.625,0.9375,1.4375,1
3191,US Cremonese,Udinese Calcio,1,1,0.9166666666666666,1.5,0.9375,1.9375,0
3192,Milan,AC Pisa 1909,2,2,1.5625,0.75,0.23076923076923078,1.3846153846153846,0
3193,Parma Calcio 1913,Como 1907,0,0,0.6875,0.9375,1.3125,0.8125,0
3194,Udinese Calcio,US Lecce,3,2,1.0,1.6875,0.875,0.9375,1
3195,Napoli,Inter,3,1,1.5,2.0,2.8125,0.625,1
3196,US Cremonese,Atalanta BC,1,1,1.0769230769230769,1.6153846153846154,0.9375,0.75,0
3197,Torino,Genoa CFC,2,1,1.0,1.75,0.75,1.5625,1
3198,Hellas Verona,Cagliari Calcio,2,2,0.375,1.125,0.75,1.4375,0
3199,US Sassuolo Calcio,Roma,0,1,1.2307692307692308,0.7692307692307693,1.3125,0.625,2
3200,ACF Fiorentina,Bologna FC 1909,2,2,1.0,1.5,1.9375,1.125,0
3201,Lazio,Juventus,1,0,1.5625,1.0625,0.9375,1.25,1
3202,US Lecce,Napoli,0,1,0.9375,1.1875,1.6875,2.0625,2
3203,Atalanta BC,Milan,1,1,0.9375,0.75,1.5,0.9375,0
3204,Roma,Parma Calcio 1913,2,1,1.1875,0.5,0.375,0.6875,1
3205,Como 1907,Hellas Verona,3,1,1.0,0.625,0.6875,1.1875,1
3206,Juventus,Udinese Calcio,3,1,0.8125,1.4375,1.375,1.5625,1
3207,Genoa CFC,US Cremonese,0,2,0.8125,1.4375,1.0714285714285714,1.5714285714285714,2
3208,Bologna FC 1909,Torino,0,0,2.0,1.0625,1.25,1.5625,0
3209,Inter,ACF Fiorentina,3,0,2.1875,1.0625,1.3125,1.75,1
3210,Cagliari Calcio,US Sassuolo Calcio,1,2,1.0625,1.375,0.7142857142857143,0.7857142857142857,2
3211,AC Pisa 1909,Lazio,0,0,0.6428571428571429,1.7142857142857142,1.3125,1.0,0
3212,Udinese Calcio,Atalanta BC,1,0,1.4375,1.875,1.0625,0.875,1
3213,Napoli,Como 1907,0,0,1.8125,1.9375,1.375,0.625,0
3214,US Cremonese,Juventus,1,2,1.2666666666666666,0.9333333333333333,1.3125,1.375,2
3215,Hellas Verona,Inter,1,2,0.8125,1.5625,2.5625,0.9375,2
3216,ACF Fiorentina,US Lecce,0,1,1.0,1.9375,0.75,1.375,2
3217,Torino,AC Pisa 1909,2,2,0.875,1.125,0.6,1.0666666666666667,0
3218,Parma Calcio 1913,Bologna FC 1909,1,3,0.5625,0.9375,1.375,0.875,2
3219,Milan,Roma,1,0,1.625,0.9375,1.125,0.5,1
3220,US Sassuolo Calcio,Genoa CFC,1,2,0.9333333333333333,0.9333333333333333,0.5625,1.375,2
3221,Lazio,Cagliari Calcio,2,0,0.8125,0.5,0.9375,1.625,1
3222,AC Pisa 1909,US Cremonese,1,0,0.9375,1.375,1.25,1.125,1
3223,Como 1907,Cagliari Calcio,0,0,1.125,0.5,0.9375,1.625,0
3224,US Lecce,Hellas Verona,0,0,0.875,1.375,0.875,1.875,0
3225,Juventus,Torino,0,0,1.375,1.0625,1.125,1.375,0
3226,Parma Calcio 1913,Milan,2,2,0.5625,1.375,1.4375,0.8125,0
3227,Atalanta BC,US Sassuolo Calcio,0,3,0.875,0.625,1.0625,1.25,2
3228,Genoa CFC,ACF Fiorentina,2,2,0.75,1.5,0.6875,1.75,0
3229,Bologna FC 1909,Napoli,2,0,1.625,0.875,1.0,0.875,1
3230,Roma,Udinese Calcio,2,0,1.0,0.5625,1.375,1.5625,1
3231,Inter,Lazio,2,0,2.375,0.6875,1.1875,0.4375,1
3232,Cagliari Calcio,Genoa CFC,3,3,0.625,1.3125,1.0,1.625,0
3233,Udinese Calcio,Bologna FC 1909,0,3,0.9375,1.625,1.75,0.5625,2
3234,ACF Fiorentina,Juventus,1,1,0.75,1.8125,0.9375,0.875,0
3235,Napoli,Atalanta BC,3,1,0.6875,1.125,0.5625,1.0625,1
3236,Hellas Verona,Parma Calcio 1913,1,2,0.5625,1.5625,0.9375,1.625,2
3237,US Cremonese,Roma,1,3,1.0,1.125,1.1875,0.5625,2
3238,Lazio,US Lecce,2,0,1.0625,0.6875,0.625,1.0,1
3239,Inter,Milan,0,1,2.25,0.625,1.5,0.8125,2
3240,Torino,Como 1907,1,5,0.875,0.9375,1.0,0.5,2
3241,US Sassuolo Calcio,AC Pisa 1909,2,2,1.625,1.0,0.8125,1.0625,0
3242,Como 1907,US Sassuolo Calcio,2,0,1.5625,0.5,1.625,1.0625,1
3243,Genoa CFC,Hellas Verona,2,1,1.5625,1.875,0.625,1.3125,1
3244,Parma Calcio 1913,Udinese Calcio,0,2,1.125,1.5,0.6875,1.75,2
3245,Juventus,Cagliari Calcio,2,1,1.125,1.0,1.0625,1.5625,1
3246,Milan,Lazio,1,0,1.4375,0.6875,1.1875,0.6875,1
3247,US Lecce,Torino,2,1,0.625,1.125,1.0625,1.875,1
3248,AC Pisa 1909,Inter,0,2,1.1875,1.375,1.625,0.9375,2
3249,Atalanta BC,ACF Fiorentina,2,0,1.0,1.375,0.9375,1.625,1
3250,Roma,Napoli,0,1,1.4375,0.625,1.4375,1.125,2
3251,Bologna FC 1909,US Cremonese,1,3,2.25,0.5625,0.75,1.5625,2
3252,US Sassuolo Calcio,ACF Fiorentina,3,1,1.4375,1.1875,0.875,1.6875,1
3253,Inter,Como 1907,4,0,1.5,0.875,1.875,0.4375,1
3254,Hellas Verona,Atalanta BC,3,1,0.6875,1.4375,1.3125,0.9375,1
3255,US Cremonese,US Lecce,2,0,1.1875,1.5,0.8125,1.0625,1
3256,Cagliari Calcio,Roma,1,0,1.125,1.6875,1.4375,0.625,1
3257,Lazio,Bologna FC 1909,1,1,0.9375,0.8125,2.0625,0.9375,0
3258,Napoli,Juventus,2,1,1.5,0.8125,1.5,1.1875,1
3259,AC Pisa 1909,Parma Calcio 1913,0,1,0.9375,1.4375,1.0,1.375,2
3260,Udinese Calcio,Genoa CFC,1,2,0.875,1.75,1.625,1.875,2
3261,Torino,Milan,2,3,0.9375,2.0,1.4375,0.6875,2
3262,US Lecce,AC Pisa 1909,1,0,0.75,1.3125,0.6875,1.4375,1
3263,Torino,US Cremonese,1,0,1.3125,2.375,1.5625,1.375,1
3264,Parma Calcio 1913,Lazio,0,1,0.9375,1.125,1.125,0.6875,2
3265,Atalanta BC,Cagliari Calcio,2,1,1.375,1.3125,1.1875,1.625,1
3266,Milan,US Sassuolo Calcio,2,2,1.5625,0.8125,1.5625,1.25,0
3267,ACF Fiorentina,Hellas Verona,1,2,0.75,1.875,1.1875,1.5625,2
3268,Udinese Calcio,Napoli,1,0,1.0625,1.6875,1.125,0.8125,1
3269,Genoa CFC,Inter,1,2,1.6875,1.6875,1.8125,0.6875,2
3270,Bologna FC 1909,Juventus,0,1,1.875,1.0625,1.5625,1.0,2
3271,Roma,Como 1907,1,0,1.125,0.8125,1.75,1.125,1
3272,Lazio,US Cremonese,0,0,0.875,0.6875,1.375,1.125,0
3273,Juventus,Roma,2,1,1.5,0.8125,0.8125,0.6875,1
3274,Cagliari Calcio,AC Pisa 1909,2,2,1.0,1.5,0.4375,1.375,0
3275,US Sassuolo Calcio,Torino,0,1,1.5,1.3125,1.3125,1.625,2
3276,ACF Fiorentina,Udinese Calcio,5,1,0.8125,2.125,1.1875,1.125,1
3277,Genoa CFC,Atalanta BC,0,1,1.5,1.5,1.4375,1.4375,2
3278,Parma Calcio 1913,ACF Fiorentina,1,0,0.5625,1.125,1.6875,1.9375,1
3279,Torino,Cagliari Calcio,1,2,1.1875,1.1875,1.1875,1.5625,2
3280,US Lecce,Como 1907,0,3,0.8125,0.9375,1.0625,1.125,2
3281,Udinese Calcio,Lazio,1,1,1.0625,2.0,0.6875,0.375,0
3282,AC Pisa 1909,Juventus,0,2,0.8125,1.25,1.5625,0.6875,2
3283,Milan,Hellas Verona,3,0,1.6875,1.125,1.4375,1.375,1
3284,US Cremonese,Napoli,0,2,0.9375,0.75,0.8125,0.9375,2
3285,Bologna FC 1909,US Sassuolo Calcio,1,1,1.375,1.125,1.4375,1.25,0
3286,Atalanta BC,Inter,0,1,1.4375,1.0,1.875,0.6875,2
3287,Roma,Genoa CFC,3,1,0.875,0.875,1.1875,1.4375,1
3288,Cagliari Calcio,Milan,0,1,1.4375,1.625,2.125,1.125,2
3289,Como 1907,Udinese Calcio,1,0,1.3125,1.0625,1.0625,1.875,1
3290,Genoa CFC,AC Pisa 1909,1,1,1.125,1.875,0.8125,1.5,0
3291,US Sassuolo Calcio,Parma Calcio 1913,1,1,1.25,1.3125,0.75,0.8125,0
3292,Juventus,US Lecce,1,1,1.5625,0.625,0.5,1.375,0
3293,Atalanta BC,Roma,1,0,1.1875,1.0,1.4375,0.875,1
3294,Lazio,Napoli,0,2,0.75,0.4375,0.875,0.8125,2
3295,ACF Fiorentina,US Cremonese,1,0,1.5,1.625,0.625,1.0625,1
3296,Hellas Verona,Torino,0,3,1.3125,1.625,1.0625,1.1875,2
3297,Inter,Bologna FC 1909,3,1,1.375,0.6875,1.1875,0.9375,1
3298,AC Pisa 1909,Como 1907,0,3,0.875,1.4375,1.375,0.5625,2
3299,US Lecce,Roma,0,2,0.6875,1.3125,1.25,1.0625,2
3300,US Sassuolo Calcio,Juventus,0,3,1.1875,1.1875,1.5625,0.75,2
3301,Bologna FC 1909,Atalanta BC,0,2,1.125,1.375,1.0625,0.875,2
3302,Napoli,Hellas Verona,2,2,1.25,0.5625,0.9375,2.0625,0
3303,Torino,Udinese Calcio,1,2,1.375,1.125,0.75,1.9375,2
3304,Lazio,ACF Fiorentina,2,2,0.5625,0.8125,1.4375,1.25,0
3305,Parma Calcio 1913,Inter,0,2,0.8125,1.0,1.8125,0.6875,2
3306,US Cremonese,Cagliari Calcio,2,2,0.5625,1.0625,1.1875,1.4375,0
3307,Milan,Genoa CFC,1,1,1.8125,0.8125,1.125,1.6875,0
3308,Como 1907,Bologna FC 1909,1,1,1.9375,0.4375,1.0,1.5,0
3309,Udinese Calcio,AC Pisa 1909,2,2,0.9375,1.3125,0.625,1.75,0
3310,Roma,US Sassuolo Calcio,2,0,1.375,0.75,1.0625,1.5625,1
3311,Atalanta BC,Torino,2,0,1.3125,0.6875,1.4375,1.5,1
3312,US Lecce,Parma Calcio 1913,1,2,0.4375,1.5,0.8125,1.25,2
3313,ACF Fiorentina,Milan,1,1,1.1875,1.3125,1.625,0.625,0
3314,Hellas Verona,Lazio,0,1,0.9375,2.1875,0.9375,1.1875,2
3315,Inter,Napoli,2,2,1.8125,0.5,1.625,0.8125,0
3316,Genoa CFC,Cagliari Calcio,3,0,1.3125,1.625,1.25,1.4375,1
3317,Juventus,US Cremonese,5,0,1.875,0.625,0.8125,1.4375,1
3318,Napoli,Parma Calcio 1913,0,0,1.75,1.0625,1.0,1.3125,0
3319,Inter,US Lecce,1,0,1.9375,0.875,0.625,1.4375,1
3320,Hellas Verona,Bologna FC 1909,2,3,0.875,1.8125,1.0625,1.5625,2
3321,Como 1907,Milan,1,3,1.5625,0.5625,1.375,0.75,2
3322,AC Pisa 1909,Atalanta BC,1,1,0.875,1.75,1.625,0.375,0
3323,Udinese Calcio,Inter,0,1,1.125,1.5625,1.75,0.6875,2
3324,Napoli,US Sassuolo Calcio,1,0,1.3125,1.0,0.875,1.6875,1
3325,Cagliari Calcio,Juventus,1,0,1.0,1.75,2.5,0.5625,1
3326,Parma Calcio 1913,Genoa CFC,0,0,0.8125,1.0,1.625,1.1875,0
3327,Bologna FC 1909,ACF Fiorentina,1,2,1.3125,1.5,1.375,1.3125,2
3328,Torino,Roma,0,2,1.1875,1.5,1.375,0.5625,2
3329,Milan,US Lecce,1,0,1.75,0.9375,0.4375,1.5,1
3330,US Cremonese,Hellas Verona,0,0,0.75,2.0,1.1875,1.875,0
3331,Lazio,Como 1907,0,3,0.875,1.0625,1.625,1.125,2
3332,Inter,AC Pisa 1909,6,2,1.4375,0.875,0.875,1.8125,1
3333,Como 1907,Torino,6,0,1.8125,1.125,0.8125,1.875,1
3334,ACF Fiorentina,Cagliari Calcio,1,2,1.5,1.375,1.1875,1.625,2
3335,US Lecce,Lazio,0,0,0.4375,1.4375,0.875,1.25,0
3336,US Sassuolo Calcio,US Cremonese,1,0,0.5625,1.75,0.75,1.8125,1
3337,Atalanta BC,Parma Calcio 1913,4,0,1.5,1.125,0.6875,0.625,1
3338,Genoa CFC,Bologna FC 1909,3,2,1.375,0.9375,1.375,1.625,1
3339,Juventus,Napoli,3,0,2.0625,0.4375,1.0,0.6875,1
3340,Roma,Milan,1,1,1.625,0.4375,1.6875,0.6875,0
3341,Hellas Verona,Udinese Calcio,1,3,0.9375,1.625,1.125,1.5,2
3342,Lazio,Genoa CFC,3,2,0.5,1.0,1.625,1.0,1
3343,AC Pisa 1909,US Sassuolo Calcio,1,3,1.125,2.4375,0.625,1.25,2
3344,Napoli,ACF Fiorentina,2,1,1.125,1.625,1.375,1.4375,1
3345,Cagliari Calcio,Hellas Verona,4,0,1.125,1.375,1.0625,1.9375,1
3346,Torino,US Lecce,1,0,0.625,2.4375,0.3125,1.0625,1
3347,Como 1907,Atalanta BC,0,0,2.5,0.9375,1.6875,0.9375,0
3348,US Cremonese,Inter,0,2,0.4375,1.5625,2.4375,1.1875,2
3349,Parma Calcio 1913,Juventus,1,4,0.3125,1.1875,1.8125,0.1875,2
3350,Udinese Calcio,Roma,1,0,1.4375,1.375,1.375,0.5625,1
3351,Bologna FC 1909,Milan,0,3,1.4375,2.0625,1.6875,0.75,2
3352,Hellas Verona,AC Pisa 1909,0,0,0.75,2.1875,1.0625,2.625,0
3353,Genoa CFC,Napoli,2,3,1.5,1.5,1.375,1.625,2
3354,ACF Fiorentina,Torino,2,2,1.4375,1.5625,0.75,2.0625,0
3355,Bologna FC 1909,Parma Calcio 1913,0,1,1.0,2.1875,0.5,1.8125,2
3356,US Lecce,Udinese Calcio,2,1,0.1875,1.0625,1.25,1.125,1
3357,US Sassuolo Calcio,Inter,0,5,1.1875,1.0625,2.5625,0.75,2
3358,Juventus,Lazio,2,2,2.25,0.375,0.9375,1.3125,0
3359,Atalanta BC,US Cremonese,2,1,1.3125,0.5,0.25,1.25,1
3360,Roma,Cagliari Calcio,2,0,1.125,0.6875,1.8125,0.875,1
3361,AC Pisa 1909,Milan,1,2,0.9375,2.4375,1.8125,0.625,2
3362,Como 1907,ACF Fiorentina,1,2,2.25,0.5625,1.5,1.625,2
3363,Lazio,Atalanta BC,0,2,1.25,1.25,1.125,0.6875,2
3364,Inter,Juventus,3,2,2.6875,0.5,2.125,0.6875,1
3365,Udinese Calcio,US Sassuolo Calcio,1,2,1.375,1.25,1.0,1.8125,2
3366,Parma Calcio 1913,Hellas Verona,2,1,0.625,1.8125,0.5625,2.125,1
3367,US Cremonese,Genoa CFC,0,0,0.3125,1.625,1.75,2.0,0
3368,Torino,Bologna FC 1909,1,2,1.0,2.0,0.8125,2.0625,2
3369,Napoli,Roma,2,2,1.8125,1.625,1.25,0.625,0
3370,Cagliari Calcio,US Lecce,0,2,1.625,1.25,0.5625,1.0,2
3371,Milan,Como 1907,1,1,1.875,0.6875,2.0625,0.6875,0
3372,US Sassuolo Calcio,Hellas Verona,3,0,1.125,1.875,0.5,2.0625,1
3373,Juventus,Como 1907,0,2,2.1875,2.0,1.5,0.8125,2
3374,US Lecce,Inter,0,2,0.875,1.0,2.625,1.375,2
3375,Cagliari Calcio,Lazio,0,0,1.3125,1.375,1.1875,1.625,0
3376,Genoa CFC,Torino,3,0,1.3125,1.625,1.125,1.625,1
3377,Atalanta BC,Napoli,2,1,1.4375,0.875,1.8125,1.625,1
3378,Milan,Parma Calcio 1913,0,1,1.8125,0.625,1.0,1.4375,2
3379,Roma,US Cremonese,3,0,1.4375,0.875,0.3125,1.4375,1
3380,ACF Fiorentina,AC Pisa 1909,1,0,1.6875,1.4375,0.875,2.0,1
3381,Bologna FC 1909,Udinese Calcio,1,0,0.9375,1.8125,1.125,1.5,1
3382,Parma Calcio 1913,Cagliari Calcio,1,1,1.0,0.9375,0.6875,1.25,0
3383,Como 1907,US Lecce,3,1,1.6875,0.8125,0.875,1.0625,1
3384,Hellas Verona,Napoli,1,2,0.5,1.9375,1.625,1.75,2
3385,Inter,Genoa CFC,2,0,2.0,1.375,1.625,1.1875,1
3386,US Cremonese,Milan,0,2,0.3125,1.75,1.25,0.8125,2
3387,US Sassuolo Calcio,Atalanta BC,2,1,1.3125,1.6875,1.8125,1.125,1
3388,Torino,Lazio,2,0,0.9375,2.1875,0.8125,1.375,1
3389,Roma,Juventus,3,3,1.9375,0.625,1.75,2.125,0
3390,AC Pisa 1909,Bologna FC 1909,0,1,0.625,1.6875,1.0625,1.375,2
3391,Udinese Calcio,ACF Fiorentina,3,0,0.9375,1.375,1.4375,1.125,1
3392,Napoli,Torino,2,1,1.5,1.5625,1.0,1.8125,1
3393,Cagliari Calcio,Como 1907,1,2,0.75,1.125,2.0625,0.75,2
3394,Atalanta BC,Udinese Calcio,2,2,1.9375,1.1875,1.3125,1.0625,0
3395,Juventus,AC Pisa 1909,4,0,2.0625,2.0,0.625,1.75,1
3396,US Lecce,US Cremonese,2,1,0.75,1.4375,0.1875,1.75,1
3397,Bologna FC 1909,Hellas Verona,1,2,1.1875,1.0625,0.6875,2.125,2
3398,ACF Fiorentina,Parma Calcio 1913,0,0,1.1875,1.375,1.0,1.0625,0
3399,Genoa CFC,Roma,2,1,1.3125,1.0,2.0625,1.125,1
3400,Milan,Inter,1,0,1.3125,0.6875,2.1875,1.0,1
3401,Lazio,US Sassuolo Calcio,2,1,0.5,1.4375,1.625,1.1875,1
3402,Torino,Parma Calcio 1913,4,1,0.875,1.9375,0.75,0.8125,1
3403,Inter,Atalanta BC,1,1,1.875,1.0,1.375,2.25,0
3404,Napoli,US Lecce,2,1,1.625,1.5,0.875,1.5,1
3405,Udinese Calcio,Juventus,0,1,1.5625,1.125,2.6875,1.75,2
3406,Hellas Verona,Genoa CFC,0,2,0.8125,1.9375,1.625,1.125,2
3407,AC Pisa 1909,Cagliari Calcio,3,1,0.4375,2.1875,0.9375,1.1875,1
3408,US Sassuolo Calcio,Bologna FC 1909,0,1,1.5,1.375,1.125,1.1875,2
3409,Como 1907,Roma,2,1,2.125,0.8125,2.0,1.1875,1
3410,Lazio,Milan,1,0,0.875,1.25,1.3125,0.5,1
3411,US Cremonese,ACF Fiorentina,1,4,0.375,2.0625,0.875,1.25,2
3412,Cagliari Calcio,Napoli,0,1,1.0,1.625,1.8125,1.4375,2
3413,Genoa CFC,Udinese Calcio,0,2,1.5625,1.0625,1.4375,1.125,2
3414,Parma Calcio 1913,US Cremonese,0,2,0.6875,1.5,0.4375,2.3125,2
3415,Milan,Torino,3,2,1.25,0.5,1.5625,1.625,1
3416,Juventus,US Sassuolo Calcio,1,1,2.3125,1.5,1.125,1.375,0
3417,Como 1907,AC Pisa 1909,5,0,2.1875,0.9375,1.0,2.0625,1
3418,Atalanta BC,Hellas Verona,1,0,1.375,2.625,0.8125,1.875,1
3419,Bologna FC 1909,Lazio,0,2,1.125,1.125,0.9375,1.125,2
3420,Roma,US Lecce,1,0,1.6875,1.5625,1.0,1.5,1
3421,ACF Fiorentina,Inter,1,1,1.375,1.3125,1.5625,0.8125,0
3422,US Sassuolo Calcio,Cagliari Calcio,2,1,1.0625,1.3125,0.875,1.5,1
3423,Hellas Verona,ACF Fiorentina,0,1,0.5625,1.625,1.5,1.0625,2
3424,Lazio,Parma Calcio 1913,1,1,1.25,0.875,0.5625,1.75,0
3425,US Cremonese,Bologna FC 1909,1,2,0.8125,1.75,0.8125,1.375,2
3426,AC Pisa 1909,Torino,0,1,0.875,2.75,1.6875,2.0625,2
3427,Inter,Roma,5,2,1.375,1.0,1.375,1.1875,1
3428,Udinese Calcio,Como 1907,0,0,1.3125,1.0,2.6875,0.625,0
3429,US Lecce,Atalanta BC,0,3,0.875,1.25,1.3125,1.8125,2
3430,Juventus,Genoa CFC,2,0,2.125,1.3125,1.375,1.1875,1
3431,Napoli,Milan,1,0,1.6875,1.25,1.375,0.8125,1
3432,Roma,AC Pisa 1909,3,0,1.5,1.875,0.8125,2.375,1
3433,Cagliari Calcio,US Cremonese,1,0,0.875,1.625,0.875,1.875,1
3434,Torino,Hellas Verona,2,1,1.75,1.6875,0.3125,1.6875,1
3435,Milan,Udinese Calcio,0,3,1.1875,1.0,1.0625,0.6875,2
3436,Atalanta BC,Juventus,0,1,1.625,1.6875,1.75,1.25,2
3437,Genoa CFC,US Sassuolo Calcio,2,1,1.125,1.4375,1.3125,1.1875,1
3438,Parma Calcio 1913,Napoli,1,1,0.75,1.9375,1.625,0.9375,0
3439,Bologna FC 1909,US Lecce,2,0,1.0,1.1875,0.625,1.625,1
3440,Como 1907,Inter,3,4,2.25,0.5,2.1875,1.25,2
3441,ACF Fiorentina,Lazio,1,0,1.5625,1.0,1.1875,0.75,1
3442,US Sassuolo Calcio,Como 1907,2,1,1.4375,1.4375,2.1875,1.125,1
3443,Inter,Cagliari Calcio,3,0,2.5,1.6875,0.8125,1.1875,1
3444,Udinese Calcio,Parma Calcio 1913,0,1,1.4375,0.5,0.8125,1.375,2
3445,Napoli,Lazio,0,2,1.4375,0.8125,1.0625,0.9375,2
3446,Roma,Atalanta BC,1,1,1.875,1.5625,1.5,1.25,0
3447,US Cremonese,Torino,0,0,0.75,1.5,1.625,1.375,0
3448,Hellas Verona,Milan,0,1,0.4375,1.625,1.125,1.375,2
3449,AC Pisa 1909,Genoa CFC,1,2,0.3125,2.4375,1.0625,1.5,2
3450,Juventus,Bologna FC 1909,2,0,1.6875,1.125,1.125,1.0,1
3451,US Lecce,ACF Fiorentina,1,1,0.5,1.75,1.1875,0.75,0
3452,Napoli,US Cremonese,4,0,1.1875,1.125,0.5,1.375,1
3453,Parma Calcio 1913,AC Pisa 1909,1,0,0.9375,0.875,0.4375,2.0,1
3454,Bologna FC 1909,Roma,0,2,1.125,0.9375,1.9375,1.6875,2
3455,Hellas Verona,US Lecce,0,0,0.4375,1.4375,0.6875,1.75,0
3456,ACF Fiorentina,US Sassuolo Calcio,0,0,1.1875,0.6875,1.5,1.4375,0
3457,Genoa CFC,Como 1907,0,2,1.3125,1.25,1.75,1.5,2
3458,Torino,Inter,2,2,1.3125,1.0,2.75,1.4375,0
3459,Milan,Juventus,0,0,0.75,1.125,1.8125,0.8125,0
3460,Cagliari Calcio,Atalanta BC,3,2,0.5625,1.625,1.4375,1.375,1
3461,Lazio,Udinese Calcio,3,3,1.0,0.8125,1.125,0.6875,0
3462,AC Pisa 1909,US Lecce,1,2,0.4375,2.0625,0.5625,1.3125,2
3463,Udinese Calcio,Torino,2,0,1.625,1.125,1.4375,1.25,1
3464,Como 1907,Napoli,0,0,2.0625,1.375,1.625,1.0,0
3465,Atalanta BC,Genoa CFC,0,0,1.1875,1.875,1.1875,1.1875,0
3466,Bologna FC 1909,Cagliari Calcio,0,0,0.875,1.125,1.0,1.625,0
3467,US Sassuolo Calcio,Milan,2,0,1.25,1.0,0.625,0.9375,1
3468,Juventus,Hellas Verona,1,1,1.4375,0.5,0.4375,1.3125,0
3469,Inter,Parma Calcio 1913,2,0,2.4375,1.375,0.9375,0.75,1
3470,US Cremonese,Lazio,1,2,0.3125,1.75,1.3125,1.125,2
3471,Roma,ACF Fiorentina,4,0,1.9375,1.0625,0.9375,0.5625,1
3472,Torino,US Sassuolo Calcio,2,1,1.125,1.375,1.375,0.6875,1
3473,Cagliari Calcio,Udinese Calcio,0,2,0.875,1.5,1.5625,1.0,2
3474,Lazio,Inter,0,3,1.6875,1.0625,2.1875,1.0,2
3475,US Lecce,Juventus,0,1,0.8125,1.25,1.5,0.5625,2
3476,Hellas Verona,Como 1907,0,1,0.4375,1.125,1.625,0.8125,2
3477,ACF Fiorentina,Genoa CFC,0,0,0.6875,1.25,0.9375,1.0625,0
3478,US Cremonese,AC Pisa 1909,3,0,0.5,2.0,0.5625,1.9375,1
3479,Parma Calcio 1913,Roma,2,3,0.6875,0.9375,2.1875,0.9375,2
3480,Milan,Atalanta BC,2,3,0.5625,0.875,1.125,1.625,2
3481,Napoli,Bologna FC 1909,2,3,1.375,0.75,0.5,1.0625,2
3482,Roma,Lazio,2,0,2.4375,1.1875,1.4375,1.625,1
3483,Genoa CFC,Milan,1,2,0.5,0.9375,0.8125,1.375,2
3484,Como 1907,Parma Calcio 1913,1,1,1.5625,0.5625,0.875,1.5,0
3485,Juventus,ACF Fiorentina,0,2,1.25,0.4375,0.5,1.125,2
3486,AC Pisa 1909,Napoli,0,3,0.4375,2.1875,1.6875,0.9375,2
3487,Inter,Hellas Verona,1,1,2.3125,0.875,0.4375,1.0,0
3488,Atalanta BC,Bologna FC 1909,0,1,1.4375,1.75,1.0,1.1875,2
3489,Cagliari Calcio,Torino,2,1,0.875,1.5,1.5,1.375,1
3490,US Sassuolo Calcio,US Lecce,2,3,1.125,0.9375,0.6875,1.1875,2
3491,Udinese Calcio,US Cremonese,0,1,1.9375,0.8125,1.0625,1.8125,2
3492,ACF Fiorentina,Atalanta BC,1,1,0.875,0.9375,1.125,1.1875,0
3493,Bologna FC 1909,Inter,3,3,1.125,0.9375,2.125,0.8125,0
3494,Lazio,AC Pisa 1909,2,1,1.0625,1.5,0.4375,2.5625,1
3495,Parma Calcio 1913,US Sassuolo Calcio,1,0,0.875,1.625,1.375,1.4375,1
3496,Napoli,Udinese Calcio,1,0,1.625,0.875,1.375,0.625,1
3497,Milan,Cagliari Calcio,1,2,1.0625,1.5625,0.8125,1.375,2
3498,Hellas Verona,Roma,0,2,0.5625,1.0625,2.375,1.0,2
3499,US Cremonese,Como 1907,1,4,1.25,1.1875,1.3125,0.6875,2
3500,US Lecce,Genoa CFC,1,0,1.1875,1.375,0.6875,0.9375,1
3501,Torino,Juventus,2,2,1.3125,1.5,1.0625,0.625,0
3506,Real Madrid,VfB Stuttgart,3,1,1.7272727272727273,0.36363636363636365,2.3333333333333335,2.3333333333333335,1
3507,Milan,Liverpool,1,3,2.3,1.4,1.7,0.3,2
3516,Monaco,Barcelona,2,1,1.9,0.3,3.909090909090909,0.7272727272727273,1
3518,Atalanta BC,Arsenal,0,0,1.6,2.4,1.4,0.3,0
3519,Atletico Madrid,RB Leipzig,2,1,1.5454545454545454,0.18181818181818182,1.3333333333333333,0.6666666666666666,1
3520,VfB Stuttgart,AC Sparta Praha,1,1,2.5833333333333335,2.0833333333333335,3.0,0.0,0
3521,FC Red Bull Salzburg,Stade Brestois 29,0,4,0.0,3.0,1.3846153846153846,1.6923076923076923,2
3522,ŠK Slovan Bratislava,Manchester City,0,4,1.0,5.0,0.0,0.0,2
3523,Borussia Dortmund,Celtic,7,1,2.5,1.9166666666666667,5.0,1.0,1
3524,Barcelona,BSC Young Boys,5,0,2.8,1.4,0.0,3.0,1
3525,Inter,FK Crvena Zvezda,4,0,1.6153846153846154,1.1538461538461537,1.0,2.0,1
3526,Leverkusen,Milan,1,0,3.0,1.5,2.076923076923077,1.3846153846153846,1
3527,Arsenal,Paris Saint-Germain,2,0,1.8461538461538463,1.0,1.0,0.0,1
3528,PSV,Sporting Clube de Portugal,1,1,1.0,3.0,2.0,0.0,0
3529,Girona,Feyenoord Rotterdam,2,3,0.7333333333333333,1.2,0.0,4.0,2
3530,FK Shakhtar Donetsk,Atalanta BC,0,3,0.0,0.0,1.3076923076923077,1.5384615384615385,2
3531,Aston Villa,Bayern Munich,1,0,2.3846153846153846,1.1538461538461537,4.666666666666667,1.0,1
3532,SK Sturm Graz,Club Brugge KV,0,1,1.0,2.0,0.0,3.0,2
3533,Liverpool,Bologna FC 1909,2,0,2.3846153846153846,0.5384615384615384,1.0,1.0,1
3534,RB Leipzig,Juventus,2,3,1.5833333333333333,0.6666666666666666,1.8461538461538463,0.23076923076923078,2
3535,Sport Lisboa e Benfica,Atletico Madrid,4,0,2.0,1.0,1.3333333333333333,0.6,1
3536,GNK Dinamo Zagreb,Monaco,2,2,2.0,9.0,2.1538461538461537,0.7692307692307693,0
3537,Lille,Real Madrid,1,0,1.7692307692307692,1.4615384615384615,2.4,1.0,1
3538,Monaco,FK Crvena Zvezda,5,1,1.625,0.8125,0.5,3.0,1
3539,Milan,Club Brugge KV,3,1,1.3125,1.1875,0.5,1.5,1
3540,Aston Villa,Bologna FC 1909,2,0,1.6875,0.75,0.8125,1.3125,1
3541,Girona,ŠK Slovan Bratislava,2,0,1.25,1.4375,0.5,4.5,1
3542,SK Sturm Graz,Sporting Clube de Portugal,0,2,0.5,1.5,1.5,0.5,2
3543,Paris Saint-Germain,PSV,1,1,0.5,1.0,1.0,2.0,0
3544,Real Madrid,Borussia Dortmund,5,2,1.75,0.75,2.933333333333333,1.4,1
3545,Arsenal,FK Shakhtar Donetsk,1,0,1.6875,0.875,0.0,1.5,1
3546,Juventus,VfB Stuttgart,0,1,1.6875,0.625,1.4,2.066666666666667,2
3547,Stade Brestois 29,Leverkusen,1,1,1.9375,1.0625,2.2,1.2666666666666666,0
3548,Atalanta BC,Celtic,0,0,2.5625,0.9375,3.0,4.0,0
3549,BSC Young Boys,Inter,0,1,0.0,4.0,2.3125,0.8125,2
3550,Barcelona,Bayern Munich,4,1,3.8125,0.75,3.1333333333333333,1.2,1
3551,Manchester City,AC Sparta Praha,5,0,2.0,0.0,2.0,0.5,1
3552,RB Leipzig,Liverpool,0,1,1.6,0.8666666666666667,1.875,0.375,2
3553,Atletico Madrid,Lille,1,3,1.3125,1.3125,1.25,0.75,2
3554,Sport Lisboa e Benfica,Feyenoord Rotterdam,1,3,3.0,0.5,1.5,3.0,2
3555,FC Red Bull Salzburg,GNK Dinamo Zagreb,0,2,0.0,3.5,2.0,5.5,2
3556,ŠK Slovan Bratislava,GNK Dinamo Zagreb,1,4,0.3333333333333333,3.6666666666666665,2.0,3.6666666666666665,2
3557,PSV,Girona,4,0,1.0,1.6666666666666667,1.4375,1.3125,1
3558,Sporting Clube de Portugal,Manchester City,4,1,1.6666666666666667,0.3333333333333333,3.0,0.0,1
3559,Bologna FC 1909,Monaco,0,1,1.0,0.875,2.0,1.125,2
3560,Borussia Dortmund,SK Sturm Graz,1,0,2.3125,2.3125,0.3333333333333333,1.6666666666666667,1
3561,Liverpool,Leverkusen,4,0,1.75,0.8125,1.6875,1.0625,1
3562,Real Madrid,Milan,1,3,2.25,1.6875,1.5,1.0,2
3563,Celtic,RB Leipzig,3,1,2.0,2.6666666666666665,1.375,1.0625,1
3564,Lille,Juventus,1,1,1.6875,0.8125,2.1875,1.4375,0
3565,Club Brugge KV,Aston Villa,1,0,0.6666666666666666,2.0,1.6875,1.3125,1
3566,FK Shakhtar Donetsk,BSC Young Boys,2,1,0.0,1.3333333333333333,0.0,3.0,1
3567,AC Sparta Praha,Stade Brestois 29,1,2,1.3333333333333333,2.0,1.3125,1.0625,2
3568,VfB Stuttgart,Atalanta BC,0,2,1.375,1.0,2.875,0.5,2
3569,Inter,Arsenal,1,0,2.3125,1.125,1.3125,1.0,1
3570,Paris Saint-Germain,Atletico Madrid,1,2,0.6666666666666666,1.0,1.125,1.3125,2
3571,Feyenoord Rotterdam,FC Red Bull Salzburg,1,3,2.0,2.3333333333333335,0.0,3.0,2
3572,FK Crvena Zvezda,Barcelona,2,5,0.6666666666666666,3.6666666666666665,3.4375,0.875,2
3573,Bayern Munich,Sport Lisboa e Benfica,1,0,3.4375,1.25,2.3333333333333335,1.3333333333333333,1
3574,ŠK Slovan Bratislava,Milan,2,3,0.4,3.5,1.6875,1.125,2
3575,AC Sparta Praha,Atletico Madrid,0,6,0.9,2.4,1.4375,1.0625,2
3576,Sporting Clube de Portugal,Arsenal,1,5,2.3,0.6,1.5,0.875,2
3577,BSC Young Boys,Atalanta BC,1,6,0.3,2.7,2.625,0.5,2
3578,Bayern Munich,Paris Saint-Germain,1,0,2.0,0.5625,0.7,1.5,1
3579,Barcelona,Stade Brestois 29,3,0,2.9375,1.375,1.5625,1.75,1
3580,Inter,RB Leipzig,1,0,2.375,0.5625,1.5625,1.75,1
3581,Manchester City,Feyenoord Rotterdam,3,3,3.0,1.2,2.1,2.2,0
3582,Leverkusen,FC Red Bull Salzburg,5,0,1.6875,1.75,0.9,2.4,1
3583,SK Sturm Graz,Girona,1,0,0.1,1.4,1.625,1.5625,1
3584,FK Crvena Zvezda,VfB Stuttgart,5,1,1.0,4.4,1.1875,1.5,1
3585,Monaco,Sport Lisboa e Benfica,2,3,2.0625,1.0625,1.7,1.3,2
3586,Aston Villa,Juventus,0,0,1.0,1.4375,1.375,0.8125,0
3587,Bologna FC 1909,Lille,1,2,0.9375,1.5625,1.5,0.75,2
3588,Liverpool,Real Madrid,2,0,2.4375,0.6875,2.3125,1.25,1
3589,Celtic,Club Brugge KV,1,1,1.7,2.5,0.9,1.2,0
3590,GNK Dinamo Zagreb,Borussia Dortmund,0,3,2.6,1.8,2.3125,1.4375,2
3591,PSV,FK Shakhtar Donetsk,3,2,1.9,0.9,0.6,1.5,1
3592,Girona,Liverpool,0,1,1.0625,1.75,2.3125,0.9375,2
3593,GNK Dinamo Zagreb,Celtic,0,0,2.0,2.090909090909091,1.6363636363636365,1.2727272727272727,0
3594,Stade Brestois 29,PSV,1,0,1.3125,2.0,2.3636363636363638,1.1818181818181819,1
3595,RB Leipzig,Aston Villa,2,3,1.1875,1.8125,1.125,1.375,2
3596,Atalanta BC,Real Madrid,2,3,3.0,0.5625,2.0625,1.125,2
3597,Leverkusen,Inter,1,0,2.375,1.0625,2.4375,0.5,1
3598,Club Brugge KV,Sporting Clube de Portugal,2,1,0.9090909090909091,1.3636363636363635,2.1818181818181817,1.7272727272727273,1
3599,FK Shakhtar Donetsk,Bayern Munich,1,5,1.0909090909090908,1.6363636363636365,2.25,0.8125,2
3600,FC Red Bull Salzburg,Paris Saint-Germain,0,3,0.8181818181818182,2.8181818181818183,0.6363636363636364,1.2727272727272727,2
3601,Atletico Madrid,ŠK Slovan Bratislava,3,1,3.5,1.0,0.9090909090909091,3.272727272727273,1
3602,Lille,SK Sturm Graz,3,2,1.9375,1.0625,0.36363636363636365,1.0909090909090908,1
3603,VfB Stuttgart,BSC Young Boys,5,1,1.5625,2.3125,0.5454545454545454,3.1818181818181817,1
3604,Borussia Dortmund,Barcelona,2,3,1.75,1.125,2.8125,1.375,2
3605,Milan,FK Crvena Zvezda,2,1,2.0,1.1875,2.272727272727273,3.5454545454545454,1
3606,Sport Lisboa e Benfica,Bologna FC 1909,0,0,1.6363636363636365,1.7272727272727273,1.625,1.375,0
3607,Arsenal,Monaco,3,0,2.25,0.9375,1.75,1.375,1
3608,Juventus,Manchester City,2,0,1.25,1.0625,2.8181818181818183,1.9090909090909092,1
3609,Feyenoord Rotterdam,AC Sparta Praha,4,2,2.1818181818181817,2.4545454545454546,0.6363636363636364,3.6363636363636362,1
3610,Monaco,Aston Villa,1,0,1.625,2.1875,1.6875,1.25,1
3611,Atalanta BC,SK Sturm Graz,5,0,1.625,1.25,0.8333333333333334,1.4166666666666667,1
3612,Bologna FC 1909,Borussia Dortmund,2,1,2.0,1.375,1.6875,2.125,1
3613,ŠK Slovan Bratislava,VfB Stuttgart,1,3,1.0833333333333333,3.4166666666666665,2.3125,0.9375,2
3614,Liverpool,Lille,2,1,2.3125,1.125,1.4375,0.9375,1
3615,Atletico Madrid,Leverkusen,2,1,1.9375,0.6875,2.6875,0.875,1
3616,Sport Lisboa e Benfica,Barcelona,4,5,1.3333333333333333,1.0833333333333333,1.375,1.375,2
3617,Club Brugge KV,Juventus,0,0,1.1666666666666667,1.0,1.4375,0.875,0
3618,FK Crvena Zvezda,PSV,2,3,2.1666666666666665,2.9166666666666665,2.0,1.1666666666666667,2
3619,RB Leipzig,Sporting Clube de Portugal,2,1,2.1875,2.5,1.9166666666666667,2.0833333333333335,1
3620,FK Shakhtar Donetsk,Stade Brestois 29,2,0,1.25,2.5833333333333335,1.5,1.625,1
3621,AC Sparta Praha,Inter,0,1,1.0833333333333333,3.5,2.375,0.6875,2
3622,Paris Saint-Germain,Manchester City,4,2,1.1666666666666667,1.0,1.75,2.25,1
3623,Real Madrid,FC Red Bull Salzburg,5,1,2.8125,1.3125,0.75,3.0,1
3624,Milan,Girona,1,0,1.25,1.125,1.4375,1.0,1
3625,Arsenal,GNK Dinamo Zagreb,3,0,1.875,0.9375,1.5,1.9166666666666667,1
3626,Celtic,BSC Young Boys,1,0,1.5,1.1666666666666667,0.75,4.0,1
3627,Feyenoord Rotterdam,Bayern Munich,3,0,2.5,2.5833333333333335,2.9375,0.8125,1
3628,Sporting Clube de Portugal,Bologna FC 1909,1,1,1.3846153846153846,2.230769230769231,1.8125,1.125,0
3629,BSC Young Boys,FK Crvena Zvezda,0,1,0.5384615384615384,3.6153846153846154,2.1538461538461537,2.6153846153846154,2
3630,Aston Villa,Celtic,4,2,1.25,1.4375,1.1538461538461537,0.9230769230769231,1
3631,Girona,Arsenal,1,2,0.8125,1.5,2.0625,0.625,2
3632,Stade Brestois 29,Real Madrid,0,3,1.25,1.25,3.375,1.0,2
3633,SK Sturm Graz,RB Leipzig,1,0,0.7692307692307693,2.3076923076923075,2.125,2.25,1
3634,VfB Stuttgart,Paris Saint-Germain,1,4,2.3125,1.0625,1.8461538461538463,1.0769230769230769,2
3635,Bayern Munich,ŠK Slovan Bratislava,3,1,2.3125,1.5625,1.0769230769230769,3.230769230769231,1
3636,Borussia Dortmund,FK Shakhtar Donetsk,3,1,1.3125,2.0,1.3076923076923077,2.230769230769231,1
3637,Barcelona,Atalanta BC,2,2,3.375,1.75,2.3125,1.25,0
3638,Inter,Monaco,3,0,2.5625,0.4375,1.5,1.625,1
3639,Manchester City,Club Brugge KV,3,1,1.9230769230769231,2.3846153846153846,0.9230769230769231,0.9230769230769231,1
3640,Leverkusen,AC Sparta Praha,2,0,2.125,1.25,0.8461538461538461,3.1538461538461537,1
3641,Juventus,Sport Lisboa e Benfica,0,2,1.3125,0.9375,2.1538461538461537,2.0,2
3642,GNK Dinamo Zagreb,Milan,2,1,0.7692307692307693,2.3076923076923075,1.25,1.125,1
3643,Lille,Feyenoord Rotterdam,6,1,1.5,1.4375,2.8461538461538463,1.9230769230769231,1
3644,PSV,Liverpool,3,2,1.9230769230769231,1.5384615384615385,2.75,0.9375,1
3645,FC Red Bull Salzburg,Atletico Madrid,1,4,0.46153846153846156,3.769230769230769,1.9375,0.875,2
3646,Stade Brestois 29,Paris Saint-Germain,0,3,1.375,1.9375,2.5714285714285716,1.0714285714285714,2
3647,Manchester City,Real Madrid,2,3,2.0,2.0,2.25,1.0,2
3648,Juventus,PSV,2,1,1.6875,1.1875,2.0,1.5714285714285714,1
3649,Sporting Clube de Portugal,Borussia Dortmund,0,3,1.3571428571428572,1.5714285714285714,1.8125,1.6875,2
3650,Club Brugge KV,Atalanta BC,2,1,0.9285714285714286,1.3571428571428572,2.375,1.0625,1
3651,Monaco,Sport Lisboa e Benfica,0,1,1.5,2.5,2.0,1.5714285714285714,2
3652,Celtic,Bayern Munich,1,2,1.3571428571428572,1.5714285714285714,2.9375,1.3125,2
3653,Feyenoord Rotterdam,Milan,1,0,2.4285714285714284,2.642857142857143,1.3125,1.0,1
3654,Milan,Feyenoord Rotterdam,1,1,1.125,0.75,1.9333333333333333,2.2,0
3655,Sport Lisboa e Benfica,Monaco,3,3,2.066666666666667,1.4666666666666666,2.3125,2.0625,0
3656,Bayern Munich,Celtic,1,1,2.0625,0.8125,1.4666666666666666,1.8666666666666667,0
3657,Atalanta BC,Club Brugge KV,1,3,1.9375,0.875,1.0,1.3333333333333333,2
3658,Borussia Dortmund,Sporting Clube de Portugal,0,0,1.5,1.6875,1.1333333333333333,1.8,0
3659,Paris Saint-Germain,Stade Brestois 29,7,0,2.6,1.0,1.1875,1.8125,1
3660,Real Madrid,Manchester City,3,1,2.25,1.125,2.2666666666666666,2.2,1
3661,PSV,Juventus,3,1,2.066666666666667,1.7333333333333334,1.5,0.8125,1
3662,Club Brugge KV,Aston Villa,1,3,1.5,1.4375,1.5,1.875,2
3663,Real Madrid,Atletico Madrid,2,1,2.125,0.9375,1.625,0.5,1
3664,PSV,Arsenal,1,7,2.125,1.5625,1.375,0.5625,2
3665,Borussia Dortmund,Lille,1,1,2.25,0.625,1.875,1.5,0
3666,Feyenoord Rotterdam,Inter,0,2,1.625,2.25,1.25,0.75,2
3667,Paris Saint-Germain,Liverpool,0,1,3.25,0.6875,2.125,0.875,2
3668,Bayern Munich,Leverkusen,3,0,2.375,0.9375,1.875,0.5625,1
3669,Sport Lisboa e Benfica,Barcelona,0,1,2.0,1.3125,2.625,0.6875,2
3670,Barcelona,Sport Lisboa e Benfica,3,1,2.625,0.5625,1.625,1.4375,1
3671,Liverpool,Paris Saint-Germain,1,5,2.125,0.75,2.6875,0.75,2
3672,Inter,Feyenoord Rotterdam,2,1,1.8125,0.9375,1.5,1.625,1
3673,Leverkusen,Bayern Munich,0,2,1.375,1.4375,2.5625,1.125,2
3674,Lille,Borussia Dortmund,1,2,1.625,1.5,1.5,0.75,2
3675,Aston Villa,Club Brugge KV,3,0,1.5625,1.5625,1.5625,1.4375,1
3676,Atletico Madrid,Real Madrid,3,4,1.4375,1.0625,1.75,1.125,2
3677,Arsenal,PSV,2,2,2.4375,0.6875,1.875,2.4375,0
3678,Arsenal,Real Madrid,3,0,1.8125,0.75,2.0625,1.5,1
3679,Bayern Munich,Inter,1,2,2.25,1.0625,1.8125,0.9375,2
3680,Paris Saint-Germain,Aston Villa,3,1,3.25,0.8125,2.125,0.875,1
3681,Barcelona,Borussia Dortmund,4,0,2.6875,0.625,2.0,1.0625,1
3682,Aston Villa,Paris Saint-Germain,3,2,2.0625,1.25,2.875,0.9375,1
3683,Borussia Dortmund,Barcelona,3,1,2.0,1.6875,2.4375,0.4375,1
3684,Real Madrid,Arsenal,1,2,1.375,1.5625,1.75,0.75,2
3685,Inter,Bayern Munich,2,2,2.125,1.0625,2.25,1.375,0
3686,Arsenal,Paris Saint-Germain,0,1,2.1875,0.9375,3.1875,1.25,2
3687,Barcelona,Inter,3,3,2.375,1.4375,1.375,1.25,0
3688,Inter,Barcelona,4,3,1.5625,1.25,2.25,1.25,1
3689,Paris Saint-Germain,Arsenal,2,1,2.75,1.0625,1.4375,1.1875,1
3690,Paris Saint-Germain,Inter,5,0,2.5625,1.125,1.9375,1.0625,1
3691,Athletic Bilbao,Arsenal,0,2,1.0625,0.6875,2.0,0.6875,2
3693,Juventus,Borussia Dortmund,4,4,2.0,0.9375,2.875,1.125,0
3695,Tottenham,Villarreal,1,0,1.375,1.1875,2.25,0.9375,1
3696,Real Madrid,Marseille,2,1,2.1875,0.8125,2.75,1.1875,1
3700,Liverpool,Atletico Madrid,3,2,1.9375,1.125,1.75,0.6875,1
3701,Paris Saint-Germain,Atalanta BC,4,0,3.0,0.625,2.0625,1.0,1
3702,Bayern Munich,Chelsea,3,1,3.875,0.8125,2.1875,0.8125,1
3704,Club Brugge KV,Monaco,4,1,1.25,1.875,1.6875,1.1875,1
3706,Manchester City,Napoli,2,0,2.0625,2.125,1.8125,0.3125,1
3709,Atalanta BC,Club Brugge KV,2,1,1.8125,1.5,1.5625,1.75,1
3710,FK Kairat,Real Madrid,0,5,1.0,4.0,2.375,1.3125,2
3711,Galatasaray SK,Liverpool,1,0,1.0,5.0,2.0,1.5625,1
3712,Atletico Madrid,Eintracht Frankfurt,5,1,2.625,1.4375,3.75,2.25,1
3713,Marseille,AFC Ajax,4,0,1.8125,1.0625,0.0,2.0,1
3714,FK Bodø/Glimt,Tottenham,2,2,2.0,2.0,1.3125,1.125,0
3715,Paphos,Bayern Munich,1,5,0.0,0.0,3.6875,0.6875,2
3716,Chelsea,Sport Lisboa e Benfica,1,0,1.25,1.8125,1.375,2.0,1
3717,Inter,SK Slavia Praha,3,0,2.0625,1.0,2.0,2.0,1
3718,Qarabağ Ağdam FK,FC København,2,0,3.0,2.0,2.0,2.0,1
3719,Royale Union Saint-Gilloise,Newcastle United,0,4,3.0,1.0,1.0,2.0,2
3720,Borussia Dortmund,Athletic Bilbao,4,1,2.6875,1.1875,0.625,1.3125,1
3721,Barcelona,Paris Saint-Germain,1,2,2.75,0.8125,3.375,0.5625,2
3722,Monaco,Manchester City,2,2,2.125,2.3125,2.0625,2.0,0
3723,Leverkusen,PSV,1,1,1.875,1.625,1.8125,2.875,0
3724,Arsenal,PAE Olympiakos SFP,2,0,1.8125,0.625,0.0,0.0,1
3725,Villarreal,Juventus,2,2,1.875,0.875,2.0,1.5625,0
3726,Napoli,Sporting Clube de Portugal,2,1,1.4375,1.3125,1.4375,1.5,1
3727,Barcelona,PAE Olympiakos SFP,6,1,2.0,1.6875,0.0,1.0,1
3728,FK Kairat,Paphos,0,0,0.5,4.5,0.5,2.5,0
3729,Royale Union Saint-Gilloise,Inter,0,4,1.5,2.5,2.4375,0.9375,2
3730,FC København,Borussia Dortmund,2,4,1.0,2.0,2.25,1.1875,2
3731,Leverkusen,Paris Saint-Germain,2,7,2.1875,1.5,3.3125,0.625,2
3732,Villarreal,Manchester City,0,2,1.625,1.6875,1.9375,2.0,2
3733,Arsenal,Atletico Madrid,4,0,1.8125,0.1875,2.25,1.0,1
3734,Newcastle United,Sport Lisboa e Benfica,3,0,2.5,1.0,1.375,2.0,1
3735,PSV,Napoli,6,2,1.625,2.1875,1.5,1.0,1
3736,Galatasaray SK,FK Bodø/Glimt,3,1,1.0,2.5,2.0,2.0,1
3737,Athletic Bilbao,Qarabağ Ağdam FK,3,1,0.8125,1.4375,2.5,1.0,1
3738,Eintracht Frankfurt,Liverpool,1,5,2.125,2.8125,1.3125,1.5,2
3739,Atalanta BC,SK Slavia Praha,0,0,1.3125,1.0625,1.0,2.5,0
3740,Sporting Clube de Portugal,Marseille,2,1,1.5625,1.4375,3.25,0.8125,1
3741,Monaco,Tottenham,0,0,1.875,1.8125,1.6875,1.1875,0
3742,Bayern Munich,Club Brugge KV,4,0,3.6875,0.625,1.5625,1.75,1
3743,Chelsea,AFC Ajax,5,1,1.875,0.875,0.0,3.0,1
3744,Real Madrid,Juventus,1,0,2.75,0.75,1.375,1.4375,1
3745,SK Slavia Praha,Arsenal,0,3,0.6666666666666666,1.6666666666666667,2.125,0.125,2
3746,Napoli,Eintracht Frankfurt,0,0,1.375,1.125,1.875,2.5,0
3747,Juventus,Sporting Clube de Portugal,1,1,1.4375,1.25,1.8125,1.625,0
3748,Atletico Madrid,Royale Union Saint-Gilloise,3,1,2.0625,1.375,1.0,3.0,1
3749,Tottenham,FC København,4,0,1.3125,0.6875,1.3333333333333333,2.6666666666666665,1
3750,FK Bodø/Glimt,Monaco,0,1,1.6666666666666667,2.3333333333333335,1.875,1.625,2
3751,PAE Olympiakos SFP,PSV,1,1,0.3333333333333333,2.6666666666666665,2.3125,2.1875,0
3752,Paris Saint-Germain,Bayern Munich,1,2,3.5625,1.0,3.5,0.25,2
3753,Liverpool,Real Madrid,1,0,2.25,1.375,2.5,0.6875,1
3754,Paphos,Villarreal,1,0,0.3333333333333333,1.6666666666666667,1.75,1.0,1
3755,Qarabağ Ağdam FK,Chelsea,2,2,2.0,1.6666666666666667,2.0,1.25,0
3756,Inter,FK Kairat,2,1,2.25,0.875,0.3333333333333333,3.0,1
3757,Manchester City,Borussia Dortmund,4,1,1.875,1.625,2.0625,0.875,1
3758,Club Brugge KV,Barcelona,3,3,1.5,2.0625,2.75,1.375,0
3759,Sport Lisboa e Benfica,Leverkusen,0,1,1.0625,2.0625,1.6875,2.4375,2
3760,Marseille,Atalanta BC,0,1,1.875,1.1875,0.8125,1.0,2
3761,AFC Ajax,Galatasaray SK,0,3,0.3333333333333333,3.6666666666666665,1.6666666666666667,2.0,2
3762,Newcastle United,Athletic Bilbao,2,0,2.6666666666666665,0.6666666666666666,1.1875,1.625,1
3763,AFC Ajax,Sport Lisboa e Benfica,0,2,0.3,3.8,0.8125,1.875,2
3764,Galatasaray SK,Royale Union Saint-Gilloise,0,1,2.2,0.8,0.6,3.4,2
3765,Borussia Dortmund,Villarreal,4,0,1.8125,1.875,1.5,0.9375,1
3766,Manchester City,Leverkusen,0,2,2.3125,1.5625,2.6875,1.125,2
3767,FK Bodø/Glimt,Juventus,2,3,1.1,2.0,0.8125,0.875,2
3768,Marseille,Newcastle United,2,1,2.625,0.875,2.8,0.2,1
3769,SK Slavia Praha,Athletic Bilbao,0,0,0.2,2.0,0.6875,1.8125,0
3770,Napoli,Qarabağ Ağdam FK,2,0,1.1875,1.1875,1.8,1.7,1
3771,Chelsea,Barcelona,3,0,2.1875,0.8125,3.0625,1.6875,1
3772,Paphos,Monaco,2,2,0.6,1.5,1.25,2.0625,0
3773,FC København,FK Kairat,3,2,0.8,3.2,0.4,2.5,1
3774,Liverpool,PSV,1,4,0.9375,1.8125,2.375,1.9375,2
3775,Paris Saint-Germain,Tottenham,5,3,3.25,1.3125,1.875,1.5625,1
3776,Eintracht Frankfurt,Atalanta BC,0,3,1.75,1.8125,0.6875,1.4375,2
3777,Sporting Clube de Portugal,Club Brugge KV,3,0,1.25,1.625,1.4375,2.4375,1
3778,Arsenal,Bayern Munich,3,1,2.5625,0.625,3.375,1.0625,1
3779,PAE Olympiakos SFP,Real Madrid,3,4,0.6,2.7,1.5,1.0,2
3780,Atletico Madrid,Inter,2,1,2.375,0.875,1.875,0.6875,1
3781,FK Kairat,PAE Olympiakos SFP,0,1,0.9090909090909091,2.1818181818181817,1.3636363636363635,3.1818181818181817,2
3782,Bayern Munich,Sporting Clube de Portugal,3,1,3.0625,1.125,1.625,1.0625,1
3783,Barcelona,Eintracht Frankfurt,2,1,3.375,1.6875,0.875,2.5625,1
3784,PSV,Atletico Madrid,2,3,2.8125,1.875,1.4375,1.1875,2
3785,Royale Union Saint-Gilloise,Marseille,2,3,0.8181818181818182,2.3636363636363638,1.5625,1.25,2
3786,Tottenham,SK Slavia Praha,3,0,1.75,1.5,0.18181818181818182,1.2727272727272727,1
3787,Monaco,Galatasaray SK,1,0,1.125,1.3125,1.8181818181818181,1.0,1
3788,Atalanta BC,Chelsea,2,1,1.375,1.125,1.4375,1.0625,1
3789,Inter,Liverpool,0,1,2.1875,0.75,1.8125,1.625,2
3790,Villarreal,FC København,2,3,1.6875,1.5,1.5454545454545454,3.090909090909091,2
3791,Qarabağ Ağdam FK,AFC Ajax,2,4,1.2727272727272727,2.090909090909091,0.2727272727272727,3.272727272727273,2
3792,Borussia Dortmund,FK Bodø/Glimt,2,2,2.25,0.9375,1.1818181818181819,2.272727272727273,0
3793,Athletic Bilbao,Paris Saint-Germain,0,0,0.9375,1.25,3.625,1.6875,0
3794,Leverkusen,Newcastle United,2,2,1.6875,1.625,2.090909090909091,0.7272727272727273,0
3795,Club Brugge KV,Arsenal,0,3,1.3125,2.75,1.9375,0.8125,2
3796,Sport Lisboa e Benfica,Napoli,2,0,0.9375,1.4375,1.5,0.8125,1
3797,Juventus,Paphos,2,0,1.5625,1.3125,0.9090909090909091,1.0,1
3798,Real Madrid,Manchester City,1,2,1.5625,1.0,1.875,1.5,2
3799,FK Kairat,Club Brugge KV,1,4,0.8333333333333334,2.25,1.25,2.625,2
3800,FK Bodø/Glimt,Manchester City,3,1,1.4166666666666667,2.0833333333333335,2.0,1.5625,1
3801,Tottenham,Borussia Dortmund,2,0,1.3125,1.5625,2.6875,1.375,1
3802,Sporting Clube de Portugal,Paris Saint-Germain,2,1,1.5,1.375,2.5625,1.375,1
3803,PAE Olympiakos SFP,Leverkusen,2,0,1.3333333333333333,1.9166666666666667,1.75,1.5625,1
3804,Villarreal,AFC Ajax,1,2,1.8125,1.5,1.0833333333333333,2.6666666666666665,2
3805,FC København,Napoli,1,1,1.8333333333333333,2.6666666666666665,1.125,0.75,0
3806,Real Madrid,Monaco,6,1,2.5,0.875,0.8125,2.0,1
3807,Inter,Arsenal,1,3,1.625,0.5625,1.5,0.6875,2
3808,Qarabağ Ağdam FK,Eintracht Frankfurt,3,2,1.5,2.4166666666666665,2.0,2.6875,1
3809,Galatasaray SK,Atletico Madrid,1,1,1.1666666666666667,1.0,1.625,0.6875,0
3810,Marseille,Liverpool,0,3,2.0625,1.25,1.25,0.9375,2
3811,SK Slavia Praha,Barcelona,2,4,0.16666666666666666,1.9166666666666667,2.125,0.9375,2
3812,Atalanta BC,Athletic Bilbao,2,3,1.5,0.5625,0.9375,1.6875,2
3813,Juventus,Sport Lisboa e Benfica,2,0,2.1875,0.5,1.1875,1.0625,1
3814,Newcastle United,PSV,3,0,1.9166666666666667,1.1666666666666667,2.25,2.0625,1
3815,Bayern Munich,Royale Union Saint-Gilloise,2,0,4.5,1.125,1.25,2.25,1
3816,Chelsea,Paphos,1,0,1.3125,1.25,0.8333333333333334,1.4166666666666667,1
3817,Liverpool,Qarabağ Ağdam FK,6,0,1.6875,1.0,1.7692307692307692,2.3846153846153846,1
3818,Barcelona,FC København,4,1,2.6875,1.125,1.9230769230769231,2.076923076923077,1
3819,Manchester City,Galatasaray SK,2,0,1.5625,1.75,0.8461538461538461,1.1538461538461537,1
3820,Leverkusen,Villarreal,3,0,0.875,1.25,1.0,1.9375,1
3821,Arsenal,FK Kairat,3,2,1.875,1.0625,0.8461538461538461,2.6923076923076925,1
3822,Royale Union Saint-Gilloise,Atalanta BC,1,0,1.0,2.076923076923077,1.9375,0.9375,1
3823,Club Brugge KV,Marseille,3,0,1.5,2.375,2.3125,1.6875,1
3824,Eintracht Frankfurt,Tottenham,0,2,1.6875,2.6875,1.4375,1.3125,2
3825,Monaco,Juventus,0,0,0.75,2.375,1.9375,0.3125,0
3826,Atletico Madrid,FK Bodø/Glimt,1,2,1.6875,0.6875,2.0,2.0,2
3827,Athletic Bilbao,Sporting Clube de Portugal,2,3,1.4375,1.8125,1.6875,1.3125,2
3828,AFC Ajax,PAE Olympiakos SFP,1,2,1.4615384615384615,2.230769230769231,1.5384615384615385,1.6153846153846154,2
3829,Paris Saint-Germain,Newcastle United,1,1,2.5,1.3125,2.1538461538461537,1.0769230769230769,0
3830,Paphos,SK Slavia Praha,4,1,0.6153846153846154,1.5384615384615385,0.6153846153846154,2.230769230769231,1
3831,PSV,Bayern Munich,1,2,2.0625,2.375,3.25,0.9375,2
3832,Napoli,Chelsea,2,3,0.875,1.1875,1.75,0.875,2
3833,Sport Lisboa e Benfica,Real Madrid,4,2,1.125,1.3125,2.75,0.625,1
3834,Borussia Dortmund,Inter,0,2,2.0625,1.1875,2.1875,1.25,2
3835,Galatasaray SK,Juventus,5,2,0.7857142857142857,1.3571428571428572,2.375,1.25,1
3836,Sport Lisboa e Benfica,Real Madrid,0,1,1.4375,1.5,2.8125,0.8125,2
3837,Monaco,Paris Saint-Germain,2,3,1.5625,1.0,2.0,1.125,2
3838,Borussia Dortmund,Atalanta BC,2,0,2.5625,1.125,1.5,0.5,1
3839,Qarabağ Ağdam FK,Newcastle United,1,6,1.6428571428571428,3.2142857142857144,2.0714285714285716,0.9285714285714286,2
3840,Club Brugge KV,Atletico Madrid,3,3,1.875,1.9375,0.75,1.0625,0
3841,PAE Olympiakos SFP,Leverkusen,0,2,1.4285714285714286,1.1428571428571428,2.125,0.875,2
3842,FK Bodø/Glimt,Inter,3,1,2.0,1.6428571428571428,2.8125,0.8125,1
3843,Atletico Madrid,Club Brugge KV,4,1,1.75,1.8125,2.375,1.9375,1
3844,Newcastle United,Qarabağ Ağdam FK,3,2,2.8666666666666667,0.8,1.4666666666666666,3.6666666666666665,1
3845,Leverkusen,PAE Olympiakos SFP,0,0,1.6875,0.75,1.2,1.4666666666666666,0
3846,Inter,FK Bodø/Glimt,1,2,2.25,1.25,2.2,1.4666666666666666,2
3847,Atalanta BC,Borussia Dortmund,4,1,1.4375,0.9375,2.375,0.9375,1
3848,Real Madrid,Sport Lisboa e Benfica,2,1,2.4375,1.0,1.1875,1.625,1
3849,Paris Saint-Germain,Monaco,2,2,2.4375,1.4375,1.9375,1.875,0
3850,Juventus,Galatasaray SK,3,2,1.75,2.125,1.7333333333333334,1.5333333333333334,1
3851,Galatasaray SK,Liverpool,1,0,1.875,1.875,2.4375,1.1875,1
3852,Atalanta BC,Bayern Munich,1,6,1.9375,1.25,3.125,1.375,2
3853,Newcastle United,Barcelona,1,1,2.875,1.125,2.6875,0.6875,0
3854,Atletico Madrid,Tottenham,5,2,2.1875,1.25,1.1875,2.3125,1
3855,Leverkusen,Arsenal,1,1,1.75,0.9375,2.4375,0.9375,0
3856,Paris Saint-Germain,Chelsea,5,2,2.375,1.5625,2.1875,1.25,1
3857,Real Madrid,Manchester City,3,0,1.625,1.0625,1.75,1.4375,1
3858,FK Bodø/Glimt,Sporting Clube de Portugal,3,0,2.0625,1.4375,1.8125,1.625,1
3859,Sporting Clube de Portugal,FK Bodø/Glimt,5,0,1.6875,1.625,2.25,1.1875,1
3860,Chelsea,Paris Saint-Germain,0,3,2.125,2.0,2.9375,1.8125,2
3861,Manchester City,Real Madrid,1,2,1.375,1.6875,2.4375,0.75,2
3862,Arsenal,Leverkusen,2,0,1.9375,0.625,1.5,1.125,1
3863,Barcelona,Newcastle United,7,2,2.625,0.875,2.875,1.0625,1
3864,Liverpool,Galatasaray SK,4,0,1.625,1.25,2.0,1.3125,1
3865,Bayern Munich,Atalanta BC,4,1,3.25,1.1875,1.4375,2.125,1
3866,Tottenham,Atletico Madrid,3,2,1.3125,2.5625,2.4375,1.375,1
3867,Real Madrid,Bayern Munich,1,2,1.9375,1.3125,3.625,1.0625,2
3868,Sporting Clube de Portugal,Arsenal,0,1,2.375,1.5,2.0,0.5,2
3869,Paris Saint-Germain,Liverpool,2,0,3.0,1.5,1.9375,1.0625,1
3870,Barcelona,Atletico Madrid,0,2,3.0,0.9375,2.25,2.125,2
3871,Liverpool,Paris Saint-Germain,0,2,1.375,1.125,2.6875,1.125,2
3872,Atletico Madrid,Barcelona,1,2,1.875,1.4375,2.5,1.125,2
3873,Bayern Munich,Real Madrid,4,3,3.4375,1.0625,1.5625,1.375,1
3874,Arsenal,Sporting Clube de Portugal,0,0,1.5625,0.75,1.75,1.375,0
3875,Paris Saint-Germain,Bayern Munich,5,4,2.375,0.75,3.8125,1.875,1
3876,Atletico Madrid,Arsenal,1,1,2.0,2.0625,1.0,0.625,0
3877,Arsenal,Atletico Madrid,1,0,1.4375,0.5,1.8125,1.5,1
3878,Bayern Munich,Paris Saint-Germain,1,1,3.6875,2.625,2.625,1.3125,0
3879,Paris Saint-Germain,Arsenal,5,4,2.5625,1.5,1.25,0.5,1
3880,Iraq,Bolivia,2,1,0.9328225,0.7428037609243354,0.9086783333333333,1.1914182984846917,1
3881,Bosnia & Herzegovina,Italy,1,1,1.7662333333333333,0.9184455990985352,2.1203008333333333,1.25,0
3882,Czech Republic,Denmark,1,1,2.508952916666667,1.1483443351391067,2.735094222222222,1.3977903345895808,0
3883,D.R. Congo,Jamaica,0,0,1.33550875,0.4726748294310807,1.4375,0.4573133645357863,0
3884,Kosovo,Turkey,0,1,1.7371214285714285,1.3116717833637217,2.2691415384615388,1.0462680792065069,2
3885,Sweden,Poland,3,2,1.220008,1.9151206622789474,1.9260725,1.022234121321092,1
3886,New Caledonia,Jamaica,0,1,1.6363636363636365,1.5075837159281555,1.8125,0.4573133645357863,2
3887,Bolivia,Suriname,2,1,0.5336783333333333,1.634759353135076,1.9423949999999999,0.995229540788482,1
3888,Czech Republic,Ireland,2,2,2.571452916666667,0.8358443351391067,1.8392833333333332,0.9040406897266925,0
3889,Denmark,North Macedonia,4,0,2.5018866666666666,1.6404896442031223,1.2258209523809522,1.8472114716030597,1
3890,Italy,Northern Ireland,2,0,2.1203008333333333,1.25,0.8862133333333333,0.9418312510609333,1
3891,Poland,Albania,2,1,1.9885725,0.8972341213210919,1.0625,0.5352799750549775,1
3892,Slovakia,Kosovo,3,4,1.4510257142857144,1.2539325898181044,1.1025194871794872,0.7202619205455465,2
3893,Turkey,Romania,1,0,2.8749033333333336,1.3001237524737157,2.3146358333333334,1.3485388731366612,1
3894,Ukraine,Sweden,1,3,1.5333333333333334,1.4150496249175888,0.6642942857142857,1.9804864238703008,2
3895,Wales,Bosnia & Herzegovina,1,1,2.65334,1.483576795019845,1.8287333333333333,1.1348005897441518,0
3896,Costa Rica,Honduras,0,0,2.0366375,0.7475011600030934,1.4265175,0.617295998798889,0
3897,Guatemala,Suriname,3,1,1.71464125,1.3713566287498933,2.005221333333333,0.5949115101743808,1
3898,Haiti,Nicaragua,2,0,1.724212,1.3195023054287633,1.25,1.897731280793122,1
3899,Jamaica,Curacao,0,0,1.9333333333333333,0.7967360998478494,3.1540222222222223,0.47733353955610547,0
3900,Panama,El Salvador,3,0,1.625,0.7497778755771083,0.5625,1.4327295407884821,1
3901,Trinidad & Tobago,Bermuda,2,2,2.0393026666666665,1.031701383257258,0.7150906666666667,4.053611066058064,0
3902,Austria,Bosnia & Herzegovina,1,1,3.1966444444444444,0.4660238094445109,1.8796533333333334,1.2730556902014494,0
3903,Belarus,Greece,0,0,0.7697446153846154,3.46017124945378,1.7833769230769232,2.28423182996903,0
3904,Belgium,Liechtenstein,7,0,2.466666666666667,0.8666666666666667,0.0,3.0777175743104666,1
3905,Bulgaria,Georgia,2,1,0.3076923076923077,3.077065868238903,0.9166666666666666,2.533518962043907,1
3906,Iraq,United Arab Emirates,2,1,0.8154583333333334,0.7320094023108386,1.4142216666666667,1.0748515229991271,1
3907,Kosovo,Switzerland,1,1,0.9193861111111111,0.5530192841472431,2.321724102564102,0.30150560620002315,0
3908,Romania,San Marino,7,1,1.2521358333333334,1.4110388731366612,0.13333333333333333,5.298104511814224,1
3909,Scotland,Denmark,4,2,2.076923076923077,1.3076923076923077,3.1548502564102563,0.8456550503457689,1
3910,Spain,Turkey,2,2,3.769230769230769,0.07692307692307693,3.5454545454545454,1.1637038649856632,0
3911,Sweden,Slovenia,1,1,0.4846246153846154,2.1817724110731636,0.3856194871794872,0.9780157589473215,0
3912,Wales,North Macedonia,7,1,1.34084,1.416309180173871,1.8585764102564102,0.3739200463417563,1
3913,Czech Republic,Gibraltar,6,0,1.8095497777777778,0.8915672908150472,0.3333333333333333,2.26605243465647,1
3914,Germany,Slovakia,6,0,2.0,0.3076923076923077,1.562643076923077,0.46153846153846156,1
3915,Malta,Poland,2,3,0.4666666666666667,2.14053046071728,1.9211440000000002,0.690383062742498,2
3916,Montenegro,Croatia,2,3,0.7333333333333333,2.3478895782818245,2.690475555555556,0.323232551781354,2
3917,Netherlands,Lithuania,4,0,3.277240888888889,0.4,1.0010984615384615,1.8229677392185875,1
3918,Northern Ireland,Luxembourg,1,0,1.0313066666666666,1.0142798088348512,0.07692307692307693,2.3494965166386756,1
3919,Albania,England,0,2,1.2666666666666666,0.24274132668132734,3.118296,0.06666666666666667,2
3920,Azerbaijan,France,1,3,0.6153846153846154,2.3243499965048047,2.6153846153846154,0.5384615384615384,2
3921,Hungary,Ireland,2,3,1.8791179487179488,0.8951072684986762,1.1883090909090908,0.5950422572873573,2
3922,Israel,Moldova,4,1,1.8,3.2,0.7333333333333333,4.133333333333334,1
3923,Italy,Norway,1,4,2.461654222222222,0.6666666666666666,5.133333333333334,0.7333333333333333,2
3924,Nigeria,D.R. Congo,1,1,1.8065316666666666,0.7562675898570408,1.27300875,0.3476748294310807,0
3925,Portugal,Armenia,9,1,1.7959461904761904,1.2678145532064489,0.38461538461538464,1.5571108756616578,1
3926,Serbia,Latvia,2,1,1.1389675555555556,1.126947419029342,0.6153846153846154,1.9823137770753225,1
3927,Ukraine,Iceland,2,0,1.9285714285714286,1.9446960266974165,2.303739487179487,1.910484804067233,1
3928,Bosnia & Herzegovina,Romania,3,1,2.2282,1.1497025252158386,1.1506488888888888,1.241072190303094,1
3929,Cyprus,Austria,0,2,2.1649128888888884,1.439294682061519,3.2606371428571426,0.6537825514371095,2
3930,Denmark,Belarus,2,2,3.4177544444444443,0.4161263045412497,0.33388999999999996,3.5811116136957266,0
3931,Georgia,Spain,0,4,1.5454545454545454,1.8909765922583903,4.083333333333333,0.08333333333333333,2
3932,Greece,Scotland,3,2,1.1803216666666667,2.475695342285253,2.0833333333333335,0.6666666666666666,1
3933,Kazakhstan,Belgium,1,1,1.4,1.8998193895980653,3.2857142857142856,0.7142857142857143,0
3934,Liechtenstein,Wales,0,1,0.0,3.8212350602836413,1.3635626666666667,1.5107297921854623,2
3935,Slovenia,Kosovo,0,2,0.4177544444444445,1.0140459984137966,0.823521818181818,0.6032937645242652,2
3936,Switzerland,Sweden,4,1,2.0086744444444444,0.07825215975960938,0.25,1.787862259554198,1
3937,Turkey,Bulgaria,2,0,3.3,2.240222754452689,0.3333333333333333,3.333488023925478,1
3938,Bermuda,Curacao,0,7,1.0127914285714286,3.1018973033269006,2.3078809523809523,0.7971430780958274,2
3939,Croatia,Faroe Islands,3,1,2.81122380952381,0.13203487690859356,1.8461538461538463,0.6057462978803956,1
3940,Finland,Malta,0,1,1.2241057777777777,2.157671967009164,0.2857142857142857,3.2710230313833253,2
3941,Gibraltar,Montenegro,1,2,0.2857142857142857,2.285056179989075,0.35714285714285715,2.5870245481590977,2
3942,Guatemala,Panama,2,3,1.5206145833333333,1.0074877002434353,1.2666666666666666,0.5330964006155822,2
3943,Haiti,Costa Rica,1,0,2.061655714285714,1.842323898673675,2.51724,1.0293351893382827,1
3944,Luxembourg,Germany,0,2,0.08333333333333333,2.2798696636515245,2.1666666666666665,0.5,2
3945,Nicaragua,Honduras,2,0,0.9333333333333333,2.29091336617933,1.7882853333333335,0.25844906538548157,1
3946,Poland,Netherlands,1,1,1.9748652380952383,0.6785962925428223,3.725615238095238,0.5,0
3947,Slovakia,Northern Ireland,1,0,1.6095300000000001,0.5,1.3101122222222221,1.2808880222781296,1
3948,Trinidad & Tobago,Jamaica,1,1,1.9706814285714285,1.1768229106327763,2.142857142857143,0.6393601069798386,0
3949,Andorra,Albania,0,1,0.6,2.249635894209218,1.2857142857142858,0.40293713572999357,2
3950,Armenia,Hungary,0,1,0.75,1.603536781966796,2.1785666666666663,1.3939436792337208,2
3951,Azerbaijan,Iceland,0,2,0.8333333333333334,2.1847124962135385,2.2035733333333334,2.3369714990195933,2
3952,Cameroon,D.R. Congo,0,1,1.2910183333333334,0.4610010320105608,1.4911870833333332,0.6816870735777016,2
3953,England,Serbia,2,0,3.1981742857142854,0.07142857142857142,1.2203223809523809,1.4418893632771395,1
3954,France,Ukraine,4,0,2.1666666666666665,0.75,2.230769230769231,1.5079752128985038,1
3955,Ireland,Portugal,2,0,0.8,1.054546483016093,2.395634358974359,1.2114925957607912,1
3956,Moldova,Italy,0,2,0.7857142857142857,4.571428571428571,2.9232009523809523,1.2857142857142858,2
3957,Nigeria,Gabon,1,1,1.8005633333333333,0.7625351797140817,2.125,0.9358422514553466,0
3958,Norway,Estonia,4,1,4.785714285714286,0.5714285714285714,0.7857142857142857,2.7597308149833517,1
3959,Suriname,El Salvador,4,0,1.577022857142857,0.7802623323296938,0.7333333333333333,0.9949115101743808,1
3960,United Arab Emirates,Iraq,1,1,1.4209366666666667,1.067887103937811,0.8061033333333334,0.5445094023108386,0
3961,Curacao,Trinidad & Tobago,1,1,2.2546410256410256,0.6276925456416602,1.9230769230769231,1.0,0
3962,El Salvador,Guatemala,0,1,0.9285714285714286,0.8516909037582652,1.421988888888889,1.2079868802596643,2
3963,Jamaica,Bermuda,4,0,2.0,0.6885416536705955,1.0906984615384614,3.032812480505893,1
3964,Panama,Suriname,1,1,1.1428571428571428,0.3568890006595523,1.4615384615384615,0.6153846153846154,0
3965,Algeria,Uganda,2,1,2.2666666666666666,0.6,1.803156888888889,0.46063834978750673,1
3966,Andorra,Serbia,1,3,0.42857142857142855,2.1960384580813046,0.7757317948717949,1.3220346989138425,2
3967,Costa Rica,Nicaragua,4,1,1.9827571428571429,1.0314305600053029,0.9285714285714286,1.740264320906425,1
3968,D.R. Congo,Sudan,1,0,1.923932888888889,0.8604662118162151,0.5321968888888889,0.6896130604230624,1
3969,Estonia,Moldova,1,1,0.6153846153846154,2.8950947238282247,0.6153846153846154,5.0,0
3970,Gabon,Burundi,2,0,2.4,0.998231734885703,0.8666666666666667,1.2595936062094788,1
3971,Guinea,Botswana,2,2,1.2729804444444446,0.5303191748937534,0.8126275555555557,1.6971634320583735,0
3972,Honduras,Haiti,3,0,1.3618342857142858,0.27690971291301597,2.2202446153846154,1.2917334293408809,1
3973,Ireland,Armenia,1,0,1.0,1.6161627589067702,0.8181818181818182,2.247938559164059,1
3974,Italy,Israel,3,0,3.224985641025641,1.3846153846153846,2.5,2.7857142857142856,1
3975,Ivory Coast,Kenya,3,0,2.533333333333333,0.0,2.1333333333333333,1.1333333333333333,1
3976,Latvia,England,0,5,0.6666666666666666,1.2884733208608221,2.4441876923076924,0.07692307692307693,2
3977,Morocco,Congo,1,0,3.0,0.15384615384615385,0.8,3.1383738818300957,1
3978,Nigeria,Benin,4,0,1.2539342222222223,0.8133708583616871,1.5968168888888887,0.4800375250283538,1
3979,Portugal,Hungary,2,2,2.928603888888889,0.8124503120741903,2.0974,1.421490408225708,0
3980,Qatar,United Arab Emirates,2,1,1.13977125,1.6884920773507943,1.2396479166666667,0.7379243663977866,1
3981,Saudi Arabia,Iraq,0,0,1.3224175,1.0315058356354763,0.8061033333333334,0.7801169241595094,0
3982,Senegal,Mauritania,4,0,2.5219688888888885,0.4747597376613335,0.5333333333333333,0.5973378998452407,1
3983,Seychelles,Gambia,0,7,0.13333333333333333,5.146952046571093,2.4,1.861361871323776,2
3984,Somalia,Mozambique,0,1,0.20315688888888891,2.297163432058374,1.2698235555555555,1.9122342242562735,2
3985,South Africa,Rwanda,3,0,1.4285714285714286,0.5714285714285714,0.4603004444444444,0.6666666666666666,1
3986,Spain,Bulgaria,4,0,3.909090909090909,0.09090909090909091,0.36363636363636365,3.200101252023949,1
3987,Turkey,Georgia,4,1,3.0,2.600247504947432,1.8,1.4800742514842296,1
3988,Cameroon,Angola,0,0,1.7770862222222223,0.4917344341445982,1.2609382222222223,1.0792005504056326,0
3989,Cape Verde,Eswatini,3,0,1.6666666666666667,0.9333333333333333,0.6666666666666666,2.012533883738966,1
3990,Equatorial Guinea,Liberia,1,1,1.25,1.0833333333333333,1.3571428571428572,1.5714285714285714,0
3991,Iceland,France,2,2,2.632734545454545,2.1120567895630433,2.1818181818181817,0.2727272727272727,0
3992,Lesotho,Zimbabwe,1,0,0.5333333333333333,2.0967510979804627,0.33015022222222223,1.0100281437712653,1
3993,Mauritius,Libya,0,0,0.6,2.110535259753047,1.548444,1.1293360853614953,0
3994,North Macedonia,Kazakhstan,1,1,1.9301244444444443,0.15508005020356935,1.2857142857142858,1.9640922031407844,0
3995,Northern Ireland,Germany,0,1,1.9746678787878786,1.3434678991904827,2.090909090909091,0.9090909090909091,2
3996,Sao Tome and Principe,Malawi,1,0,0.5333333333333333,3.3333333333333335,1.1428571428571428,1.3571428571428572,1
3997,Slovakia,Luxembourg,2,0,1.6311890909090911,0.5454545454545454,0.2727272727272727,2.4871305421652994,1
3998,Slovenia,Switzerland,0,0,0.8217418181818181,1.4675104180859584,2.9185539393939393,0.0853659924650284,0
3999,South Sudan,Togo,0,0,0.329924,2.3432491247742377,0.4666666666666667,1.0567178543601954,0
4000,Sweden,Kosovo,0,1,0.6363636363636364,2.041304283150034,0.6039159999999999,1.3908694229300753,2
4001,Tunisia,Namibia,3,0,2.6,0.0,1.4,1.2,1
4002,Ukraine,Azerbaijan,2,1,1.9166666666666667,1.6509194419201367,0.6363636363636364,2.7469590867784057,1
4003,Wales,Belgium,2,4,1.46096,1.3726503195007573,3.5384615384615383,0.3076923076923077,2
4004,Burkina Faso,Ethiopia,3,1,2.2694386666666664,0.4613439838194538,0.6666666666666666,1.245375935277815,1
4005,Chad,Central Africa,2,3,0.4462506666666667,2.2606319790924214,0.5129173333333333,2.8106676170111666,2
4006,Croatia,Gibraltar,3,0,2.4890102564102565,0.1421914059015623,0.3076923076923077,2.797253529390213,1
4007,Denmark,Greece,3,1,2.9102775757575756,0.18122869586318147,1.9239872727272727,2.0643949188566393,1
4008,Djibouti,Sierra Leone,1,2,0.26666666666666666,3.4934132119792367,1.0666666666666667,0.8586826423958472,2
4009,Egypt,Guinea Bissau,1,0,1.9333333333333333,0.13333333333333333,0.9361053333333333,0.8640053252430602,1
4010,Faroe Islands,Czech Republic,2,1,1.5,0.5520088014446188,1.8878385714285713,1.151466291905509,1
4011,Ghana,Comoros,1,0,2.4,0.5333333333333333,1.1931946666666666,1.4666666666666666,1
4012,Lithuania,Poland,0,2,1.25119,1.64154838415347,1.819085641025641,1.0384883150461162,2
4013,Mali,Madagascar,4,1,1.5265279999999999,0.5045616535994297,2.0,0.8303159895462104,1
4014,Netherlands,Finland,4,0,3.2429702564102567,0.6923076923076923,1.5972561904761906,1.721450382762996,1
4015,Romania,Austria,1,0,1.290352380952381,1.3297202038961722,3.665301538461539,0.4733042861630408,1
4016,San Marino,Cyprus,0,4,0.14285714285714285,5.355983929581133,1.4624066666666666,1.6762480046538148,2
4017,Scotland,Belarus,2,1,1.7272727272727273,0.45454545454545453,0.2727272727272727,4.271515425652215,1
4018,Zambia,Niger,0,1,0.7641722222222223,1.15310143771485,1.2641722222222223,1.6274238884773897,2
4019,Bulgaria,Turkey,1,6,0.3,1.9201113772263443,1.5,3.4003712574211478,2
4020,Curacao,Jamaica,2,0,2.6609166666666666,0.8733341066687289,2.6666666666666665,0.16666666666666666,1
4021,El Salvador,Panama,0,1,1.1538461538461537,0.8461538461538461,1.4615384615384615,0.3843420007102871,2
4022,Estonia,Italy,1,3,0.5833333333333334,2.886352617480577,3.0770677777777777,1.25,2
4023,Hungary,Armenia,2,0,2.3071399999999995,1.563639449048279,1.3,2.072732415080465,1
4024,Iraq,Indonesia,1,0,0.8061033333333333,1.0301169241595094,0.9779325,2.3806606108446315,1
4025,Latvia,Andorra,2,2,0.36363636363636365,1.0419708954845333,0.0,2.029666024104475,0
4026,Norway,Israel,5,0,4.461538461538462,0.6153846153846154,3.1538461538461537,2.0,1
4027,Portugal,Ireland,1,0,3.467567878787879,0.8863094313536621,1.5,2.0,1
4028,Serbia,Albania,0,1,1.3403761111111112,1.1822042571566627,1.1538461538461537,0.43393230001691613,2
4029,Spain,Georgia,2,0,4.7,0.3,2.6666666666666665,1.3333333333333333,1
4030,United Arab Emirates,Oman,2,1,1.2959366666666665,0.7400657189362094,0.6951358333333333,1.3661554638042126,1
4031,Belgium,North Macedonia,0,0,4.5,0.8333333333333334,2.3167709090909088,0.3257165279389543,0
4032,Bermuda,Trinidad & Tobago,0,3,1.5149233333333332,2.702213520548051,1.5,1.4166666666666667,2
4033,France,Azerbaijan,3,0,1.5,0.3,1.3,2.7,1
4034,Gambia,Gabon,3,4,1.9285714285714286,1.276241436887695,2.0,0.5695340016632533,2
4035,Germany,Luxembourg,4,0,1.5,1.2,0.3,2.215416207350631,1
4036,Honduras,Costa Rica,0,0,1.7742830769230769,0.29821046006017105,2.442969230769231,1.264617526159557,0
4037,Iceland,Ukraine,3,5,1.9960079999999998,1.5075807449497158,1.4545454545454546,0.982821209367422,2
4038,Kazakhstan,Liechtenstein,4,0,0.46153846153846156,2.2690223726131524,0.0,3.653637757228537,1
4039,Kosovo,Slovenia,0,0,0.6710177777777777,2.2120771365889724,1.103916,1.8142614598945541,0
4040,Lesotho,Nigeria,1,2,0.5,1.96080474783621,1.0577866666666667,0.800040205387522,2
4041,Nicaragua,Haiti,0,3,1.0,1.5208475352190105,1.7991283333333332,2.3648003120245296,2
4042,Northern Ireland,Slovakia,2,0,1.9721346666666666,1.4778146891095312,2.5943080000000003,0.0,1
4043,Rwanda,Benin,0,1,0.6360361904761904,0.6428571428571429,1.4965895238095237,0.8143661250607581,2
4044,Sao Tome and Principe,Tunisia,0,6,0.7142857142857143,2.5714285714285716,1.7857142857142858,0.0,2
4045,Seychelles,Ivory Coast,0,7,0.14285714285714285,4.768663157826423,1.3571428571428572,0.0,2
4046,South Sudan,Senegal,0,5,0.4963471428571428,1.6991605075534804,1.916395238095238,0.5086711474942859,2
4047,Sudan,Mauritania,0,0,0.7130680952380953,0.8817282790247097,0.5714285714285714,0.9306741198309212,0
4048,Suriname,Guatemala,1,1,1.5,0.5833333333333334,1.3092738095238095,1.5085573717067835,0
4049,Sweden,Switzerland,0,2,0.7,2.3,2.81948,0.2817077751345937,2
4050,Togo,D.R. Congo,0,1,0.5,1.168681300095322,2.1327852380952383,0.9219280840888019,2
4051,Zimbabwe,South Africa,0,0,0.4965895238095238,1.2250301540406414,1.8461538461538463,0.6153846153846154,0
4052,Austria,San Marino,10,0,2.13741,0.5127463100099608,0.15384615384615385,3.7673535445483357,1
4053,Belarus,Denmark,0,6,0.3,3.698666968217436,2.0013053333333333,0.3993515654494996,2
4054,Botswana,Uganda,0,1,1.1563866666666667,1.6041036772054,1.8605252380952382,0.4935410890580429,2
4055,Burundi,Kenya,0,1,1.6428571428571428,1.1352788637958704,2.2142857142857144,1.5,2
4056,Cyprus,Bosnia & Herzegovina,2,2,1.1480625641025641,1.6138212561382927,2.0919076923076925,0.7766027194632108,0
4057,Czech Republic,Croatia,0,0,2.3407492307692306,1.2400406220520865,3.5297611111111116,0.3207073563933592,0
4058,Faroe Islands,Montenegro,4,0,0.9090909090909091,0.7840096015759478,0.38461538461538464,2.1706418210944127,1
4059,Finland,Lithuania,2,1,1.2585835897435897,1.8862997492949065,1.0922072727272727,1.2453255099856035,1
4060,Liberia,Namibia,3,1,1.0769230769230769,1.6153846153846154,1.4285714285714286,0.7857142857142857,1
4061,Malta,Netherlands,0,4,0.3076923076923077,2.7330421763777717,3.8465511111111113,0.75,2
4062,Mozambique,Guinea,1,2,1.2958614285714287,2.3022421141362215,0.9353361904761905,0.4967705445290215,2
4063,Scotland,Greece,3,1,1.4,0.6,2.215718,1.3728339584161495,1
4064,Somalia,Algeria,0,3,0.21766809523809524,2.133168776444207,2.5,0.7857142857142857,2
4065,Central Africa,Ghana,0,5,0.5495542857142858,1.8181957030852254,1.9285714285714286,0.5714285714285714,2
4066,Chad,Mali,0,2,0.4781257142857143,2.136391406170451,1.2069942857142857,0.5406017717136747,2
4067,Comoros,Madagascar,1,2,1.2069942857142857,1.1428571428571428,1.7142857142857142,1.1526321148559209,2
4068,Djibouti,Egypt,0,3,0.42857142857142855,3.98289137656253,1.5714285714285714,0.14285714285714285,2
4069,Eswatini,Angola,2,2,0.7142857142857143,2.1562863040060347,1.0530157142857142,1.0402874834466755,0
4070,Ethiopia,Guinea Bissau,1,0,1.3571428571428572,1.4771885020833735,1.145827142857143,0.9971485627604216,1
4071,Indonesia,Saudi Arabia,2,3,0.8062908333333334,1.853930830245143,0.8224175,0.7190058356354763,2
4072,Libya,Cape Verde,3,3,1.2142857142857142,0.9352860091458746,1.4285714285714286,0.5,0
4073,Mauritius,Cameroon,0,2,1.0714285714285714,2.261287778306836,1.9040209523809524,0.6697154651549267,2
4074,Niger,Congo,3,1,0.7736545454545454,1.8134268443652524,1.0,3.375970979811217,1
4075,Oman,Qatar,0,0,0.8201358333333333,1.4309769368246512,1.32727125,2.2509920773507943,0
4076,Sierra Leone,Burkina Faso,0,1,1.1428571428571428,0.8428856709449655,2.50297,0.6371542683779862,2
4077,Tanzania,Zambia,0,1,0.38461538461538464,0.9874782501983231,0.7736545454545454,1.568711443533391,2
4078,Bolivia,Brazil,1,0,0.7587104166666666,1.7805907111363557,1.47762875,0.49827138556979256,1
4079,Chile,Uruguay,0,0,0.38607749999999996,1.6418921073468056,1.22337125,0.6495983441066014,0
4080,Costa Rica,Haiti,3,3,3.3333333333333335,0.5,2.0535945454545455,1.761600340390396,0
4081,Curacao,Bermuda,3,2,2.811909090909091,0.40727357091134064,2.090909090909091,2.0,1
4082,Ecuador,Argentina,1,0,0.5082645833333334,0.0625,1.9598025,0.5161492096684069,1
4083,Honduras,Nicaragua,2,0,1.5888066666666667,0.323061331731852,1.25,1.1475848298205948,1
4084,Jamaica,Trinidad & Tobago,2,0,2.5454545454545454,0.18181818181818182,2.727272727272727,1.3636363636363635,1
4085,Peru,Paraguay,0,1,0.25721125,0.950261086731078,1.1023133333333335,0.507111648559075,2
4086,Venezuela,Colombia,3,6,0.8436250000000001,1.3805457153064826,1.54204375,0.719746611802954,2
4087,Albania,Latvia,1,0,1.5,0.47009332501832585,0.4,1.3385039550989595,1
4088,Angola,Mauritius,3,1,0.5955553846153846,1.0433865206348814,0.9230769230769231,1.9112336271061685,1
4089,Armenia,Ireland,2,1,1.0,2.4141471278671833,2.0,2.0,1
4090,Azerbaijan,Ukraine,1,1,1.3333333333333333,3.3333333333333335,1.5,1.3811033303041642,0
4091,Benin,Lesotho,4,0,0.9963271794871795,1.1847019808346626,0.5384615384615384,1.34240511305438,1
4092,Bosnia & Herzegovina,Austria,1,2,2.3333333333333335,0.5384733208608221,2.1909127272727273,0.44627798658561174,2
4093,Burkina Faso,Egypt,0,0,3.310890769230769,0.8400122890224466,2.0,0.15384615384615385,0
4094,Cape Verde,Cameroon,1,0,1.4615384615384615,0.5384615384615384,2.0504841025641025,0.4687695483109418,1
4095,Cyprus,Romania,2,2,0.8978700000000001,1.6087394572251286,1.0919076923076925,1.2593989633082816,0
4096,D.R. Congo,Senegal,2,3,1.9325164102564103,0.3762076398249479,1.3833041025641026,0.07825709961450553,2
4097,El Salvador,Suriname,1,2,1.5,0.4166666666666667,1.2727272727272727,0.36363636363636365,2
4098,France,Iceland,2,1,1.6666666666666667,0.0,2.0728933333333335,1.1405304607172797,1
4099,Gabon,Ivory Coast,0,0,2.6153846153846154,0.6133443094835036,1.6153846153846154,0.0,0
4100,Gambia,Burundi,2,0,2.076923076923077,1.8359523166482872,1.7692307692307692,0.9108350876702521,1
4101,Hungary,Portugal,2,3,2.0,1.3333333333333333,3.1429739999999997,0.724821123467085,2
4102,Kenya,Seychelles,5,0,1.6923076923076923,2.076923076923077,0.15384615384615385,4.4431757084284556,1
4103,Mauritania,South Sudan,0,0,0.9230769230769231,1.3099567444333,0.5345276923076923,1.9863793612096823,0
4104,Namibia,Sao Tome and Principe,3,0,1.0,0.8461538461538461,0.7692307692307693,2.3846153846153846,1
4105,Norway,Moldova,11,1,2.75,0.75,0.75,3.1666666666666665,1
4106,Panama,Guatemala,1,1,1.6666666666666667,0.16637050076947776,1.788577948717949,1.7073946577907118,0
4107,Serbia,England,0,5,1.4622284848484848,0.1707319849300568,1.89787,0.08333333333333333,2
4108,Sierra Leone,Ethiopia,2,0,1.2307692307692308,1.0615691840945782,1.4615384615384615,1.4246891187500645,1
4109,South Africa,Nigeria,1,1,2.25,0.5833333333333334,1.2270964102564101,0.619241593758179,0
4110,Tanzania,Niger,0,1,0.5833333333333334,0.8197681043815167,0.95102,2.1947695288017774,2
4111,Togo,Sudan,1,0,0.6153846153846154,1.5662721693334236,0.7679194871794872,0.7187843004881489,1
4112,Zimbabwe,Rwanda,0,1,0.8424810256410257,1.3961863197360753,0.4541928205128205,1.0,2
4113,Belarus,Scotland,0,2,0.3333333333333333,4.333333333333333,1.3333333333333333,0.6666666666666666,2
4114,Croatia,Montenegro,4,0,4.032466666666667,0.3498625706109373,0.5833333333333334,1.4768267670738053,1
4115,Equatorial Guinea,Tunisia,0,1,1.7272727272727273,0.9090909090909091,1.8461538461538463,0.0,2
4116,Ghana,Mali,1,0,2.6153846153846154,0.6153846153846154,1.7613784615384616,0.32518230166127526,1
4117,Gibraltar,Faroe Islands,0,1,0.3333333333333333,3.4470246568393974,0.7,1.0624105617335426,2
4118,Greece,Denmark,0,3,2.7190600000000003,0.9094465280538321,1.6710177777777777,0.6645052181649986,2
4119,Guinea,Algeria,0,0,1.0072851282051283,0.5349836633389462,3.1538461538461537,1.0,0
4120,Guinea Bissau,Djibouti,2,0,0.9262753846153846,1.5353907598958387,0.6153846153846154,4.443113790144263,1
4121,Israel,Italy,4,5,2.75,1.5833333333333333,1.9931648484848485,0.8181818181818182,2
4122,Kosovo,Sweden,2,0,0.0,3.318115704883459,1.0,2.3333333333333335,1
4123,Libya,Eswatini,2,0,1.0,1.161077240618634,0.7692307692307693,1.8606160196988066,1
4124,Madagascar,Chad,3,1,1.7692307692307692,1.1643730467679148,0.2841353846153846,2.465102253413016,1
4125,Malawi,Liberia,2,2,0.7692307692307693,1.1538461538461537,0.6666666666666666,1.4166666666666667,0
4126,Mozambique,Botswana,2,0,1.395543076923077,2.6331838152236235,1.4064707692307694,1.706629017024108,1
4127,Switzerland,Slovenia,3,0,3.0216444444444446,0.31300863903843745,1.6710177777777777,1.3290104363299973,1
4128,Uganda,Somalia,2,0,1.6959502564102564,0.9930442497548154,0.2344117948717949,1.8357202207860692,1
4129,Zambia,Morocco,0,2,1.0510199999999998,1.6127912939433648,3.0833333333333335,0.3333333333333333,2
4130,Belgium,Kazakhstan,6,0,3.4545454545454546,1.0909090909090908,0.8333333333333334,1.1666666666666667,1
4131,Central Africa,Comoros,0,2,0.7456738461538462,2.111903064861012,0.8383015384615384,1.6923076923076923,2
4132,Georgia,Bulgaria,3,0,2.5,2.0,0.3333333333333333,1.1334570858070494,1
4133,Germany,Northern Ireland,3,1,0.6666666666666666,1.0,2.083268888888889,1.6668729207895265,1
4134,Lithuania,Netherlands,2,3,0.9,1.0,3.7416921212121212,0.2727272727272727,2
4135,Luxembourg,Slovakia,0,1,0.3333333333333333,2.662799486283106,3.43812,0.0,2
4136,North Macedonia,Liechtenstein,5,0,1.248448,0.5582881807328497,0.0,3.0414409036642485,1
4137,Poland,Finland,3,1,1.5540094444444446,0.875029007966626,1.446798888888889,1.6268247284028154,1
4138,Turkey,Spain,0,6,3.0,2.0,4.333333333333333,0.3333333333333333,2
4139,Armenia,Portugal,0,5,1.5,1.5,2.7144155555555556,1.2498012482967613,2
4140,Austria,Cyprus,1,0,2.330012,0.6727173557325188,1.3431309090909092,1.498890521395964,1
4141,England,Andorra,2,0,1.8885854545454543,0.09090909090909091,0.0,2.288524884391537,1
4142,Haiti,Honduras,0,0,2.8589539999999998,2.1377603744294356,1.9270036363636365,0.693655267486061,0
4144,Latvia,Serbia,0,1,0.6666666666666666,1.1538932834432882,1.9123673333333333,0.1878051834230625,2
4145,Nicaragua,Costa Rica,1,1,1.8181818181818181,0.9791834507133761,3.909090909090909,0.2727272727272727,0
4146,Nigeria,Rwanda,1,0,1.246021111111111,1.0041783932380273,0.6587088888888889,0.8333333333333334,1
4147,San Marino,Bosnia & Herzegovina,0,6,0.3333333333333333,3.2926840727551294,1.0909090909090908,0.5874254409390787,2
4148,Trinidad & Tobago,Curacao,0,0,4.4,1.7,3.4930999999999996,0.4480009280024747,0
4149,Argentina,Venezuela,3,0,2.1734225,0.6223297675835304,0.968625,1.1810898565328376,1
4150,Benin,Zimbabwe,1,0,1.1626877777777778,1.4500938125708844,1.0713966666666668,1.787605539142245,1
4151,Bermuda,Jamaica,0,4,2.5,2.2,2.2,0.6,2
4152,Brazil,Chile,3,0,1.1381729166666665,0.8977877044796989,0.38607749999999996,1.3138982163199646,1
4153,Colombia,Bolivia,3,0,1.2929354166666664,1.0313581141113872,1.0087104166666667,1.2837849879344245,1
4154,Congo,Tanzania,1,1,1.0,4.563956469716826,0.36363636363636365,0.6215652047798365,0
4155,Denmark,Scotland,0,0,2.5065266666666663,0.9967578272474981,2.0,1.0,0
4156,Djibouti,Burkina Faso,0,6,0.8333333333333334,3.4800399393229515,2.420131666666667,1.243346646440984,2
4157,Egypt,Ethiopia,2,0,1.8333333333333333,0.3333333333333333,1.75,1.2300399393229517,1
4158,Faroe Islands,Croatia,0,1,1.0,1.3333333333333333,4.607139999999999,0.554546483016093,2
4159,Greece,Belarus,5,1,1.5785900000000002,0.864169792080748,0.0,4.0,1
4160,Guatemala,El Salvador,0,1,2.1462116666666664,2.132365971153146,1.3636363636363635,0.6363636363636364,2
4161,Iceland,Azerbaijan,5,0,0.60934,1.7107956910759194,2.0,2.5,1
4162,Italy,Estonia,5,0,0.877444,0.9,1.1818181818181819,2.1487483099788105,1
4163,Ivory Coast,Burundi,1,0,1.5,0.0,2.4166666666666665,0.9100356724880533,1
4164,Kenya,Gambia,1,3,1.5833333333333333,1.5,1.8333333333333333,2.2389483430356445,2
4165,Lesotho,South Africa,0,3,0.9166666666666666,0.6666666666666666,1.8181818181818181,0.8181818181818182,2
4166,Mauritania,Togo,2,0,0.5,1.5675696927567955,0.6666666666666666,1.366351899275971,1
4167,Moldova,Israel,0,4,0.8181818181818182,3.272727272727273,2.272727272727273,1.9090909090909092,2
4168,Montenegro,Czech Republic,0,2,1.1818181818181819,1.247447382262333,2.7024783333333335,1.343377340556427,2
4169,Morocco,Niger,5,0,3.090909090909091,0.36363636363636365,1.0566888888888888,1.2364347710481836,1
4170,Namibia,Malawi,1,2,0.8333333333333334,0.4166666666666667,0.3333333333333333,1.1666666666666667,2
4171,Paraguay,Ecuador,0,0,1.3853716666666664,0.7279141922043778,0.5082645833333334,0.11559027895756177,0
4172,Senegal,Sudan,2,0,1.1652461111111112,0.08477852458238098,1.331912777777778,0.3333333333333333,1
4173,Slovenia,Sweden,2,2,1.5,1.0,0.5,2.5,0
4174,Somalia,Guinea,0,3,0.4206127777777778,1.738696905851575,0.3412255555555556,0.746232301950525,2
4175,South Sudan,D.R. Congo,1,4,0.3333333333333333,1.6345686796552508,1.260226111111111,0.1575582764770269,2
4176,Switzerland,Kosovo,4,0,2.5324666666666666,0.46951295855765623,0.0,3.0,1
4177,Uganda,Mozambique,4,0,1.0118383333333334,1.394060478369817,1.6785050000000001,1.8526157998255919,1
4178,Ukraine,France,0,2,1.6666666666666667,1.0,1.5,0.0,2
4179,Uruguay,Peru,3,0,0.66087125,0.6495983441066014,0.32797583333333336,0.6261492910047555,1
4180,Algeria,Botswana,3,1,3.0,1.0,1.7618383333333334,1.2994240508880586,1
4181,Angola,Libya,0,1,0.8118516666666666,1.0470020640211215,0.8333333333333334,1.4401676986772276,2
4182,Bulgaria,Spain,0,3,0.5,0.5,5.0,0.5,2
4183,Cameroon,Eswatini,3,0,1.6380244444444445,0.6745003440035203,1.0,1.5990006880070406,1
4184,Chad,Ghana,1,1,0.08333333333333333,2.7254395343311955,3.25,0.9166666666666666,0
4186,Guinea Bissau,Sierra Leone,1,1,0.9270616666666666,1.573353302994809,1.4166666666666667,1.2333666161024597,0
4187,Kazakhstan,Wales,0,1,1.0909090909090908,1.5454545454545454,2.12112,1.527627269109499,2
4188,Liechtenstein,Belgium,0,6,0.0,2.4545454545454546,2.6,1.2,2
4189,Lithuania,Malta,1,1,0.6666666666666666,1.0,0.08333333333333333,3.0441290244092527,0
4190,Luxembourg,Northern Ireland,1,3,0.0,2.494199229424659,1.6249033333333334,2.0003093811842896,2
4191,Madagascar,Central Africa,2,0,1.4166666666666667,1.2614041339985744,1.2567733333333333,2.530351627464956,1
4192,Mali,Comoros,3,0,1.1581599999999999,0.35228082679971484,1.2414933333333333,1.0833333333333333,1
4193,Mauritius,Cape Verde,0,2,1.3333333333333333,1.6901676986772276,1.25,0.5833333333333334,2
4194,Netherlands,Poland,1,1,4.615861333333333,0.0,1.5582703030303031,0.721286778089603,0
4195,Sao Tome and Principe,Equatorial Guinea,2,3,0.3333333333333333,2.0,1.2,0.4,2
4196,Slovakia,Germany,2,0,4.0,0.0,1.0,0.5,1
4197,Suriname,Panama,0,0,2.2,0.4,1.8181818181818181,0.3626670934273818,0
4198,Tunisia,Liberia,3,0,1.25,0.0,0.9090909090909091,0.7272727272727273,1
4199,Seychelles,Gabon,0,4,0.3333333333333333,4.313440350797493,2.3333333333333335,0.9977896686071288,2
4200,Argentina,Colombia,1,1,2.35055125,0.5192278598495533,1.3929316666666667,1.0939006103504194,0
4201,Brazil,Paraguay,1,0,1.3026970833333333,1.0642853843371511,1.5745033333333334,0.5686433553316925,1
4202,Costa Rica,Trinidad & Tobago,2,1,4.5,0.0,5.0,1.6666666666666667,1
4203,Dominican Republic,Dominica,5,0,2.0,1.6666666666666667,1.6666666666666667,3.0,1
4204,El Salvador,Suriname,1,1,1.8,0.6,3.0,0.3333333333333333,0
4205,Guyana,Montserrat,3,0,1.0,1.3163717005812694,1.0087022222222222,2.3078908842052375,1
4206,Honduras,Antigua and Barbuda,2,0,2.719704,0.9630207942346672,0.3333333333333333,1.0,1
4207,Jamaica,Guatemala,3,0,1.6666666666666667,0.6666666666666666,2.8867763636363635,1.5080356048943413,1
4208,Panama,Nicaragua,3,0,1.7,0.59893380277012,2.8,0.4,1
4209,Peru,Ecuador,0,0,0.7654758333333334,0.7511492910047556,0.8832645833333334,0.3030902789575618,0
4210,Puerto Rico,Saint Vincent and the Grenadines,2,1,2.6666666666666665,0.3333333333333333,2.6666666666666665,2.3333333333333335,1
4211,Uruguay,Venezuela,2,0,0.5671179166666667,0.749477423834078,1.164335,1.1419735663721837,1
4212,Bolivia,Chile,2,0,0.7587104166666667,1.8243868956684017,0.57424625,1.0634539674741812,1
4213,China,Bahrain,1,0,0.3818666666666667,1.7365721506827432,0.3849175,1.5719120197411134,1
4214,Cuba,Bermuda,1,2,1.0,1.5,2.3333333333333335,2.3333333333333335,2
4215,Finland,Poland,2,1,1.214689696969697,1.5019906128030713,1.8422919999999998,0.38024636769568987,1
4216,Haiti,Curacao,1,5,3.3333333333333335,0.6666666666666666,3.3333333333333335,0.3333333333333333,2
4217,Iran,North Korea,3,0,1.4814008333333333,0.8941748101111885,1.3121129166666665,2.3385955928772244,1
4218,Japan,Indonesia,6,0,2.0594625,0.29994095634885465,1.0629024999999999,1.4319336111075296,1
4219,Jordan,Iraq,0,1,2.0051104166666667,0.7353506248857746,1.0701358333333333,1.3426169241595094,2
4220,Kyrgyzstan,United Arab Emirates,1,1,1.3608216666666666,1.6299990259500836,1.1709366666666665,0.8466072296982589,0
4221,Latvia,Albania,1,1,0.5,1.2308399251649325,1.3636363636363635,0.538487245514521,0
4222,Netherlands,Malta,8,0,3.386204444444444,0.0,0.09090909090909091,1.6363636363636365,1
4223,Palestine,Oman,1,1,1.1591779166666667,1.6131595546893163,0.8277716666666667,1.4237806977489866,0
4224,Romania,Cyprus,2,0,1.6540727272727274,1.0798230336699708,2.277444,1.2487795735355605,1
4225,Saint Kitts and Nevis,Grenada,2,3,1.0,3.3333333333333335,2.4,1.8,2
4226,Saint Lucia,Barbados,2,1,0.9540222222222222,2.984677950609442,0.9084155555555555,3.0380123150566356,1
4227,San Marino,Austria,0,4,0.36363636363636365,2.9312634425161637,1.7000133333333334,0.9696859508139097,2
4228,Saudi Arabia,Australia,1,2,0.8078225,0.4979561655637487,2.21443,0.4939222005560972,2
4229,Serbia,Andorra,3,0,1.3615044444444442,0.6260172780768749,0.0,1.8602089647907676,1
4230,South Korea,Kuwait,4,0,1.5189675,0.7073105927182087,0.7310329166666667,1.6382462439606893,1
4231,Uzbekistan,Qatar,3,0,1.0882541666666667,0.6662363237583426,2.07727125,1.8600779774145484,1
4232,Belgium,Wales,4,3,2.0,0.3333333333333333,1.9090909090909092,0.9090909090909091,1
4233,Croatia,Czech Republic,5,1,4.1190444444444445,0.2828294255734367,3.0,0.45454545454545453,1
4234,Estonia,Norway,0,1,1.5,2.4636231409766918,3.6363636363636362,0.8181818181818182,2
4235,Faroe Islands,Gibraltar,2,1,0.5,1.5,0.2727272727272727,3.760390534733888,1
4236,Italy,Moldova,2,0,0.30827111111111116,1.0,0.9,3.8,1
4237,Kazakhstan,North Macedonia,0,1,1.6,2.0,1.7204977777777777,0.6203202008142774,2
4238,Bahamas,Costa Rica,0,8,0.3333333333333333,4.666666666666667,2.3333333333333335,0.0,2
4239,Belize,Panama,0,2,0.3333333333333333,2.6666666666666665,1.6666666666666667,0.665482003077911,2
4240,Albania,Serbia,0,0,2.1,0.7923359700659731,2.0422566666666664,0.9390259171153125,0
4241,Andorra,England,0,1,0.0,2.200061876236858,1.7774439999999998,0.3,2
4242,Anguilla,El Salvador,0,3,0.0,6.0,1.0,0.6666666666666666,2
4243,Aruba,Haiti,0,5,1.0,1.77233794419086,2.5,1.0,2
4244,Austria,Romania,2,1,1.55002,0.9545289262208647,1.5,0.6243897867677802,1
4245,Bosnia & Herzegovina,San Marino,1,0,0.9,0.8461679850329865,0.6,3.7,1
4246,British Virgin Islands,Jamaica,0,1,0.0,3.3333333333333335,2.0,1.0,2
4247,Cayman Islands,Honduras,0,1,0.5,2.5,3.355226666666667,1.2922453269274081,2
4248,Curacao,Saint Lucia,4,0,3.0,0.5,1.4310333333333334,2.1600030933415826,1
4249,Finland,Netherlands,0,2,1.7370493333333332,1.5380622789055598,4.079306666666667,0.0,2
4250,Guatemala,Dominican Republic,4,2,3.1754539999999998,1.0588391653837754,2.0,0.5,1
4251,Malta,Lithuania,0,0,0.1,2.2,1.0,1.5,0
4252,Nicaragua,Guyana,1,0,3.0,0.6666666666666666,1.5,1.4745575508719042,1
4253,Trinidad & Tobago,Saint Kitts and Nevis,6,2,4.5,1.5,0.5,2.0,1
4254,Antigua and Barbuda,Cuba,0,1,0.5,1.0,1.0,3.0,2
4255,Chile,Argentina,0,1,1.0742462499999998,1.2222833472824108,2.35465625,0.5192278598495533,2
4256,Colombia,Peru,0,0,1.7411045833333334,1.267293017184109,0.7654758333333334,0.8510283707322321,0
4257,Czech Republic,Montenegro,2,0,3.1,0.7,1.5,1.3721921204885663,1
4258,Ecuador,Brazil,0,0,1.21229375,0.3655902789575618,1.6530545833333332,1.2874672415891084,0
4259,Estonia,Israel,1,3,1.3333333333333333,2.545410469922306,2.4,1.8,2
4260,Gibraltar,Croatia,0,7,0.3,2.299555656072479,2.6785666666666663,0.424244138360155,2
4261,North Macedonia,Belgium,1,1,2.0,0.5,2.5,0.0,0
4262,Norway,Italy,3,0,3.3,1.5,0.4624066666666667,0.0,1
4263,Paraguay,Uruguay,2,0,1.4062358333333334,1.0061433553316925,0.7142729166666666,0.4819907282865516,1
4264,Suriname,Puerto Rico,1,0,4.0,0.5,4.0,0.0,1
4265,Venezuela,Bolivia,2,0,1.039335,1.6419735663721837,1.0762070833333333,1.8744423961751684,1
4266,Wales,Liechtenstein,3,0,1.2,1.8,0.0,1.8,1
4267,Australia,Japan,1,0,2.3817325,0.7439222005560973,2.7469625,0.24686023908721366,1
4268,Bahrain,Saudi Arabia,0,2,0.6481408333333333,1.4143056406403514,0.6203225,0.7479561655637488,2
4269,Bermuda,Cayman Islands,5,0,1.0,3.5,1.0,0.0,1
4270,Grenada,Bahamas,6,0,0.6666666666666666,2.6666666666666665,0.5,4.0,1
4271,Indonesia,China,1,0,1.1127158333333333,1.5615765571484068,0.5828316666666666,1.9501053540193265,1
4272,Iraq,South Korea,0,2,1.3201358333333333,0.9892056413865031,1.7198975,0.8323105927182087,2
4273,Kuwait,Palestine,0,2,0.8466779166666667,1.3983580084122436,0.91681375,1.7309633156136517,2
4274,North Korea,Kyrgyzstan,2,2,0.9996129166666666,2.0921320595297233,1.3182516666666668,1.664811292093158,0
4275,Oman,Jordan,0,3,1.0152716666666666,0.9454207037578695,1.7551104166666667,0.8603506248857746,2
4276,Qatar,Iran,1,0,1.87482375,2.4850779774145484,2.1064008333333333,1.07525075249592,1
4277,Saint Vincent and the Grenadines,Anguilla,6,0,1.0,3.5,0.0,6.0,1
4278,United Arab Emirates,Uzbekistan,0,0,2.0252324999999995,0.8466072296982589,1.4007541666666667,0.7287363237583426,0
4279,Barbados,Aruba,1,1,0.8626233333333332,4.057018472584954,1.0,2.15850691628629,0
4280,Dominica,British Virgin Islands,3,0,1.0,4.5,0.0,3.5,1
4281,Montserrat,Belize,1,0,1.0130533333333334,3.4618363263078558,0.5,3.5,1
4282,Argentina,Brazil,4,1,1.6707495833333335,0.6090685252853014,1.5433958333333333,0.8631323030879872,1
4283,Chile,Ecuador,0,0,1.0742462499999998,1.2222833472824108,1.71229375,0.4155298188213001,0
4284,Colombia,Paraguay,2,2,1.7063350000000002,1.2298340514798913,1.2945266666666666,0.7748186195912149,0
4285,Venezuela,Peru,1,0,1.18649,1.748154124287307,0.8279758333333334,0.7260283707322321,1
4286,Algeria,Mozambique,5,1,2.090909090909091,1.1818181818181819,1.9090909090909092,0.9008704769829637,1
4287,Angola,Cape Verde,1,2,0.8181818181818182,0.5454545454545454,1.0,1.0909090909090908,2
4288,Benin,South Africa,0,2,1.4502048484848484,1.009116494337514,1.4,1.3,2
4289,Bolivia,Uruguay,0,0,1.0762070833333333,2.3991826053702976,1.3263604166666667,0.7027932719318545,0
4290,Botswana,Somalia,2,0,1.3765509090909092,1.5993716918778818,0.6406684848484848,1.7149420791108092,1
4291,Burundi,Seychelles,5,0,1.4545454545454546,1.1745843699869671,0.5454545454545454,4.251025837233629,1
4292,Cameroon,Libya,3,1,1.6335345454545454,0.6620011258297027,1.0,0.9347283985569755,1
4293,China,Australia,0,2,0.9578316666666666,1.6564439194960445,2.3192325,0.7439222005560973,2
4294,Comoros,Chad,1,0,1.2634472727272728,1.5454545454545454,0.09090909090909091,2.8822976738158492,1
4295,Egypt,Sierra Leone,1,0,2.090909090909091,0.5454545454545454,1.9090909090909092,1.2654690688447097,1
4296,Gibraltar,Czech Republic,0,4,0.3333333333333333,1.6651855202415955,3.6666666666666665,1.0,2
4297,Indonesia,Bahrain,1,0,0.9252158333333333,2.0129541615971847,0.8356408333333333,1.3518056406403514,1
4298,Iran,Uzbekistan,2,2,2.179218333333333,0.9396413525384228,1.4250775,0.7692721728458054,0
4299,Israel,Norway,2,4,2.0,1.3333333333333333,3.0,1.0,2
4300,Japan,Saudi Arabia,0,0,3.3094625,0.24686023908721366,0.6828225,0.8104561655637488,0
4301,Kuwait,Oman,0,1,1.0397433333333335,1.6935519962620955,1.0777716666666666,0.9454207037578695,2
4302,Kyrgyzstan,Qatar,3,1,1.0868854166666666,1.9083872344778894,2.17700625,2.2421509107195465,1
4303,Liechtenstein,Kazakhstan,0,2,0.0,2.0,1.3333333333333333,2.6666666666666665,2
4304,Mauritania,D.R. Congo,0,2,0.5454545454545454,1.5187984130136465,1.0334672727272727,0.333827086652088,2
4305,Moldova,Estonia,2,3,1.0,3.6666666666666665,0.5,2.818115704883459,2
4306,Montenegro,Faroe Islands,1,0,1.3333333333333333,1.9073070682952218,1.0,2.0,1
4307,Morocco,Tanzania,2,0,3.2,0.6,0.4,0.5127912939433651,1
4308,Nigeria,Zimbabwe,1,1,1.2597054545454547,1.013674741506271,0.896069090909091,2.0410242245188126,0
4309,North Korea,United Arab Emirates,1,2,1.0820429166666665,2.1208665262288946,2.2127325,0.6591072296982589,2
4310,North Macedonia,Wales,1,1,3.0,0.0,1.0,1.6666666666666667,0
4311,Palestine,Iraq,2,1,0.61774375,1.6614988965523358,1.4451358333333333,0.6142056413865031,1
4312,Rwanda,Lesotho,1,1,0.4458642424242424,0.8181818181818182,0.9090909090909091,0.6363636363636364,0
4313,Senegal,Togo,2,0,0.9044418181818181,0.2774569895423378,0.9090909090909091,1.186547898633247,1
4314,South Korea,Jordan,1,1,2.10893,0.7546429460408772,1.9936566666666666,0.6836449834992715,0
4315,Sudan,South Sudan,1,1,1.5439048484848485,0.09090909090909091,0.2727272727272727,1.6922567414420917,0
4316,Uganda,Guinea,1,0,1.0129145454545456,1.5207932491307092,0.7531018181818182,0.7149420791108092,1
4317,Albania,Andorra,3,0,2.0,0.8803733000733034,0.0,2.333539587456193,1
4318,Bosnia & Herzegovina,Cyprus,2,1,0.3333333333333333,1.1538932834432882,2.6666666666666665,1.3333333333333333,1
4319,Central Africa,Mali,0,0,1.5528436363636364,2.760383593598134,1.4267054545454547,0.789282705889976,0
4320,England,Latvia,3,0,1.59148,0.3333333333333333,1.0,0.0,1
4321,Ethiopia,Djibouti,6,1,0.2727272727272727,1.069134479261402,0.8181818181818182,2.5236799338068563,1
4322,Guinea Bissau,Burkina Faso,1,2,0.7386127272727272,1.170930875994337,2.2840672727272726,1.4327708428977655,2
4323,Ivory Coast,Gambia,1,0,1.5454545454545454,0.0,2.909090909090909,2.358813822415554,1
4324,Liberia,Sao Tome and Principe,2,1,0.6,0.7,0.2727272727272727,2.1818181818181817,1
4325,Lithuania,Finland,2,2,0.0,1.0,1.7871955555555554,1.7965032225353421,0
4326,Madagascar,Ghana,0,3,1.9090909090909092,0.6466986327998444,3.090909090909091,1.1818181818181819,2
4327,Namibia,Equatorial Guinea,1,1,0.8181818181818182,0.36363636363636365,1.0,0.3333333333333333,0
4328,New Caledonia,New Zealand,0,3,2.4,1.0,7.2,0.3,2
4329,Poland,Malta,2,0,2.0469911111111108,0.6447181863285443,0.3333333333333333,3.3333333333333335,1
4330,San Marino,Romania,1,5,0.3333333333333333,3.3333333333333335,0.0,0.3604330964086446,2
4331,Tunisia,Malawi,2,0,1.0,0.0,0.9090909090909091,0.9090909090909091,1
4332,Eswatini,Mauritius,3,3,0.2727272727272727,1.108000750553135,0.8181818181818182,1.38927385310243,0
4333,Kenya,Gabon,1,2,1.6363636363636365,1.2727272727272727,2.0,0.9927661881687854,2
4335,Israel,Estonia,2,1,2.0,1.5,0.0,3.6362314097669177,1
4337,Moldova,Norway,0,5,1.5,3.0,2.0,1.5,2
4338,Montenegro,Gibraltar,3,1,0.5,2.3609606024428325,0.0,0.9977782803623931,1
4339,Sudan,Senegal,0,0,1.894886,0.1,0.9948859999999999,0.30520268849657156,0
4340,Togo,Mauritania,2,2,0.4,0.7052026884965715,0.0,1.0706782543150113,0
4341,Wales,Kazakhstan,3,1,0.0,2.0,1.5,2.5,1
4343,Botswana,Algeria,1,3,1.4,0.9,1.8,1.0,2
4344,Brazil,Colombia,2,1,1.6895729166666666,0.8079316671766614,2.1327575000000003,0.9643826566920825,1
4345,Burkina Faso,Djibouti,4,1,1.912474,1.276047927187542,0.6,1.7760479271875418,1
4346,Burundi,Ivory Coast,0,1,1.8,1.4,1.8,0.0,2
4347,Cyprus,San Marino,2,0,3.0,2.0,0.5,4.0,1
4348,D.R. Congo,South Sudan,1,0,0.8368140000000001,0.5672097953172968,0.3,1.5562797270897293,1
4349,Ecuador,Venezuela,2,1,1.39979375,0.22802981882130008,1.1856983333333333,1.6984679091566353,1
4350,England,Albania,2,0,1.3872200000000001,0.5,3.0,0.5,1
4351,Equatorial Guinea,Sao Tome and Principe,2,0,0.5,0.5,0.3,2.2,1
4352,Ethiopia,Egypt,0,2,0.3,1.2,2.1,0.6,2
4353,Ghana,Chad,5,0,1.9,1.5,0.1,2.1,1
4354,Guinea,Somalia,0,0,0.8284119999999999,0.9864362870218901,0.7047353333333334,2.08643628702189,0
4355,Malta,Finland,0,1,0.5,4.5,2.1807933333333334,2.6947548338030134,2
4356,New Caledonia,Tahiti,3,0,2.3333333333333335,1.3333333333333333,1.6666666666666667,1.175935652801079,1
4357,New Zealand,Fiji,7,0,6.333333333333333,0.3333333333333333,1.6666666666666667,1.3333333333333333,1
4358,Niger,Morocco,1,2,1.0,1.0,3.3333333333333335,0.3333333333333333,2
4359,Peru,Bolivia,3,1,0.26547583333333336,1.0882506023927263,0.8887070833333333,2.6040612276143733,1
4361,Romania,Bosnia & Herzegovina,0,1,0.0,0.0,0.0,1.7308399251649325,2
4362,Rwanda,Nigeria,0,2,0.8713520000000001,0.3,0.9856760000000001,1.3150422156568982,2
4363,Uruguay,Argentina,0,1,1.4827995833333332,0.5529746523406396,2.211615833333333,0.721137954538112,2
4364,Australia,Indonesia,5,1,1.6451975,0.6692666016682917,1.0402983333333333,1.37255057528898,1
4365,Cape Verde,Mauritius,1,0,1.2,1.2,0.9,1.2,1
4366,Comoros,Mali,0,3,1.569376,0.8,0.8693760000000001,1.0682109764789736,2
4367,Gabon,Seychelles,3,0,1.7,1.292042806985664,0.6,4.776128420956992,1
4368,Gambia,Kenya,3,3,2.3,2.084085613971328,1.9,0.5,0
4369,Iran,United Arab Emirates,2,0,2.600155,1.0689240576152685,2.3377325,0.5028314302076837,1
4370,Iraq,Kuwait,2,2,1.3979075,0.5926169241595094,0.9281733333333334,1.748547215754732,0
4371,Japan,Bahrain,2,0,3.3785741666666667,0.365580717261641,1.1481408333333332,1.013272437303768,1
4372,Jordan,Palestine,3,1,2.1186566666666664,0.4961449834992715,1.00677625,1.3034959565203414,1
4373,Libya,Angola,1,1,1.0,0.928201238412673,0.6,0.3,0
4374,Malawi,Namibia,0,1,1.0,0.9,0.8,0.6,2
4375,Mozambique,Uganda,3,1,1.2,1.0728725740437803,1.0142060000000002,0.7728725740437802,1
4376,Paraguay,Chile,1,0,1.3570266666666666,0.9550192555025406,1.0742462499999998,1.6645548078416914,1
4377,Qatar,North Korea,5,1,1.56197125,2.5177339322436456,1.2757541666666667,1.3387462381525523,1
4378,Saudi Arabia,China,1,0,0.5578225,0.8104561655637488,1.3328316666666669,1.708920251771236,1
4379,Sierra Leone,Guinea Bissau,3,1,1.2,1.476047927187542,0.712474,0.388023963593771,1
4380,South Korea,Oman,1,1,2.3455,0.8889288381226319,1.0038179166666668,1.3091621201775836,0
4381,Uzbekistan,Kyrgyzstan,1,0,1.4875775,0.7692721728458054,1.3368854166666666,1.7155825344991407,1
4382,Zimbabwe,Benin,2,2,0.5856760000000001,1.845126646970694,0.9952253333333333,0.5100281437712654,0
4383,Central Africa,Madagascar,1,4,1.608128,2.036421952957947,1.5,0.4113684960798289,2
4384,Eswatini,Cameroon,0,0,0.3,1.656402476825346,1.9968879999999998,0.928201238412673,0
4385,Liberia,Tunisia,0,1,0.6666666666666666,0.6666666666666666,1.0,0.0,2
4386,Argentina,Peru,1,0,2.274115833333333,0.846137954538112,0.40489833333333336,1.038311062528988,1
4387,Brazil,Uruguay,1,1,1.7304391666666668,0.8768969525502561,1.4092220833333333,0.5187038154679542,0
4388,Chile,Venezuela,4,2,0.59640125,1.5019159236719384,1.0298604166666665,1.048346988884112,1
4389,Bahrain,Australia,2,2,1.0033058333333333,1.032111002780486,1.7076975,0.41926660166829166,0
4390,Bolivia,Paraguay,2,2,0.77889875,2.2303939741517236,0.9820266666666666,0.5800192555025406,0
4391,China,Japan,1,3,1.2567458333333332,1.7339875226761463,3.3658875,0.17808071726164096,2
4392,Colombia,Ecuador,0,1,2.1327575000000003,0.913438658493749,1.1875,0.22802981882130008,2
4393,Indonesia,Saudi Arabia,2,0,0.9968283333333333,1.62255057528898,0.6734675,0.6611449677881376,1
4394,Kuwait,Jordan,1,1,1.0047058333333334,2.0458795690774005,1.9311566666666666,0.6759349504978145,0
4395,Kyrgyzstan,Iran,2,3,1.1153495833333333,1.5824622505150665,2.1592158333333336,0.8224605242677675,2
4396,North Korea,Uzbekistan,0,1,1.4007541666666667,1.3334415381738036,1.4350425,0.8850429282268302,2
4397,Oman,Iraq,0,1,1.5038179166666668,1.1771977011162678,1.3979075,0.5926169241595094,2
4398,Palestine,South Korea,1,1,0.8078225,1.3157935002619294,2.57679,0.7014288381226319,0
4399,United Arab Emirates,Qatar,5,0,1.68128875,0.6278314302076837,2.12447125,1.7052339322436454,1
4400,Samoa,New Zealand,0,8,0.0,3.0,5.5,0.5,2
4401,Tahiti,Vanuatu,2,0,1.5,1.7639034792016182,0.8503866666666666,9.40748522240863,1
4402,Fiji,New Caledonia,1,1,2.0,1.5,3.0,1.5,0
4403,Papua New Guinea,Solomon Islands,1,2,2.0,3.0,1.0,2.0,2
4404,Peru,Chile,0,0,0.40489833333333336,1.2806070613278768,0.72140125,1.7519159236719384,0
4405,Uruguay,Colombia,3,2,0.91387,0.2979012718226514,2.1667908333333337,0.6210747358363881,1
4406,Ecuador,Bolivia,4,0,0.5625,0.22802981882130008,1.02889875,1.7138958569354978,1
4407,Indonesia,Japan,0,4,1.0593283333333332,1.0079841686158133,3.4569466666666666,0.18995276507908368,2
4410,Australia,Saudi Arabia,0,0,2.1451975,0.41926660166829166,1.1734675,0.7861449677881376,0
4411,Bahrain,China,0,1,1.1283058333333333,1.408833008341458,1.3129025,2.0598524129758906,2
4412,Iraq,Jordan,0,0,1.7104075,0.6551169241595094,2.3686566666666664,0.8634349504978145,0
4413,Kuwait,South Korea,1,3,0.8057520833333334,1.5782626449178911,2.7017900000000004,0.6389288381226319,2
4414,North Korea,Iran,2,3,1.3200826666666667,1.1424411190537425,1.9717158333333333,0.4474605242677675,2
4415,Oman,Palestine,1,0,1.63645375,1.530608983889274,0.9234675,1.5336287936165922,1
4416,Papua New Guinea,Fiji,3,3,1.0,3.0,1.0,0.0,0
4417,Paraguay,Argentina,2,1,0.7223641666666667,0.43020063591132573,2.2901991666666666,0.6932732447207649,1
4418,Qatar,Uzbekistan,3,2,2.3274475,1.6321245322861482,1.634965,0.6157707553810248,1
4419,Solomon Islands,New Caledonia,2,3,0.0,1.0,3.0,1.0,2
4420,United Arab Emirates,Kyrgyzstan,3,0,1.36878875,0.7436021855887085,1.54597125,1.6555716504725637,1
4421,Venezuela,Brazil,1,1,0.8091279166666665,0.9442767879227523,1.6054391666666668,0.8764527037044727,0
4422,Argentina,Bolivia,6,0,1.7276991666666666,0.693273244720765,1.59550375,0.9322801381870973,1
4423,Brazil,Peru,4,0,1.0511491666666668,0.8764527037044728,0.5464275,0.807015264617349,1
4424,Paraguay,Venezuela,2,1,0.34736416666666664,0.292640175775064,0.6623564444444443,1.1419835034241095,1
4425,Uruguay,Ecuador,0,0,0.9804749999999999,0.4151972706215404,0.6875,0.3967103767364236,0
4426,China,Indonesia,2,1,1.0004293333333334,2.8397474354786683,1.0507466666666667,1.0887739788678787,1
4427,Colombia,Chile,4,0,1.5417908333333332,0.7460747358363881,0.7911125,1.557249675797676,1
4428,Iran,Qatar,4,1,1.4629982222222222,0.27043889776266566,2.4,1.4,1
4429,Japan,Australia,1,1,4.478251428571428,0.0,2.066666666666667,0.4,0
4430,Jordan,Oman,4,0,1.8599004444444445,1.0543306138643354,1.7455506666666667,0.906220099435547,1
4431,Kyrgyzstan,North Korea,1,0,1.449036,1.889431899577161,1.4143742857142858,1.156657160874723,1
4432,Palestine,Kuwait,2,2,0.585032,1.2358707131910316,0.5828235555555555,1.4275993699940754,0
4433,Saudi Arabia,Bahrain,0,0,1.385032,0.9718879656406801,1.343912,1.502755208897555,0
4434,South Korea,Iraq,3,2,2.3033973333333337,0.26666666666666666,1.5333333333333334,0.13333333333333333,1
4435,Uzbekistan,United Arab Emirates,1,0,1.677296,0.6568221390730931,1.8467906666666667,0.7254188700659259,1
4436,Peru,Uruguay,1,0,0.46229374999999995,0.807015264617349,1.7304683333333333,0.2901972706215404,1
4437,Chile,Brazil,1,2,1.0098319999999998,1.321288535522459,1.1279183333333334,0.8636455197740742,2
4439,Australia,China,3,1,2.2857142857142856,0.21428571428571427,0.8462685714285715,2.5666569484579016,1
4440,Bahrain,Indonesia,2,2,1.1541914285714285,1.3243805809616662,1.3007466666666667,0.7137739788678787,0
4441,Bolivia,Colombia,1,0,1.38321,1.4133025732462665,1.9792908333333332,0.5585747358363881,1
4442,Ecuador,Paraguay,0,0,1.0769225,0.5777450913628289,0.4756275,0.355140175775064,0
4443,Iraq,Palestine,1,0,1.8571428571428572,0.2857142857142857,0.62682,1.780304874774186,1
4444,Jordan,South Korea,0,2,2.2639657142857144,0.8762355575710633,2.2142857142857144,0.2857142857142857,2
4446,Oman,Kuwait,4,0,1.1559471428571428,1.113807249395229,0.7673109523809524,0.6724278964222236,1
4447,Qatar,Kyrgyzstan,3,1,2.2142857142857144,1.4285714285714286,1.4882085714285715,1.5023659805803236,1
4448,Saudi Arabia,Japan,0,2,1.6161285714285714,0.963240335262472,5.153846153846154,0.0,2
4450,United Arab Emirates,North Korea,1,1,1.9072757142857142,0.705805932213492,1.9077876923076924,1.16870771171124,0
4451,Uzbekistan,Iran,0,0,1.7971028571428571,0.7037380061497426,1.5674980952380952,0.2897559618885704,0
4452,Venezuela,Argentina,1,1,0.5843433333333332,1.1951896169930143,2.1068041666666666,0.630773244720765,0
4453,Paraguay,Brazil,1,0,0.254895,0.7301401757750641,1.6531075555555554,0.9589725323104454,1
4454,Bahrain,Japan,0,5,1.2429753846153846,0.38461538461538464,5.166666666666667,0.0,2
4455,Chile,Bolivia,1,2,0.8676771428571427,1.121147429544222,1.2149975,1.843141964430742,2
4456,China,Saudi Arabia,1,2,0.8461538461538461,2.431726147016674,1.7404461538461538,0.8065665148980468,2
4457,Colombia,Argentina,2,1,2.3534071111111112,0.5556788611357597,2.1629017777777775,0.3195407245363314,1
4458,Ecuador,Peru,1,0,1.2644225,0.7526846312265673,0.4931133333333333,0.6731426841802831,1
4459,Indonesia,Australia,0,0,1.6757466666666667,0.9730598709496334,2.769230769230769,0.23076923076923078,0
4460,Kuwait,Iraq,0,0,0.8263348717948719,0.7241531192239331,2.3076923076923075,0.3076923076923077,0
4461,Kyrgyzstan,Uzbekistan,2,3,1.3076923076923077,1.059884471472661,1.7045723076923076,0.4501793912381843,2
4462,North Korea,Qatar,2,2,1.75,0.7489692007131277,1.9230769230769231,1.0769230769230769,0
4463,Oman,South Korea,1,3,1.4615384615384615,0.5470331311523888,2.769230769230769,0.07692307692307693,2
4464,Palestine,Jordan,1,3,0.46153846153846156,1.1689400927943612,2.2073476923076925,0.7128690619996068,2
4465,United Arab Emirates,Iran,0,1,2.669373846153846,0.5463680709110996,2.0726902564102563,0.6197371897261527,2
4466,Venezuela,Uruguay,0,0,0.6292928205128204,1.2871272798386308,1.8458328888888889,0.30954375532964307,0
4467,Brazil,Ecuador,1,0,1.5428266666666666,1.1416180900211648,1.3487173333333333,0.7395123990201158,1
4468,Peru,Colombia,1,1,0.42857142857142855,0.6748221242114724,2.4505885714285713,0.38108449407402817,0
4469,Uruguay,Paraguay,0,0,2.406249523809524,0.3316540235674747,0.27188799999999996,0.7788161874934016,0
4470,Argentina,Chile,3,0,1.842714761904762,0.34236506200321226,0.9344215384615383,0.6542130979415994,1
4471,Australia,Bahrain,0,1,3.8333333333333335,0.0,1.5833333333333333,0.4166666666666667,2
4472,Bolivia,Venezuela,4,0,0.4959973333333333,2.084538018591881,1.1817338888888889,0.39438788649184997,1
4474,Iran,Kyrgyzstan,1,0,2.162081111111111,0.6713819555366655,2.25,1.0833333333333333,1
4475,Iraq,Oman,1,0,3.0833333333333335,0.3333333333333333,1.9166666666666667,0.3333333333333333,1
4476,Japan,China,7,0,3.909090909090909,0.0,1.5833333333333333,1.2212150436973417,1
4477,Jordan,Kuwait,1,1,3.30796,0.5222748171662407,0.8250516666666666,0.8590295637944072,0
4478,Qatar,United Arab Emirates,1,3,2.1666666666666665,0.5833333333333334,2.6666666666666665,0.3333333333333333,2
4479,Saudi Arabia,Indonesia,1,1,1.80215,0.7904470578062174,1.5976124444444444,0.8272386167731468,0
4480,South Korea,Palestine,0,0,3.5,0.08333333333333333,0.6666666666666666,1.266351767193891,0
4481,Uzbekistan,North Korea,1,0,2.09662,0.48769434050803295,1.9090909090909092,0.7007514206084242,1
4482,Dominican Republic,British Virgin Islands,4,0,0.0,1.0,0.0,3.0,1
4483,Puerto Rico,Anguilla,8,0,0.0,0.0,0.0,4.0,1
4484,Angola,Cameroon,1,1,0.3333333333333333,0.0,2.5520977777777776,0.6980013760140811,0
4485,Australia,Palestine,5,0,3.1818181818181817,0.0,1.6363636363636365,0.08634216594503805,1
4486,Cape Verde,Libya,1,0,1.0,1.3333333333333333,1.3333333333333333,0.6666666666666666,1
4487,Chad,Comoros,0,2,0.3333333333333333,2.3333333333333335,1.9659733333333334,1.3333333333333333,2
4488,Congo,Morocco,0,6,2.0,4.0,2.0,0.5,2
4489,Gabon,Gambia,3,2,1.3333333333333333,0.9911586744285155,2.3333333333333335,1.982317348857031,1
4490,Guyana,Belize,3,1,0.0,1.9491151017438082,0.0,4.0,1
4491,Indonesia,Philippines,2,0,1.711727619047619,0.8863270893998001,0.6363636363636364,2.788053111807848,1
4492,Iran,Uzbekistan,0,0,3.267724848484849,0.7324166787672713,2.650858181818182,0.5320301896451268,0
4493,Iraq,Vietnam,3,1,2.727272727272727,0.09090909090909091,1.0,1.730649415302456,1
4494,Japan,Syria,5,0,3.8,0.0,2.272727272727273,0.9557978222261615,1
4495,Kenya,Ivory Coast,0,0,2.3333333333333335,1.0,4.0,0.0,0
4496,Kuwait,Afghanistan,1,0,0.627329090909091,1.5012658735655888,0.6897594871794871,1.174930240378317,1
4497,Lebanon,Bangladesh,4,0,0.09090909090909091,1.9040945757548897,0.3076923076923077,2.5651484407800336,1
4498,Lesotho,Rwanda,0,1,1.0,0.4,0.6348355555555556,0.3333333333333333,2
4499,Madagascar,Mali,0,0,1.6666666666666667,0.7045616535994298,1.63264,1.4091233071988596,0
4500,Malaysia,Chinese Taipei,3,1,0.7272727272727273,1.6363636363636365,0.7692307692307693,2.6153846153846154,1
4501,Mauritius,Eswatini,2,1,0.3333333333333333,1.6666666666666667,0.0,1.3960027520281622,1
4502,North Korea,Myanmar,4,1,2.1,0.6708265626692667,0.6923076923076923,3.773469552150085,1
4503,Oman,Kyrgyzstan,1,1,2.1818181818181817,0.09090909090909091,2.5454545454545454,0.9090909090909091,0
4504,Qatar,India,2,1,2.3636363636363638,0.36363636363636365,0.36363636363636365,0.8275259019858452,1
4505,Saint Kitts and Nevis,Bahamas,1,0,0.0,4.0,1.0,7.0,1
4506,Saint Lucia,Aruba,2,2,0.8620666666666666,2.3200061866831647,0.0,2.3170138325725804,0
4507,Saudi Arabia,Jordan,1,2,1.8954836363636363,0.2727272727272727,3.6363636363636362,0.2824471929452686,2
4508,Seychelles,Burundi,1,3,0.3333333333333333,6.253761403189973,1.6666666666666667,1.6666666666666667,2
4509,South Africa,Zimbabwe,3,1,1.0,1.3333333333333333,0.3333333333333333,1.0,1
4510,South Korea,China,1,0,3.727272727272727,0.2727272727272727,2.090909090909091,1.4388445692894591,1
4511,South Sudan,Sudan,0,3,0.3333333333333333,1.5209324236324302,1.3276511111111111,0.3333333333333333,2
4512,Tajikistan,Pakistan,3,0,0.8884472727272726,1.6481544112107465,0.15384615384615385,4.009369058766134,1
4513,Thailand,Singapore,3,1,0.9257509090909092,1.5735600953396547,1.0,3.5771678670970593,1
4514,Turkmenistan,Hong Kong,0,0,0.535449696969697,2.8191354157734065,0.9598707692307692,2.634079437467004,0
4515,United Arab Emirates,Bahrain,1,1,3.0,0.2727272727272727,2.3636363636363638,0.18181818181818182,0
4516,Yemen,Nepal,2,2,0.6923076923076923,1.3846153846153846,0.15384615384615385,3.3076923076923075,0
4517,Zambia,Tanzania,0,1,2.056688888888889,1.9031014377148499,0.3333333333333333,0.5697681043815168,2
4518,Benin,Nigeria,2,1,0.6507511111111112,0.7000938125708845,0.9840844444444445,1.016713572952109,1
4519,Bermuda,Honduras,1,6,1.0,1.0,3.0,1.0,2
4520,Burkina Faso,Sierra Leone,2,2,1.6805266666666665,0.9733865857639356,0.6666666666666666,0.9733865857639356,0
4521,Equatorial Guinea,Malawi,1,0,0.0,1.0,1.3333333333333333,0.6666666666666666,1
4522,Ghana,Central Africa,4,3,1.0,0.6666666666666666,1.3333333333333333,1.6666666666666667,1
4523,Guinea,Mozambique,0,1,1.3649022222222222,0.9849292078021001,1.6666666666666667,1.636525082270867,2
4524,Guinea Bissau,Egypt,1,1,0.6666666666666666,0.3333333333333333,3.3333333333333335,0.3333333333333333,0
4525,Montserrat,Panama,1,3,1.0,4.0,2.0,0.0,2
4526,Somalia,Botswana,1,3,0.6824511111111111,1.9547876234063,1.0,1.3333333333333333,2
4527,Uganda,Algeria,1,2,1.0,0.6666666666666666,2.0,1.0,2
4529,Barbados,Haiti,1,3,0.86318,4.634027665145161,2.0,1.0,2
4531,D.R. Congo,Togo,1,0,1.0409044444444444,0.6302331059081075,0.6666666666666666,0.6666666666666666,1
4532,Djibouti,Ethiopia,1,1,0.3333333333333333,2.920159757291807,0.0,1.0,0
4533,Dominica,Jamaica,2,3,0.0,6.0,1.0,0.0,2
4534,Grenada,Costa Rica,0,3,1.0,2.5,2.0,0.0,2
4535,Mauritania,Senegal,0,1,0.0,1.3448948633257145,1.6609844444444444,0.33911409832952394,2
4536,Namibia,Tunisia,0,0,1.3333333333333333,0.6666666666666666,2.0,0.0,0
4537,Saint Vincent and the Grenadines,El Salvador,1,3,1.0,4.0,0.0,0.0,2
4538,Sao Tome and Principe,Liberia,0,1,0.3333333333333333,3.0,0.5,1.0,2
4542,Cameroon,Cape Verde,4,1,2.0,0.5,1.0,0.0,1
4544,Gambia,Seychelles,5,1,1.0,2.473476023285546,0.0,6.880642104784958,1
4545,Angola,Eswatini,1,0,0.0,0.0,0.0,1.5940041280422432,1
4549,Ivory Coast,Gabon,1,0,5.5,0.0,2.0,1.0,1
4550,Kenya,Burundi,1,1,3.0,1.0,2.0,2.0,0
4551,Madagascar,Comoros,2,1,1.5,0.5568424803991446,2.44896,1.0,1
4552,Morocco,Zambia,2,1,2.0,0.0,2.5,2.0,1
4553,Mozambique,Somalia,2,1,1.5,1.9547876234063004,0.5236766666666667,1.9321814351094504,1
4554,Nigeria,South Africa,1,1,1.0,1.0,1.0,1.5,0
4556,Uganda,Botswana,1,0,1.0,1.0,1.5,1.5,1
4557,Zimbabwe,Lesotho,0,2,0.5,0.5,0.6666666666666666,0.6666666666666666,2
4558,Afghanistan,Qatar,0,0,0.7472394444444443,1.9395077604098434,3.2,0.4,0
4559,Algeria,Guinea,1,2,2.5,0.5,1.0,1.0,2
4560,Bahrain,Yemen,0,0,2.6,0.6,1.0833333333333333,1.5,0
4561,Bangladesh,Australia,0,2,0.5,2.4706955648139943,3.1,0.0,2
4562,Benin,Rwanda,1,0,0.47612666666666675,1.0501407188563268,0.9522533333333335,0.0,1
4563,China,Thailand,1,1,2.0,1.848187078655215,1.318326,1.63091610487362,0
4564,Chinese Taipei,Oman,0,3,0.8333333333333334,2.25,1.5,0.3,2
4566,Egypt,Burkina Faso,2,1,4.0,0.0,2.0,0.5,1
4568,Guinea Bissau,Ethiopia,0,0,1.0,0.5,0.0,1.5,0
4570,Hong Kong,Iran,2,4,0.8333333333333334,2.2607533475410566,2.783492,0.6169750399319955,2
4571,India,Kuwait,0,0,0.4,1.5308354765532886,1.490062,1.6513924609221475,0
4572,Indonesia,Iraq,0,2,1.9972451282051282,0.4758244493565455,2.6,0.1,2
4574,Jordan,Tajikistan,3,0,3.1,0.7320757367193865,2.177292,1.04016514828063,1
4575,Kyrgyzstan,Malaysia,1,1,2.7,0.7,0.7,1.5,0
4576,Libya,Mauritius,2,1,1.0,0.5,0.0,1.5,1
4577,Malawi,Sao Tome and Principe,3,1,0.5,0.5,0.0,3.0,1
4578,Mali,Ghana,1,2,2.0,1.0,0.5,0.5,2
4579,Mauritania,Sudan,0,2,0.0,1.0173422949885718,0.9914766666666667,0.5,2
4580,Myanmar,Japan,0,5,0.9166666666666666,3.959481337040648,3.6666666666666665,0.0,2
4581,Nepal,United Arab Emirates,0,4,0.16666666666666666,2.9166666666666665,2.5,0.3,2
4583,North Korea,Syria,1,0,2.0,0.9675850696325186,2.5,1.6541328133463327,1
4584,Pakistan,Saudi Arabia,0,3,0.3333333333333333,4.553388476097412,1.555096,0.3,2
4585,Palestine,Lebanon,0,0,1.8,0.28492914761862553,0.3,2.294504033330379,0
4586,Senegal,D.R. Congo,1,1,2.0,0.0,1.0,0.5,0
4587,Singapore,South Korea,0,7,1.25,2.7260125364144514,2.6,0.3,2
4589,Uzbekistan,Turkmenistan,3,1,2.447832,0.6556996258289186,0.6972486666666666,2.5755863974527538,1
4590,Vietnam,Philippines,3,2,0.2,1.5111430704981055,0.3,2.3668584229886327,1
4592,Central Africa,Chad,1,0,1.5,2.5,0.5,3.0,1
4593,Namibia,Liberia,1,1,1.5,0.5,0.0,1.0,0
4594,Sierra Leone,Djibouti,2,1,0.0,0.9600798786459034,0.0,3.3802396359377105,1
4596,Togo,South Sudan,1,1,0.5,0.5,0.0,1.7813986354486453,0
4598,Bahrain,Nepal,3,0,2.3333333333333335,0.6666666666666666,0.18181818181818182,3.090909090909091,1
4599,Bangladesh,Palestine,0,1,0.5454545454545454,3.631367303027617,1.6666666666666667,0.3165879417984728,2
4600,China,Singapore,4,1,1.3333333333333333,1.9424300873946834,1.0909090909090908,2.739677391901841,1
4601,India,Afghanistan,1,2,0.3333333333333333,1.034261640614765,0.44551090909090907,3.3474799431594873,2
4602,Jordan,Pakistan,7,0,1.3333333333333333,1.035639707465985,0.36363636363636365,3.669960161354513,1
4603,Kuwait,Qatar,1,2,1.3333333333333333,1.3675949739480986,4.666666666666667,0.3333333333333333,2
4604,Kyrgyzstan,Chinese Taipei,5,1,2.0,1.3333333333333333,0.6363636363636364,1.6363636363636365,1
4605,Lebanon,Australia,0,5,0.3333333333333333,0.966509216930279,3.3333333333333335,0.0,2
4606,Malaysia,Oman,0,2,1.6666666666666667,1.6666666666666667,1.6666666666666667,0.3333333333333333,2
4607,Philippines,Iraq,0,5,0.3333333333333333,1.3457145227756728,2.3333333333333335,0.3333333333333333,2
4608,Syria,Myanmar,7,0,0.6666666666666666,1.837925348162592,1.0,3.2310298303148475,1
4609,Tajikistan,Saudi Arabia,1,1,2.308386666666667,1.0447845589371374,2.28344,0.0,0
4610,Thailand,South Korea,0,3,1.687028888888889,1.3141433624648944,3.0,0.3333333333333333,2
4611,Turkmenistan,Iran,0,1,0.9908288888888889,3.2385684716336556,3.648324444444444,0.6855278221466617,2
4612,Uzbekistan,Hong Kong,3,0,2.38648,0.9507773620321317,0.9090909090909091,2.2985220832634843,1
4613,Vietnam,Indonesia,0,3,0.6666666666666666,0.6790478561090061,1.8993236363636363,1.6870139568095703,2
4614,Yemen,United Arab Emirates,0,3,1.1818181818181819,1.1818181818181819,2.6666666666666665,0.3333333333333333,2
4615,Afghanistan,India,0,0,0.690062,3.682227937475436,0.5,1.5513924609221477,0
4616,Australia,Lebanon,2,0,4.0,0.0,0.5,0.5,1
4617,Chinese Taipei,Kyrgyzstan,0,2,1.3,1.2,2.0,2.0,2
4618,Hong Kong,Uzbekistan,0,2,1.0,2.311399251657837,2.57972,1.4261660430481975,2
4619,Indonesia,Vietnam,1,0,2.989256,1.8557153524905274,1.0,0.5185717841635091,1
4620,Iran,Turkmenistan,5,0,2.9724866666666667,1.0282917332199926,1.4862433333333334,2.5424375998299893,1
4621,Iraq,Philippines,1,0,3.0,0.5,0.5,1.5,1
4622,Japan,North Korea,1,0,5.0,0.0,3.0,1.0,1
4623,Myanmar,Syria,1,1,0.8,3.2541328133463323,0.5,2.256888022243888,0
4624,Nepal,Bahrain,0,5,0.4,1.9,1.0,1.0,2
4625,Oman,Malaysia,2,0,1.5,0.5,2.5,1.5,1
4626,Pakistan,Jordan,0,3,0.6,3.064151473438773,0.5,1.5534595611989774,2
4627,Palestine,Bangladesh,5,0,0.0,0.47488191269770924,1.0,2.6945040333303787,1
4628,Qatar,Kuwait,3,0,5.5,0.5,2.0,0.5,1
4629,Saudi Arabia,Tajikistan,1,0,2.92516,0.0,3.4625800000000004,1.0404470578062173,1
4630,Singapore,China,2,2,0.8,2.413645131092025,1.0,1.913645131092025,0
4631,South Korea,Thailand,1,1,4.0,0.0,2.0,1.5,0
4632,United Arab Emirates,Yemen,2,1,3.0,0.0,1.2,0.9,1
4633,Brazil,Argentina,0,1,1.1269727272727272,1.3344176046929255,1.1887618181818183,0.4890302367395376,2
4634,Peru,Venezuela,1,1,0.0,1.603967299112715,1.230480606060606,0.31195850586765234,0
4635,Afghanistan,Kuwait,0,4,0.9889577777777778,2.7580310416393736,0.0,1.0,2
4636,Bahrain,United Arab Emirates,0,2,2.0,0.0,4.0,0.0,2
4637,Bangladesh,Lebanon,1,1,1.0,2.8827822592559764,0.0,0.0,0
4638,Botswana,Guinea,1,0,2.0,3.0,2.0,1.0,1
4639,China,South Korea,0,3,2.0,1.0,5.0,0.0,2
4640,Chinese Taipei,Malaysia,0,1,2.3333333333333335,1.0,4.0,3.0,2
4641,Comoros,Ghana,1,0,4.0,2.0,1.0,0.0,1
4642,Ecuador,Chile,1,0,0.7482509090909091,0.4268716428947544,0.6468527272727272,1.062696936551587,1
4643,Eswatini,Cape Verde,0,2,0.0,1.0,0.0,0.0,2
4644,Ethiopia,Burkina Faso,0,3,0.0,0.0,1.0,1.0,2
4645,Hong Kong,Turkmenistan,2,2,1.3333333333333333,1.9015547240642634,0.9724866666666667,3.084875199659978,0
4646,India,Qatar,0,3,1.0,0.0,8.0,1.0,2
4647,Jordan,Saudi Arabia,0,2,1.0,1.0,4.0,0.0,2
4648,Kyrgyzstan,Oman,1,0,3.0,4.0,3.0,0.0,1
4649,Lesotho,Benin,0,0,1.0,1.0,0.9522533333333335,2.1002814377126535,0
4650,Libya,Cameroon,1,1,1.0,0.0,3.0,0.0,0
4651,Malawi,Tunisia,0,1,1.0,0.0,4.0,0.0,2
4652,Mauritius,Angola,0,0,0.0,3.0,0.0,0.0,0
4653,Myanmar,North Korea,1,6,1.6666666666666667,1.837925348162592,0.0,1.0,2
4654,Nepal,Yemen,0,2,0.6666666666666666,1.6666666666666667,1.3333333333333333,1.0,2
4655,Niger,Zambia,2,1,0.0,1.0,4.0,2.0,1
4656,Pakistan,Tajikistan,1,6,0.3333333333333333,1.4046127482653032,0.92516,1.0808941156124345,2
4657,Palestine,Australia,0,1,0.0,0.0,7.0,0.0,2
4658,Paraguay,Colombia,0,1,0.2727272727272727,0.30882708304176715,1.341429090909091,0.7206969085543525,2
4659,Philippines,Indonesia,1,1,0.0,2.0,4.321395555555556,1.728572613878364,0
4660,Rwanda,South Africa,2,0,0.0,0.0,2.0,1.0,1
4662,Singapore,Thailand,1,3,1.0,1.9040501456578056,1.0,2.0,2
4663,Somalia,Uganda,0,1,1.0473533333333334,2.864362870218901,1.0,2.0,2
4664,South Sudan,Mauritania,0,0,0.0,3.5627972708972906,0.0,2.0346845899771435,0
4665,Syria,Japan,0,5,1.0,0.0,5.0,0.0,2
4667,Togo,Senegal,0,0,1.0,1.0,4.0,0.0,0
4668,Uruguay,Bolivia,3,0,2.311963636363636,0.7432724571154083,0.9431163636363635,1.3876242000102048,1
4669,Uzbekistan,Iran,2,2,3.0,1.0,4.0,0.0,0
4670,Vietnam,Iraq,0,1,2.0,0.0,5.0,1.0,2
4671,Chad,Madagascar,0,3,1.0,3.0,0.0,1.1136849607982893,2
4672,Djibouti,Guinea Bissau,0,1,0.0,5.760479271875421,1.0,1.0,2
4673,Gambia,Ivory Coast,0,2,2.0,3.0,9.0,0.0,2
4674,Mali,Central Africa,1,1,3.0,1.0,2.0,4.0,0
4675,Seychelles,Kenya,0,5,0.0,8.761284209569919,1.0,2.0,2
4676,Burundi,Gabon,1,2,3.0,2.0,2.0,1.0,2
4677,Mozambique,Algeria,0,2,3.0,2.0,3.0,1.0,2
4678,Sierra Leone,Egypt,0,2,0.0,0.0,6.0,0.0,2
4679,Sudan,D.R. Congo,1,0,1.0,1.0,2.0,0.0,1
4680,Zimbabwe,Nigeria,1,1,0.0,0.0,1.0,1.0,0
4684,Argentina,Uruguay,0,2,1.907638,0.0,2.005388,1.192946898983394,2
4687,Chile,Paraguay,0,0,0.711538,1.1689666302067456,0.3,0.5397097913459439,0
4688,Colombia,Brazil,2,1,0.769228,0.5379332604134913,1.1,0.9379332604134912,1
4700,Bolivia,Peru,2,0,0.437428,2.0058062027031127,0.0,1.3342529216881842,1
4724,Venezuela,Ecuador,0,0,1.554242,0.3431543564544176,1.269228,0.648869893988727,0
4729,Ecuador,Colombia,0,0,1.4102533333333334,0.8985293572807661,1.07692,0.597703622681657,0
4730,Peru,Argentina,0,2,0.0,0.9498148211069961,1.6897488888888887,0.0,2
4731,Uruguay,Brazil,2,0,2.1100488888888886,1.5477187766482154,2.3333333333333335,0.6666666666666666,1
4732,Bangladesh,Maldives,2,1,1.0,1.0,1.0,1.0,1
4733,Bhutan,Hong Kong,2,0,0.0,4.0,4.0,0.0,1
4734,Brunei,Indonesia,0,6,0.0,6.0,6.0,0.0,2
4735,Guam,Singapore,0,1,1.0,2.0,2.0,1.0,2
4736,Laos,Nepal,0,1,1.0,1.0,1.0,1.0,2
4737,Macau,Myanmar,0,0,1.0,5.0,5.0,1.0,0
4738,Mongolia,Afghanistan,0,1,0.0,1.0,1.0,0.0,2
4739,Pakistan,Cambodia,1,0,0.0,0.0,0.0,0.0,1
4740,Paraguay,Bolivia,1,0,0.0,0.5996775459399376,0.74764,2.8403520702822016,1
4741,Sri Lanka,Yemen,1,1,0.0,3.0,3.0,0.0,0
4742,Timor-Leste,Chinese Taipei,0,3,0.0,4.0,4.0,0.0,2
4743,Venezuela,Chile,3,0,0.7269355555555554,0.5775515459673998,1.03846,0.8965554340224856,1
4744,Argentina,Paraguay,1,0,2.0328399999999998,0.0,0.0,0.5,1
4745,Bolivia,Ecuador,1,2,0.5886199999999999,3.32216011503219,1.11538,0.8477940359211491,2
4746,Brazil,Venezuela,1,1,3.0,0.5,0.5017833333333332,0.44160508729060566,0
4747,Chile,Peru,2,0,0.55769,1.3448331510337284,0.0,0.4247222316604941,1
4751,Colombia,Uruguay,2,2,0.5,0.0,2.0328399999999998,1.438367990391112,0
4759,Chile,Colombia,0,0,1.11538,2.6896663020674567,1.0,0.0,0
4760,Peru,Brazil,0,1,0.0,0.0,5.0,1.0,2
4761,Bolivia,Argentina,0,3,1.1772399999999998,4.247222316604941,1.06568,0.0,2
4762,Ecuador,Uruguay,2,1,0.0,0.7990326378198128,3.0,1.0,1
4763,Venezuela,Paraguay,1,0,0.0,0.8832101745812113,0.0,0.0,1
4769,Mexico,Japan,0,0,1.11816,2.0448517086843023,2.6219625,0.29994095634885465,0
4770,Mexico,South Korea,2,2,0.806344,1.840366537815872,2.38363,0.44719882826665447,0
4771,Mexico,Colombia,0,4,1.3118145454545456,1.5350729482133578,2.5106045833333335,1.2323070719392155,2
4772,Mexico,Ecuador,1,1,0.8100833333333334,1.8656381454496287,0.8893270833333333,0.23078922410440217,0
4773,Mexico,Uruguay,0,0,0.9936953846153845,1.9386739781976061,1.22337125,0.4004868417981681,0
4774,Mexico,Paraguay,1,2,0.6195495238095238,1.5309315262135819,1.1462945833333333,0.7375095388527558,2
4775,Panama,Mexico,0,1,1.9375,0.7497778755771083,0.7789595555555555,1.3564024017161904,2
4776,Bolivia,Mexico,0,1,0.8544429166666666,1.468090711136356,0.7894595833333333,1.1543312528100393,2
4777,Mexico,Iceland,4,0,0.9144595833333332,1.1543312528100396,1.7106152380952382,1.4883073180624307,1
4778,Mexico,Portugal,0,0,1.53901375,0.6810808919959846,3.3428831111111115,1.3832935829926856,0
4779,USA,South Korea,0,2,1.1547366666666665,2.6327476681135225,2.0814675,0.5823105927182088,2
4780,USA,Japan,2,0,0.7698244444444443,2.3834518370054707,2.1844625,0.2999409563488546,1
4781,USA,Ecuador,1,1,1.1310273333333334,1.2618964787237121,0.6804233333333334,0.0625,0
4782,USA,Australia,2,1,1.10480303030303,1.2486527119789528,1.5778350000000003,0.5039458682809055,1
4783,USA,Paraguay,2,1,1.5391827777777776,1.0678959131980001,0.9373908333333334,0.507111648559075,1
4784,USA,Uruguay,5,1,1.5431317948717949,1.2156991527751695,0.97337125,0.3379868417981681,1
4785,USA,Slovenia,0,1,2.475718095238095,1.1869299505258881,0.5737595238095238,1.1210537021285834,2
4786,Panama,USA,1,0,1.625,0.7289465175758283,2.0298986666666665,1.1811661104381064,1
4787,USA,Belgium,2,5,1.07919625,1.1381415648226283,3.625,0.8125,2
4788,USA,Portugal,0,2,1.44117875,1.7672018506552214,2.883952916666667,1.0468377340556427,2
4789,Romania,Canada,0,3,2.0162333333333335,0.8096212326598172,0.0,1.7107956910759194,2
4790,Wales,Canada,0,1,2.0348800000000002,1.2562713253318452,1.0,1.1405304607172797,2
4791,Canada,Australia,0,1,1.2,0.3421591382151839,1.6329000000000002,0.5664458682809055,2
4792,Canada,Colombia,0,0,1.0909090909090908,0.5700802598489176,3.1979054166666665,1.0699279922117388,0
4793,Canada,Ecuador,0,0,0.5,0.5225735715281745,1.1002620833333334,0.39745786610312217,0
4794,Venezuela,Canada,0,2,1.23050625,2.3741571617103454,0.3076923076923077,0.4823756044875457,2
4795,Canada,Guatemala,1,0,0.7142857142857143,0.31223965768194695,1.7771412500000001,1.4338566287498933,1
4796,Canada,USA,2,1,0.8666666666666667,0.2914236805031505,1.6521383333333333,1.1655170181699903,1
4797,Canada,Iceland,2,2,1.2303074999999999,0.44149892457610573,1.2640053333333332,1.8863826670287343,0
4798,Canada,Tunisia,0,0,1.3553074999999999,0.6026494631916158,2.625,0.0,0
4799,Scotland,Curacao,4,1,2.357142857142857,1.5,2.7068958333333333,0.4475001933338489,1
4801,Ecuador,Saudi Arabia,2,1,0.6938229166666666,0.39745786610312217,0.9474175,0.9690058356354763,1
4802,South Korea,Trinidad & Tobago,5,0,2.376953333333333,0.7180361122640945,1.91184625,1.3422200468036793,1
4803,Mexico,Australia,1,0,1.2635954166666665,0.5218100551232994,1.6482737500000002,0.8405243164897098,1
4806,Lesotho,Namibia,1,1,0.5,0.5,2.0,0.0,0
4809,Indonesia,Tanzania,0,0,2.330348888888889,0.6821431534695911,0.5,0.8546521565722752,0
4828,Mexico,Uruguay,0,4,1.0,0.0,1.9379774358974358,0.35716587153420354,2
4831,Cambodia,Mongolia,2,0,0.0,0.5,0.0,1.0,1
4836,Romania,Liechtenstein,0,0,0.0,0.0,0.0,3.0,0
4840,Scotland,Finland,2,2,2.0,0.0,2.357133333333333,3.39395310688124,0
4841,Peru,Paraguay,0,0,0.25,1.3869700241866554,0.25,0.37072193013028726,0
4842,Brunei,Sri Lanka,1,0,0.0,6.0,0.5,2.0,1
4843,Slovenia,Bulgaria,1,1,2.0,1.0,0.0,0.0,0
4844,Sweden,Serbia,0,3,1.0,2.0,1.0649333333333333,1.878051834230625,2
4845,Switzerland,Austria,1,1,4.0,0.0,2.0,1.0,0
4848,Portugal,Croatia,1,2,4.0,2.0,3.0,0.0,2
4849,Denmark,Norway,3,1,2.013053333333333,0.993515654494996,3.0,0.0,1
4850,Belgium,Luxembourg,3,0,2.0,0.0,0.0,2.405516651520821,1
4853,Mexico,Brazil,2,3,0.5,1.7931108680449712,0.8663916666666666,1.2563076304234684,2
4854,Italy,Bosnia & Herzegovina,1,0,0.0,0.0,0.0,2.461679850329865,1
4855,Slovakia,Wales,4,0,4.0,0.0,0.0,0.0,1
4857,France,Canada,0,0,3.0,0.0,0.0,3.421591382151839,0
4858,Argentina,Ecuador,1,0,1.2167472222222222,0.4482777170112428,0.6025633333333333,0.22463233932019153,1
4859,Czech Republic,FYR Macedonia,2,1,7.0,1.0,0.0,2.624105617335425,1
4860,Poland,Türkiye,2,1,3.0,1.0,0.0,0.0,1
4861,Netherlands,Iceland,4,0,4.158613333333333,0.0,1.21868,0.0,1
4862,Mongolia,Cambodia,2,1,0.0,1.3333333333333333,0.6666666666666666,0.3333333333333333,1
4863,Brunei,Sri Lanka,1,0,0.3333333333333333,4.0,0.3333333333333333,1.6666666666666667,1
4864,Azerbaijan,Kazakhstan,3,2,1.0,3.0,1.0,2.0,1
4865,Belarus,Israel,0,4,0.0,4.0,0.0,3.0,2
4866,Malta,Greece,0,2,1.0,7.0,1.15718,1.728339584161496,2
4867,Moldova,Ukraine,0,4,3.0,2.0,0.5,1.5,2
4868,San Marino,Cyprus,1,4,0.0,4.0,2.0,3.0,2
4869,Portugal,Rep. Of Ireland,3,0,2.571623333333333,1.8747018724451419,2.0,1.0,1
4870,Northern Ireland,Andorra,2,0,1.2498066666666667,4.000618762368579,0.0,4.000618762368579,1
4871,Chile,Paraguay,3,0,0.259615,1.2087308561033994,0.07692307692307693,0.3422048585818036,1
4872,USA,Brazil,1,1,1.1322333333333332,4.416050872906056,1.5785830769230769,1.2940666440731323,0
4873,Ecuador,Bolivia,3,1,0.5562123076923077,0.3917450757924413,0.6340707692307692,1.5579384152509403,1
4874,Argentina,Guatemala,4,1,1.061385128205128,0.41379481570268567,3.3333333333333335,0.3333333333333333,1
4875,El Salvador,Peru,0,1,1.5,0.5,0.23076923076923078,1.0344238260738934,2
4876,Colombia,Bolivia,3,0,2.3090153846153845,0.5410824495137209,0.5314257142857143,2.0498936651273025,1
4877,Ecuador,Honduras,2,1,1.15934,0.5780489989501241,4.5,1.0,1
4878,Panama,Paraguay,0,1,2.5,0.5,0.07142857142857142,0.9606187972545319,2
4879,Egypt,Russia,1,0,1.75,0.125,4.0,0.0,1
4880,Rep. Of Ireland,Qatar,1,0,1.0,1.7727324150804649,1.2548062500000001,1.7509920773507943,1
4881,Bosnia & Herzegovina,North Macedonia,0,0,1.5787333333333333,0.9184455990985352,1.1440995555555555,2.5240640401628553,0
4882,Iran,Gambia,3,1,1.7939008333333333,0.8941748101111885,3.1875,1.62002675436604,1
4883,South Africa,Nicaragua,0,0,1.5333333333333334,0.5333333333333333,1.1875,1.8352312807931221,0
4884,Andorra,Iraq,0,1,0.5625,2.091393663293653,1.3078224999999999,0.9303037609243354,2
4885,Japan,Iceland,1,0,1.8719625,0.5177989263832317,1.324875,2.1291809058015154,1
4886,Singapore,Mongolia,4,0,0.8571428571428571,3.6787987337329833,0.6,1.3,1
4887,Switzerland,Jordan,4,1,2.082593333333333,0.49425520575716436,1.51145375,0.7389738213721545,1
4888,Czech Republic,Kosovo,2,1,2.446452916666667,1.0233443351391067,1.3546466666666666,1.4242269978061404,1
4889,Cape Verde,Serbia,3,0,1.875,0.875,1.4427820833333334,1.1190132053400081,1
4890,Poland,Ukraine,0,2,2.023578333333333,1.4157772863456803,1.3762237499999999,1.7604615790136746,2
4891,Germany,Finland,4,0,2.5714285714285716,0.2857142857142857,1.0225991666666667,1.8353174690710912,1
4892,USA,Senegal,3,2,1.44117875,1.8457614996420144,2.864345833333333,0.44508725405750016,1
4893,Brazil,Panama,6,2,1.47762875,0.6234935099926843,1.45890375,0.41666864199872,1
4894,Norway,Sweden,3,1,4.1875,0.75,1.5687525,1.7158966946656484,1
4895,Austria,Tunisia,1,0,1.9202566666666665,0.6396409380840915,2.25,0.0,1
4896,Türkiye,North Macedonia,4,0,0.5,1.0,0.9475933333333333,2.241310037652677,1
4897,Brazil,Panama,6,2,2.3815529166666667,0.9264525915696483,1.40036875,1.3722936632348317,1
4898,Colombia,Costa Rica,3,1,2.5729054166666665,1.069927992211739,2.0366375,0.7475011600030934,1
4899,Canada,Uzbekistan,2,0,1.2303074999999999,0.6026494631916158,1.5071204166666665,0.6662363237583426,1
4900,Croatia,Belgium,0,2,3.0848208333333336,0.6780305172950194,4.04451875,0.8990784482088043,2
4901,Georgia,Romania,1,1,1.0769230769230769,2.5539794257409247,2.181519166666667,1.5360388731366612,0
4902,Morocco,Madagascar,4,0,2.7142857142857144,0.14285714285714285,1.8125,1.5284212401995723,1
4903,Wales,Ghana,1,1,2.536369166666667,1.0058401105282915,2.3125,0.375,0
4904,Haiti,New Zealand,4,0,1.61644875,1.2370334113394656,5.909090909090909,0.09090909090909091,1
4905,Philippines,Guam,5,1,0.5833333333333334,2.882858091102691,0.5,1.5,1
4906,Gibraltar,British Virgin Islands,4,0,0.3125,3.1244241574904406,0.0,2.7,1
4907,Albania,Israel,0,1,0.9375,0.9102799750549775,1.9375,2.5625,2
4908,D.R. Congo,Denmark,0,0,1.1403391666666667,0.4170061220733105,2.501650833333333,1.247928438677732,0
4909,Luxembourg,Italy,0,1,0.07142857142857142,1.9021497414040571,1.9859025,1.4527436167298626,2
4910,Netherlands,Algeria,0,1,3.3224133333333334,0.375,2.125,0.625,2
4911,Poland,Nigeria,2,2,1.5860783333333333,1.5407772863456803,1.6783354166666666,0.7595192701673981,0
4912,Panama,Dominican Republic,4,2,1.65433375,2.2168062564717967,3.3,1.3,1
4913,South Korea,El Salvador,1,0,2.698808333333333,0.7180361122640945,0.5625,1.8590984692949402,1
4914,Maldives,Pakistan,0,3,1.0,1.5,0.14285714285714285,3.902602362163224,2
4915,Cambodia,Bhutan,4,0,0.9,0.9,1.0,2.0,1
4916,Lesotho,Kenya,1,1,0.6875,1.5719013847855612,1.875,1.23508026309812,0
4917,Northern Ireland,Guinea,1,0,0.8271324444444444,1.1638198620461047,1.1934191666666667,0.8721742264628938,1
4918,Slovenia,Cyprus,1,1,0.7583395555555554,1.0463167886533447,1.7796058333333333,1.4514734833509162,0
4919,Iran,Mali,2,0,2.0507791666666666,0.8246018768061903,1.80612,0.6605265502494654,1
4920,Andorra,Liechtenstein,2,0,0.3125,1.7858194097069324,0.0,3.3903710166222796,1
4921,Sweden,Greece,2,2,1.5687525,2.0283966946656484,1.512817619047619,1.6934531505302168,0
4922,Spain,Iraq,1,1,3.642857142857143,0.5,1.3078224999999999,0.8053037609243354,0
4923,France,Ivory Coast,1,2,2.642857142857143,0.7142857142857143,2.8125,0.0,2
4925,Mexico,Serbia,5,1,1.3360129166666668,0.5218100551232994,1.0012237499999999,1.4920122877243558,1
4926,Singapore,China,1,2,1.4666666666666666,2.900212151484118,0.5693666666666667,1.545987825070703,2
4927,USA,Paraguay,3,0,1.8042833333333332,1.9393089734805842,1.4431645833333333,0.8416781808514757,1
4928,Brazil,Egypt,3,1,2.910922916666667,1.2919116731466125,1.5625,0.125,1
4929,Argentina,Venezuela,3,1,1.7640379166666666,0.581691936044089,1.1522866666666665,2.460775918803063,1
4930,Germany,Austria,2,0,3.066666666666667,0.26666666666666666,1.9827566666666665,0.45214093808409156,1
4931,England,Denmark,1,1,2.6734025,0.0625,2.125278333333333,0.6869445700905983,0
4932,Japan,South Africa,2,0,1.1908058333333333,0.5177989263832317,1.3125,0.375,1
4933,Switzerland,Tunisia,2,0,2.6838817777777773,0.6774836818291736,1.4375,0.17606735945912108,1
4934,Portugal,Senegal,2,0,3.0517604166666668,0.6718377340556427,2.6635458333333335,0.6956193526235637,1
4935,Netherlands,Uruguay,2,1,2.5625,0.5540226793886813,0.807275,1.179432962320179,1
4936,Benin,Azerbaijan,1,2,1.3720158333333332,1.2000351797140816,0.8386714285714286,2.3301476147202345,2
4937,San Marino,Liberia,1,3,0.3125,5.468498512906384,1.4666666666666666,1.2666666666666666,2
4938,Saudi Arabia,Senegal,0,0,1.0156208333333334,0.9706084745710943,2.0385458333333335,1.0138024563936798,0
4939,Iraq,Venezuela,0,2,1.16716125,0.7053269645131571,1.3242224999999999,2.4860387872400613,2
4940,Argentina,Iceland,3,0,2.1225087499999997,0.5962906642214376,1.2487075,2.048447507469807,1
4941,Morocco,Cape Verde,2,1,2.6666666666666665,0.13333333333333333,2.3125,0.875,1
4942,Colombia,Costa Rica,2,0,2.2459829166666667,0.7143238483325229,1.4989312499999998,1.1193068832050248,1
4943,Haiti,New Zealand,2,1,2.12923875,0.7995334113394656,4.083333333333333,1.2433364266749158,1
4944,Canada,Uzbekistan,1,0,1.1289516666666666,0.49045664712201437,1.1746904166666665,0.7953919684583703,1
4945,Afghanistan,Pakistan,0,2,0.6404909523809523,1.30529236606558,0.7333333333333333,2.6335943634474033,2
4946,Liechtenstein,Cyprus,0,2,0.0,3.0778710166222796,1.6109025000000001,1.1811486610444326,2
4947,Kenya,Lesotho,4,0,1.375,1.29758026309812,0.8125,1.1969013847855612,1
4948,Oman,Mozambique,4,1,0.8163179166666666,1.1591145290630465,1.3779595833333333,1.2927195852402564,1
4949,Kosovo,Andorra,3,0,1.3199762499999999,1.5965805788880405,0.5625,1.2858194097069324,1
4950,Croatia,Slovenia,2,1,2.5223208333333336,1.0008907432110816,0.8984433333333333,0.9184219893625105,1
4951,Morocco,Norway,1,1,2.5927775,0.3301257740079206,3.94117125,0.9362841852178118,0
4952,Greece,Italy,0,1,1.6812404444444444,1.5779625356262008,2.0484025,0.7652436167298626,2
4953,Ecuador,Guatemala,3,0,0.8397591666666666,0.482788717758329,1.3181125,1.6093436709493,1
4954,Colombia,Jordan,2,0,2.0584895833333334,0.6556758489330785,1.5225754166666667,1.2404634497791163,1
4955,Denmark,Ukraine,2,1,1.6662808333333334,0.7782995607362149,1.7512237499999999,1.359542137093538,1
4956,Netherlands,Uzbekistan,3,0,2.6057675,0.5971268232678973,0.9871904166666666,0.8507405461894089,1
4957,France,Northern Ireland,2,0,2.405449333333333,0.7893904093142186,0.9629366666666667,0.9660811206682232,1
4958,Spain,Peru,3,1,3.059504,0.6740953803320704,0.25721125,1.0784467140629586,1
4959,Equatorial Guinea,Comoros,2,1,1.2307692307692308,1.0769230769230769,1.11862,1.2088159301496793,1
4960,Tanzania,Rwanda,1,1,0.35714285714285715,0.8870434733063642,0.43153166666666665,1.0907041543566838,0
4961,Pakistan,Afghanistan,2,0,1.0625,2.0739473802823243,0.33112488888888886,1.4849395416612081,1
4962,Portugal,Nigeria,2,1,2.276325,0.4375,1.4938195833333334,1.0688854752388777,1
4963,England,Costa Rica,3,0,2.0625,0.25,1.3114312499999998,1.3055103120052811,1
4964,Bolivia,Algeria,0,4,0.9423083333333333,1.3457551390095457,2.15669625,0.5625,2
4965,San Marino,Azerbaijan,1,2,0.5,4.6072161165122445,1.0494266666666667,2.1081377737388856,2
4966,Liberia,Sierra Leone,3,1,1.6875,1.125,1.25,0.8675149772461069,1
4967,Saudi Arabia,Senegal,0,0,0.6406208333333333,0.7206084745710943,1.47711125,0.9502185629568941,0
4968,Iraq,Venezuela,0,2,0.85466125,0.8303269645131571,1.1876274999999998,1.7705408773465907,2
4969,Argentina,Iceland,3,0,1.93500875,0.5962906642214376,1.2487074999999999,1.8396041928623752,1
4970,D.R. Congo,Chile,1,2,0.9528391666666667,0.4170061220733105,0.32357749999999996,1.417013027619329,2
4971,Portugal,Nigeria,2,1,2.463825,0.625,1.5273008333333333,1.1370685790089938,1
4972,England,Costa Rica,3,0,2.375,0.1875,0.8114312499999999,1.7670752839421309,1
4973,Mexico,South Africa,2,0,1.6408770833333333,0.5915062941989639,1.1875,0.6510332033365833,1
4974,South Korea,Czech Republic,2,1,2.333238333333333,0.4911683102249238,1.6454066666666667,1.251755617912113,1
4975,Canada,Bosnia & Herzegovina,1,1,0.9987929166666667,0.24045664712201437,1.3831166666666665,0.8010673594591211,0
4976,USA,Paraguay,4,1,2.632874583333333,1.2579119160184034,1.10636,1.6203775775793496,1
4977,Qatar,Switzerland,1,1,1.0673062500000001,1.490382677393297,2.387875833333333,0.5109514949029758,0
4978,Brazil,Morocco,1,1,3.434311666666667,1.2844266503927193,2.5302775,0.5176257740079206,0
4979,Haiti,Scotland,0,1,1.5731337499999998,1.1446047738076166,2.3715224999999998,1.0297200468036793,2
4980,Australia,Turkey,2,0,1.39927125,0.7565883127824604,1.5666408888888887,1.0733048648108159,1
4981,Germany,Curacao,7,1,3.02435,0.25,2.5198133333333335,1.0083339036056438,1
4982,Netherlands,Japan,2,2,2.52779125,0.5971268232678973,1.4820950000000002,0.458438687296018,0
4983,Ivory Coast,Ecuador,1,0,2.717675,0.1503447907200513,1.1366358333333333,0.3091762897591823,1
4984,Sweden,Tunisia,5,1,2.0062525,1.9033966946656484,1.1887237499999999,1.4483849802138287,1
4985,Spain,Cape Verde,0,0,2.930785,0.819464419061316,2.0318875,0.8204945587146032,0
4986,Belgium,Egypt,1,1,4.16073625,0.7740784482088043,1.2832325,0.6028125106180559,0
4987,Saudi Arabia,Uruguay,1,1,0.6406208333333333,0.7206084745710943,0.8141775,1.3898058825742623,0
4988,Iran,New Zealand,2,2,2.3071741666666665,1.1362950415297493,2.7188942857142857,1.9597894241741192,0
4989,France,Senegal,3,1,2.1301087499999998,0.7400535087320799,1.1360729166666665,0.6136401147480899,1
4990,Iraq,Norway,1,4,0.72966125,1.0875232035888218,3.59805875,0.7840314645751134,2
4991,Argentina,Algeria,3,0,2.586422083333333,0.22943891426833196,2.09419625,0.7619558587736448,1
4992,Austria,Jordan,3,1,1.9438049999999998,0.7243937298608537,1.1597504166666666,1.7899226366592207,1
4993,Portugal,D.R. Congo,1,1,2.2477866666666664,0.8125,0.9528391666666667,0.6670061220733106,0
4994,England,Croatia,4,2,2.5625,0.1875,2.375,1.0103602259160622,1
4995,Ghana,Panama,1,0,2.3125,0.5625,2.2650645833333334,2.5918062564717967,1
4996,Uzbekistan,Colombia,1,3,0.7744066666666666,1.5882427871983913,2.378425,0.49274423984248694,2
4997,South Korea,Czech Republic,2,1,2.426985,0.5883931662232171,1.9464529166666666,1.1483443351391067,1
4998,USA,Paraguay,4,1,2.0118112499999996,1.3425605975543693,1.1617254166666666,1.296606313300944,1
4999,Haiti,Scotland,0,1,2.1356337499999998,0.9575213462396679,2.623877333333333,1.4983680499239247,2
5000,Australia,Turkey,2,0,1.2234604166666665,0.8130105133385577,2.0356314285714285,0.9715346449774707,1
5001,Sweden,Tunisia,5,1,1.5687525,2.0908966946656484,1.0,0.5169640541247696,1
5002,Iran,New Zealand,2,2,2.3632791666666666,0.6953191717293448,2.891246153846154,1.683081206165268,0
5003,Argentina,Algeria,3,0,2.434785833333333,0.3544389142683319,2.40669625,0.5625,1
5004,Austria,Jordan,3,1,1.6640041666666665,0.7193884943367639,0.9600754166666666,1.5091672652470705,1
5005,Uzbekistan,Colombia,1,3,0.6246129166666666,1.3319018343045113,2.3318470833333333,0.5494952910179549,2
5006,Czech Republic,South Africa,1,1,1.5943604166666667,1.4801669006851192,0.8125,0.8593704873340233,0
5007,Switzerland,Bosnia & Herzegovina,4,1,2.1941645833333334,0.5798755525182443,1.3280516666666666,0.7939159371901596,1
5008,Canada,Qatar,6,0,1.1721954166666668,0.3838400247646633,1.20608125,1.429289513964072,1
5009,Mexico,South Korea,1,0,1.9979720833333334,0.3707037505536611,2.020738333333333,0.6161683102249238,1
5010,USA,Australia,2,0,2.83908625,1.1597928377415392,1.6350020833333334,0.5322026806432575,1
5011,Scotland,Morocco,0,1,1.9081599999999996,0.7797200468036793,2.12601,0.6143966108806058,2
5012,Brazil,Haiti,3,0,2.8144079166666667,1.1449998274056392,1.0939916666666667,0.9696547900360997,1
5013,Turkey,Paraguay,0,1,1.3437258333333333,1.362384745283422,0.9715170833333333,2.1824220459978116,2
5014,Netherlands,Sweden,5,1,2.44318625,0.816311573678693,2.8187525,1.5908966946656484,1
5015,Germany,Ivory Coast,2,1,3.40727375,0.4672200468036794,1.9174900000000001,0.1503447907200513,1
5016,Ecuador,Curacao,0,0,1.1366358333333333,0.49170304412522226,1.7367845833333333,2.1425567557116256,0
5017,Tunisia,Japan,0,4,1.3149474999999997,2.2624276666634735,1.6704875000000001,0.55482724723355,2
5018,Spain,Saudi Arabia,4,0,2.368285,0.569464419061316,0.7165445833333334,0.5291206208525323,1
5019,Belgium,Iran,0,0,3.4185325,0.8915934254549112,2.0093508333333334,1.3876295587917309,0
5020,Uruguay,Cape Verde,2,2,0.918585,1.5342392713415087,1.5943875,0.5704945587146032,0
5021,New Zealand,Egypt,1,3,2.9695226666666668,1.5809348966662795,1.2510124999999999,0.7017426235760869,2
5022,Argentina,Austria,2,0,2.730847083333333,0.22943891426833196,2.0892074999999997,0.9270613765381852,1
5023,France,Iraq,3,0,2.199135,0.7820596308053904,0.7031129166666666,1.7375077345296073,1
5024,Norway,Senegal,3,2,3.5086987499999998,0.8534958836364294,1.3699104166666665,0.8525524177281663,1
5025,Jordan,Algeria,1,2,0.9719204166666666,1.863595788815719,1.8230654166666667,1.1489117175472896,2
5026,Portugal,Uzbekistan,5,0,1.9639120833333334,0.8782516803103573,0.8658412499999999,1.7708920676310285,1
5027,England,Ghana,0,0,3.1074349999999997,0.39051320216692814,1.879895,0.5,0
5028,Panama,Croatia,0,1,1.9082545833333333,2.1010388391307346,2.019505,1.3757801884985286,2
5029,Colombia,D.R. Congo,1,0,2.67544875,0.6855489398212355,1.0488204166666666,0.8260976739583688,1
5030,Bosnia & Herzegovina,Qatar,3,1,1.3468091666666666,1.3507093265214567,0.77374,2.257844513697804,1
5031,Switzerland,Canada,2,1,2.35863625,0.5888182849768455,2.01680625,0.3838400247646633,1
5032,Scotland,Brazil,0,3,1.3515699999999997,0.6701539616251948,2.38821125,0.8461598037763376,2
5033,Morocco,Haiti,4,2,1.7104091666666668,0.4776460948753255,0.8813949999999999,1.3004753440540209,1
5034,Czech Republic,Mexico,0,3,1.4514550000000002,1.2787239503315737,1.9987091666666668,0.31205575115421663,2
5035,South Africa,South Korea,1,0,0.9375,0.9843704873340233,1.8332383333333333,0.7203369522236438,1
5036,Curacao,Ivory Coast,0,2,1.4867845833333333,2.1425567557116256,1.6969612500000002,0.47440846275033177,2
5037,Ecuador,Germany,2,1,0.8993225,0.3600205989753501,3.16749125,0.5872468011697194,1
5038,Japan,Sweden,1,1,2.1079875,0.49232724723355004,2.78794875,2.0291999433022694,0
5039,Tunisia,Netherlands,1,3,1.1899474999999997,2.7122296102262076,3.0454600000000003,0.8280263296436942,2
5040,Paraguay,Australia,0,0,1.0174879166666666,1.735442325966356,1.5100020833333332,0.6326687008529152,0
5041,Turkey,USA,3,2,1.0312258333333333,1.4242183720147468,2.5090274999999997,1.1037581231151337,1
5042,Norway,France,1,4,3.5127775,0.9383186709711758,2.6130841666666664,0.5386906249840038,2
5043,Senegal,Iraq,5,0,1.6199104166666665,1.4150524177281663,0.6406129166666666,1.9385421066897612,1
5044,Cape Verde,Saudi Arabia,0,0,1.5751549999999999,0.9067028464730353,0.6540445833333334,1.1292134352078191,0
5045,Uruguay,Spain,0,1,1.1220933333333334,1.3335871991456045,2.6472016666666667,0.3773214730204386,2
5046,New Zealand,Belgium,1,5,2.871465416666667,1.7321706240275623,2.4721866666666665,0.4797077933157083,2
5047,Egypt,Iran,1,1,1.541855,0.8597305584762891,1.5718508333333332,1.2626295587917309,0
5048,Panama,England,0,2,1.5514445833333332,1.6279620927234577,2.6699349999999997,0.39051320216692814,2
5049,Croatia,Ghana,2,1,1.8994000000000002,1.0980400378878203,1.629895,0.4375,1
5050,Colombia,Portugal,0,0,2.550242916666667,0.6356093999574972,2.5631183333333336,0.7532516803103573,0
5051,D.R. Congo,Uzbekistan,3,1,0.7988204166666666,0.9291995816923458,0.8033412499999999,2.245575634979584,1
5052,Jordan,Argentina,1,3,1.1682991666666667,2.0008386039477792,2.4608870833333336,0.1763486353107702,2
5053,Algeria,Austria,3,3,1.4825004166666667,1.289079364224621,2.0267075,1.010656167700428,0
