timestamp,date_GMT,status,attendance,home_team_name,away_team_name,referee,Game Week,Pre-Match PPG (Home),Pre-Match PPG (Away),home_ppg,away_ppg,home_team_goal_count,away_team_goal_count,total_goal_count,total_goals_at_half_time,home_team_goal_count_half_time,away_team_goal_count_half_time,home_team_goal_timings,away_team_goal_timings,home_team_corner_count,away_team_corner_count,home_team_yellow_cards,home_team_red_cards,away_team_yellow_cards,away_team_red_cards,home_team_first_half_cards,home_team_second_half_cards,away_team_first_half_cards,away_team_second_half_cards,home_team_shots,away_team_shots,home_team_shots_on_target,away_team_shots_on_target,home_team_shots_off_target,away_team_shots_off_target,home_team_fouls,away_team_fouls,home_team_possession,away_team_possession,Home Team Pre-Match xG,Away Team Pre-Match xG,team_a_xg,team_b_xg,average_goals_per_match_pre_match,btts_percentage_pre_match,over_15_percentage_pre_match,over_25_percentage_pre_match,over_35_percentage_pre_match,over_45_percentage_pre_match,over_15_HT_FHG_percentage_pre_match,over_05_HT_FHG_percentage_pre_match,over_15_2HG_percentage_pre_match,over_05_2HG_percentage_pre_match,average_corners_per_match_pre_match,average_cards_per_match_pre_match,odds_ft_home_team_win,odds_ft_draw,odds_ft_away_team_win,odds_ft_over15,odds_ft_over25,odds_ft_over35,odds_ft_over45,odds_btts_yes,odds_btts_no,stadium_name
1697103000,Oct 12 2023 - 9:30am,complete,N/A,Myanmar,Macau,Pranjal Banerji,N/A,0.00,0.00,0.63,0.50,5,1,6,1,1,0,"39,62,81,90'1,90'5","55",-1,-1,1,0,2,0,0,1,1,1,-1,-1,-1,-1,-1,-1,-1,-1,-1,-1,0.00,0.00,0.00,0.00,0.00,0,0,0,0,0,0,0,0,0,0.00,0.00,0.00,0.00,0.00,0.00,0.00,0.00,0.00,0.00,0.00,Thuwanna YTC Stadium
1697108400,Oct 12 2023 - 11:00am,complete,N/A,Taiwan,Timor-Leste,Ismaeel Habib Ali,N/A,0.00,0.00,0.75,0.00,4,0,4,1,1,0,"4,57,60,88","",4,3,1,0,2,0,1,0,2,0,10,4,6,0,4,4,12,8,50,50,0.00,0.00,1.40,0.56,0.00,0,0,0,0,0,0,0,0,0,0.00,0.00,0.00,0.00,0.00,0.00,0.00,0.00,0.00,0.00,0.00,Kaohsiung National Stadium
1697108400,Oct 12 2023 - 11:00am,complete,N/A,Maldives,Bangladesh,Vahid Kazemi,N/A,0.00,0.00,0.50,0.63,1,1,2,0,0,0,"87","90'2",7,3,0,0,4,0,0,0,1,3,12,17,2,4,10,13,5,16,50,50,0.00,0.00,1.40,1.84,0.00,0,0,0,0,0,0,0,0,0,0.00,0.00,0.00,0.00,0.00,0.00,0.00,0.00,0.00,0.00,0.00,Rasmee Dhandu Stadium
1697110200,Oct 12 2023 - 11:30am,complete,N/A,Singapore,Guam,Mohammad Mofeed Naser Ghabayen,N/A,0.00,0.00,0.88,0.00,2,1,3,2,2,0,"35,41","90",15,0,1,0,3,0,0,1,0,3,20,5,9,4,11,1,9,12,50,50,0.00,0.00,2.68,0.80,0.00,0,0,0,0,0,0,0,0,0,0.00,0.00,0.00,0.00,0.00,0.00,0.00,0.00,0.00,0.00,0.00,N/A
1697111100,Oct 12 2023 - 11:45am,complete,N/A,Nepal,Laos,Gamini Nivon Robesh,N/A,0.00,0.00,0.63,0.50,1,1,2,1,0,1,"48","33",8,2,1,0,1,0,1,0,0,1,7,6,3,2,4,4,6,18,50,50,0.00,0.00,1.32,0.96,0.00,0,0,0,0,0,0,0,0,0,0.00,0.00,0.00,0.00,0.00,0.00,0.00,0.00,0.00,0.00,0.00,Dashrath Rangasala
1697112000,Oct 12 2023 - 12:00pm,complete,N/A,Indonesia,Brunei,Bijan Heydari,N/A,0.00,0.00,1.40,0.00,6,0,6,2,2,0,"7,12,63,67,72,90'2","",9,2,0,0,1,0,0,0,0,1,11,0,9,0,2,0,5,4,50,50,0.00,0.00,1.82,0.12,0.00,0,0,0,0,0,0,0,0,0,0.00,0.00,0.00,0.00,0.00,0.00,0.00,0.00,0.00,0.00,0.00,N/A
1697112000,Oct 12 2023 - 12:00pm,complete,N/A,Hong Kong,Bhutan,Razlan Joffri bin Ali,N/A,0.00,0.00,0.63,1.50,4,0,4,4,4,0,"10,16,28,35","",6,0,0,0,1,0,0,0,0,1,25,7,10,1,15,6,11,13,50,50,0.00,0.00,3.16,0.73,0.00,0,0,0,0,0,0,0,0,0,0.00,0.00,0.00,0.00,0.00,0.00,0.00,0.00,0.00,0.00,0.00,N/A
1697112000,Oct 12 2023 - 12:00pm,complete,N/A,Cambodia,Pakistan,Baraa Kamal Abu Aisha,N/A,0.00,0.00,0.50,0.50,0,0,0,0,0,0,"","",5,1,1,0,3,0,1,0,1,2,9,5,2,1,7,4,10,11,50,50,0.00,0.00,1.18,0.53,0.00,0,0,0,0,0,0,0,0,0,0.00,0.00,0.00,0.00,0.00,0.00,0.00,0.00,0.00,0.00,0.00,N/A
1697119200,Oct 12 2023 - 2:00pm,complete,N/A,Afghanistan,Mongolia,Kassem Matar Elhatmy,N/A,0.00,0.00,1.38,0.00,1,0,1,0,0,0,"60","",6,3,4,0,2,1,2,2,1,2,12,5,4,2,8,3,13,15,50,50,0.00,0.00,1.59,0.66,0.00,0,0,0,0,0,0,0,0,0,0.00,0.00,0.00,0.00,0.00,0.00,0.00,0.00,0.00,0.00,0.00,N/A
1697130000,Oct 12 2023 - 5:00pm,complete,N/A,Yemen,Sri Lanka,Nasrullo Kabirov,N/A,0.00,0.00,1.13,0.50,3,0,3,1,1,0,"34,67,90'3","",1,5,0,0,3,0,0,0,2,1,10,9,4,4,6,5,11,14,50,50,0.00,0.00,1.28,1.10,0.00,0,0,0,0,0,0,0,0,0,0.00,0.00,0.00,0.00,0.00,0.00,0.00,0.00,0.00,0.00,0.00,N/A
1697517900,Oct 17 2023 - 4:45am,complete,N/A,Guam,Singapore,Hsin-Chuan Chen,N/A,0.00,3.00,0.00,0.88,0,1,1,0,0,0,"","82",2,4,4,1,3,0,2,3,1,2,5,11,0,1,5,10,-1,-1,50,50,0.80,2.68,0.47,1.19,3.00,100,100,100,0,0,100,100,0,100,15.00,4.00,0.00,0.00,0.00,0.00,0.00,0.00,0.00,0.00,0.00,N/A
1697526000,Oct 17 2023 - 7:00am,complete,N/A,Mongolia,Afghanistan,Hassan Akrami,N/A,0.00,3.00,0.00,1.38,0,1,1,0,0,0,"","71",4,6,1,0,1,0,0,1,1,0,10,14,4,1,6,13,8,7,50,50,0.66,1.59,1.35,1.52,1.00,0,0,0,0,0,0,0,0,100,9.00,8.00,0.00,0.00,0.00,0.00,0.00,0.00,0.00,0.00,0.00,N/A
1697533200,Oct 17 2023 - 9:00am,complete,N/A,Pakistan,Cambodia,Feras Taweel,N/A,1.00,1.00,0.50,0.50,1,0,1,0,0,0,"68","",5,3,3,0,2,0,2,1,0,2,4,9,1,1,3,8,10,12,50,50,0.53,1.18,0.59,1.09,0.00,0,0,0,0,0,0,0,0,0,6.00,4.00,0.00,0.00,0.00,0.00,0.00,0.00,0.00,0.00,0.00,N/A
1697535000,Oct 17 2023 - 9:30am,complete,N/A,Sri Lanka,Yemen,Clifford Postanes Daypuyat,N/A,0.00,3.00,0.50,1.13,1,1,2,1,0,1,"89","4",6,4,3,0,2,0,0,3,0,2,6,14,1,6,5,8,-1,-1,50,50,1.10,1.28,0.72,1.58,3.00,0,100,100,0,0,0,100,100,100,6.00,3.00,0.00,0.00,0.00,0.00,0.00,0.00,0.00,0.00,0.00,N/A
1697540400,Oct 17 2023 - 11:00am,complete,N/A,Timor-Leste,Taiwan,Tejas Nagvenkar,N/A,0.00,3.00,0.00,0.75,0,3,3,3,0,3,"","17,19,23",-1,-1,0,0,1,0,0,0,0,1,-1,-1,-1,-1,-1,-1,-1,-1,-1,-1,0.56,1.40,0.00,0.00,4.00,0,100,100,100,0,0,100,100,100,7.00,3.00,0.00,0.00,0.00,0.00,0.00,0.00,0.00,0.00,0.00,Kaohsiung National Stadium
1697542200,Oct 17 2023 - 11:30am,complete,N/A,Macau,Myanmar,Al Majarafi Mahmood Salim Said,N/A,0.00,3.00,0.50,0.63,0,0,0,0,0,0,"","",2,6,1,0,2,0,0,1,1,1,7,9,2,1,5,8,-1,-1,50,50,0.00,0.00,0.69,0.87,6.00,100,100,100,100,100,0,100,100,100,0.00,3.00,0.00,0.00,0.00,0.00,0.00,0.00,0.00,0.00,0.00,N/A
1697543100,Oct 17 2023 - 11:45am,complete,N/A,Bangladesh,Maldives,Ammar Ebrahim Hasan Mahfoodh,N/A,1.00,1.00,0.63,0.50,2,1,3,2,1,1,"11,46","36",3,11,4,1,1,1,2,3,0,2,13,13,4,5,9,8,-1,-1,50,50,1.84,1.40,1.34,1.42,2.00,100,100,0,0,0,0,0,100,100,10.00,4.00,0.00,0.00,0.00,0.00,0.00,0.00,0.00,0.00,0.00,N/A
1697544000,Oct 17 2023 - 12:00pm,complete,N/A,Bhutan,Hong Kong,Thoriq M Alkatiri,N/A,0.00,3.00,1.50,0.63,2,0,2,1,1,0,"28,47","",5,10,0,0,3,0,0,0,1,2,11,16,4,5,7,11,5,7,50,50,0.73,3.16,1.72,2.07,4.00,0,100,100,100,0,100,100,0,0,6.00,1.00,0.00,0.00,0.00,0.00,0.00,0.00,0.00,0.00,0.00,Changlimithang National Stadium
1697544000,Oct 17 2023 - 12:00pm,complete,N/A,Laos,Nepal,Ali Reda,N/A,1.00,1.00,0.50,0.63,0,1,1,0,0,0,"","53",2,1,3,0,2,0,1,2,1,1,7,13,4,2,3,11,18,21,50,50,0.96,1.32,1.05,1.32,2.00,100,100,0,0,0,0,100,0,100,10.00,2.00,0.00,0.00,0.00,0.00,0.00,0.00,0.00,0.00,0.00,N/A
1697544900,Oct 17 2023 - 12:15pm,complete,N/A,Brunei,Indonesia,Ahmed Faisal Mohammad Al Ali,N/A,0.00,3.00,0.00,1.40,0,6,6,3,0,3,"","6,42,44,47,63,82",4,9,3,0,1,0,1,2,1,0,8,20,1,11,7,9,6,10,50,50,0.12,1.82,0.82,2.66,6.00,0,100,100,100,100,100,100,100,100,11.00,1.00,0.00,0.00,0.00,0.00,0.00,0.00,0.00,0.00,0.00,Stadium Sultan Hassanal Bolkiah
1700125800,Nov 16 2023 - 9:10am,complete,N/A,Australia,Bangladesh,Axrol Riskullaev,2,0.00,2.00,2.31,0.63,7,0,7,4,4,0,"4,20,37,40,49,70,84","",-1,-1,1,0,3,0,0,1,1,2,-1,-1,-1,-1,-1,-1,-1,-1,-1,-1,0.00,1.59,0.00,0.00,1.25,50,50,25,0,0,25,25,25,50,3.00,4.50,0.00,0.00,0.00,0.00,0.00,0.00,0.00,0.00,0.00,N/A
1700128920,Nov 16 2023 - 10:02am,complete,N/A,Japan,Myanmar,Muhammad Taqi Aljaafari bin Jahari,1,0.00,2.00,2.56,0.63,5,0,5,3,3,0,"50,11,28,45'4,86","",14,1,0,0,1,0,0,0,1,0,32,0,15,0,17,0,7,12,83,17,0.00,0.87,0.00,0.00,1.50,25,25,25,25,25,0,25,25,25,6.00,1.50,0.00,0.00,0.00,0.00,0.00,0.00,0.00,0.00,0.00,Suita City Football Stadium
1700132400,Nov 16 2023 - 11:00am,complete,N/A,Philippines,Vietnam,Rustam Lutfullin,2,0.00,0.00,0.17,1.00,0,2,2,1,0,1,"","16,90'4",-1,-1,2,0,3,0,1,1,1,2,-1,-1,-1,-1,-1,-1,-1,-1,-1,-1,0.00,0.00,0.00,0.00,0.00,0,0,0,0,0,0,0,0,0,0.00,0.00,0.00,0.00,0.00,0.00,0.00,0.00,0.00,0.00,0.00,Rizal Memorial Stadium
1700132400,Nov 16 2023 - 11:00am,complete,N/A,South Korea,Singapore,Bijan Heydari,2,0.00,3.00,2.38,0.88,5,0,5,1,1,0,"44,49,63,68,85","",-1,-1,1,0,3,0,0,1,2,1,-1,-1,-1,-1,-1,-1,-1,-1,-1,-1,0.00,1.94,0.00,0.00,1.00,25,25,25,0,0,25,25,0,50,9.50,2.00,0.00,0.00,0.00,0.00,0.00,0.00,0.00,0.00,0.00,N/A
1700137800,Nov 16 2023 - 12:30pm,complete,N/A,Thailand,China,Salman Ahmad Flahi,2,0.00,0.00,1.33,1.06,1,2,3,2,1,1,"23","29,74",-1,-1,0,0,4,0,0,0,1,3,-1,-1,-1,-1,-1,-1,-1,-1,-1,-1,0.00,0.00,0.00,0.00,0.00,0,0,0,0,0,0,0,0,0,0.00,0.00,0.00,0.00,0.00,0.00,0.00,0.00,0.00,0.00,0.00,N/A
1700139600,Nov 16 2023 - 1:00pm,complete,N/A,Malaysia,Kyrgyzstan,Ammar Ebrahim Hasan Mahfoodh,2,0.00,0.00,1.67,1.19,4,3,7,3,1,2,"7,72,77,90'3","42,44,57",-1,-1,2,0,2,0,2,0,2,0,-1,-1,-1,-1,-1,-1,-1,-1,-1,-1,0.00,0.00,0.00,0.00,0.00,0,0,0,0,0,0,0,0,0,0.00,0.00,0.00,0.00,0.00,0.00,0.00,0.00,0.00,0.00,0.00,Stadium Nasional Bukit Jalil
1700139600,Nov 16 2023 - 1:00pm,complete,N/A,Tajikistan,Jordan,Ali Sabah Adday Al Qaysi,2,0.00,0.00,1.33,1.81,1,1,2,0,0,0,"89","90'3",-1,-1,0,0,2,0,0,0,2,0,-1,-1,-1,-1,-1,-1,-1,-1,-1,-1,0.00,0.00,0.00,0.00,0.00,0,0,0,0,0,0,0,0,0,0.00,0.00,0.00,0.00,0.00,0.00,0.00,0.00,0.00,0.00,0.00,N/A
1700143200,Nov 16 2023 - 2:00pm,complete,N/A,Turkmenistan,Uzbekistan,Hiroyuki Kimura,2,0.00,0.00,0.33,2.19,1,3,4,1,1,0,"44","57,77,90'1",-1,-1,3,0,1,0,0,3,1,0,-1,-1,-1,-1,-1,-1,-1,-1,-1,-1,0.00,0.00,0.00,0.00,0.00,0,0,0,0,0,0,0,0,0,0.00,0.00,0.00,0.00,0.00,0.00,0.00,0.00,0.00,0.00,0.00,N/A
1700143200,Nov 16 2023 - 2:00pm,complete,N/A,Lebanon,Palestine,Adham Mohammad Tumah Makhadmeh,2,0.00,0.00,1.00,1.13,0,0,0,0,0,0,"","",-1,-1,2,0,0,0,0,2,0,0,-1,-1,-1,-1,-1,-1,-1,-1,-1,-1,0.00,0.00,0.00,0.00,0.00,0,0,0,0,0,0,0,0,0,0.00,0.00,0.00,0.00,0.00,0.00,0.00,0.00,0.00,0.00,0.00,N/A
1700145000,Nov 16 2023 - 2:30pm,complete,N/A,Iran,Hong Kong,Muhammad Nazmi bin Nasaruddin,2,0.00,1.50,2.31,0.63,4,0,4,2,2,0,"12,15,87,90'2","",-1,-1,1,0,2,0,0,1,2,0,-1,-1,-1,-1,-1,-1,-1,-1,-1,-1,0.00,2.61,0.00,0.00,1.50,0,50,25,25,0,25,50,0,25,8.00,1.50,0.00,0.00,0.00,0.00,0.00,0.00,0.00,0.00,0.00,Azadi Stadium
1700145900,Nov 16 2023 - 2:45pm,complete,N/A,Iraq,Indonesia,Ahmed Eisa Mohamed,2,0.00,3.00,2.05,1.40,5,1,6,3,2,1,"20,35,60,81,88","45'3",-1,-1,0,0,2,0,0,0,0,2,-1,-1,-1,-1,-1,-1,-1,-1,-1,-1,0.00,2.24,0.00,0.00,3.00,0,50,50,50,50,50,50,50,50,9.00,0.50,0.00,0.00,0.00,0.00,0.00,0.00,0.00,0.00,0.00,N/A
1700146800,Nov 16 2023 - 3:00pm,complete,N/A,Oman,Taiwan,Sadullo Gulmurodi,2,0.00,3.00,1.50,0.75,3,0,3,2,2,0,"17,41,90'2","",-1,-1,1,0,3,0,0,1,1,2,-1,-1,-1,-1,-1,-1,-1,-1,-1,-1,0.00,1.40,0.00,0.00,1.75,0,50,50,25,0,25,50,25,25,4.00,1.00,0.00,0.00,0.00,0.00,0.00,0.00,0.00,0.00,0.00,Sultan Qaboos Sport Complex
1700149500,Nov 16 2023 - 3:45pm,complete,N/A,Qatar,Afghanistan,Nasrullo Kabirov,2,0.00,3.00,1.83,1.38,8,1,9,7,6,1,"45'3,11,15,18,26,33,53,90'4","13",10,0,0,0,4,1,0,0,1,4,26,2,17,1,9,1,12,15,72,28,0.00,1.56,0.00,0.00,0.50,0,0,0,0,0,0,0,0,50,6.00,2.50,0.00,0.00,0.00,0.00,0.00,0.00,0.00,0.00,0.00,N/A
1700149500,Nov 16 2023 - 3:45pm,complete,N/A,UAE,Nepal,Hettikankanamge Chrishantha Dilan Perera,2,0.00,2.00,1.75,0.63,4,0,4,4,4,0,"11,36,44,45'1","",-1,-1,0,0,2,0,0,0,1,1,-1,-1,-1,-1,-1,-1,-1,-1,-1,-1,0.00,1.32,0.00,0.00,0.75,25,25,0,0,0,0,25,0,50,4.50,1.50,0.00,0.00,0.00,0.00,0.00,0.00,0.00,0.00,0.00,N/A
1700152200,Nov 16 2023 - 4:30pm,complete,N/A,Saudi Arabia,Pakistan,Hanna Hattab,2,0.00,2.00,1.67,0.50,4,0,4,1,1,0,"6,48,90'1,90'6","",-1,-1,1,0,4,0,0,1,1,3,-1,-1,-1,-1,-1,-1,-1,-1,-1,-1,0.00,0.56,0.00,0.00,0.25,0,0,0,0,0,0,0,0,25,3.00,3.00,0.00,0.00,0.00,0.00,0.00,0.00,0.00,0.00,0.00,N/A
1700152200,Nov 16 2023 - 4:30pm,complete,N/A,Kuwait,India,Shaun Evans,2,0.00,0.00,0.75,0.83,0,1,1,0,0,0,"","75",-1,-1,2,1,0,0,0,3,0,0,-1,-1,-1,-1,-1,-1,-1,-1,-1,-1,0.00,0.00,0.00,0.00,0.00,0,0,0,0,0,0,0,0,0,0.00,0.00,0.00,0.00,0.00,0.00,0.00,0.00,0.00,0.00,0.00,Jaber Al-Ahmad International Stadium
1700154000,Nov 16 2023 - 5:00pm,complete,N/A,Syria,North Korea,Alireza Faghani,1,0.00,0.00,1.17,0.75,0,1,1,0,0,0,"","90'2",-1,-1,1,0,0,0,0,1,0,0,-1,-1,-1,-1,-1,-1,-1,-1,-1,-1,0.00,0.00,0.00,0.00,0.00,0,0,0,0,0,0,0,0,0,0.00,0.00,0.00,0.00,0.00,0.00,0.00,0.00,0.00,0.00,0.00,New Laos National Stadium
1700157600,Nov 16 2023 - 6:00pm,complete,N/A,Yemen,Bahrain,Hee-Gon Kim,2,2.00,0.00,1.13,1.06,0,2,2,1,0,1,"","38,48",-1,-1,0,0,1,0,0,0,0,1,-1,-1,-1,-1,-1,-1,-1,-1,-1,-1,1.43,0.00,0.00,0.00,1.25,25,50,25,0,0,0,50,25,50,2.50,1.00,0.00,0.00,0.00,0.00,0.00,0.00,0.00,0.00,0.00,N/A
1700557200,Nov 21 2023 - 9:00am,complete,N/A,Pakistan,Tajikistan,Yusuke Araki,2,1.33,1.00,0.50,1.33,1,6,7,5,1,4,"21","9,13,26,45,66,90'1",-1,-1,1,0,3,0,0,1,2,1,-1,-1,-1,-1,-1,-1,-1,-1,-1,-1,0.56,0.00,0.00,0.00,1.84,50,67,17,17,0,0,17,67,84,3.00,3.33,0.00,0.00,0.00,0.00,0.00,0.00,0.00,0.00,0.00,N/A
1700559000,Nov 21 2023 - 9:30am,complete,N/A,Myanmar,North Korea,Ilgiz Tantashev,2,1.33,3.00,0.63,0.75,1,6,7,3,0,3,"77","30,34,38,54,56,70",-1,-1,2,0,2,0,0,2,2,0,-1,-1,-1,-1,-1,-1,-1,-1,-1,-1,0.87,0.00,0.00,0.00,2.34,17,34,34,34,34,17,34,34,84,3.50,1.33,0.00,0.00,0.00,0.00,0.00,0.00,0.00,0.00,0.00,Thuwanna YTC Stadium
1700564400,Nov 21 2023 - 11:00am,complete,N/A,Taiwan,Malaysia,Majed Al Shamrani,2,2.00,3.00,0.75,1.67,0,1,1,0,0,0,"","72",-1,-1,1,0,1,0,0,1,0,1,-1,-1,-1,-1,-1,-1,-1,-1,-1,-1,1.40,0.00,0.00,0.00,5.17,50,100,100,67,50,84,100,67,84,4.00,3.67,0.00,0.00,0.00,0.00,0.00,0.00,0.00,0.00,0.00,Taipei Municipal Stadium
1700564400,Nov 21 2023 - 11:00am,complete,N/A,Philippines,Indonesia,Jong-Hyeok Kim,2,0.00,2.00,0.17,1.40,1,1,2,1,1,0,"23","70",-1,-1,4,0,3,0,1,3,1,2,-1,-1,-1,-1,-1,-1,-1,-1,-1,-1,0.00,2.24,0.00,0.00,4.00,17,100,50,50,50,50,100,50,100,9.00,3.00,0.00,0.00,0.00,0.00,0.00,0.00,0.00,0.00,0.00,Rizal Memorial Stadium
1700567100,Nov 21 2023 - 11:45am,complete,N/A,Bangladesh,Lebanon,Dae-Yong Kim,2,1.33,1.00,0.63,1.00,1,1,2,0,0,0,"72","67",-1,-1,3,0,1,0,0,3,0,1,-1,-1,-1,-1,-1,-1,-1,-1,-1,-1,1.59,0.00,0.00,0.00,2.00,34,50,34,17,17,34,34,34,50,3.00,6.00,0.00,0.00,0.00,0.00,0.00,0.00,0.00,0.00,0.00,N/A
1700568000,Nov 21 2023 - 12:00pm,complete,N/A,Vietnam,Iraq,Abdulla Ali Al-Marri,2,3.00,3.00,1.00,2.05,0,1,1,0,0,0,"","90'7",-1,-1,5,0,1,0,0,5,0,1,-1,-1,-1,-1,-1,-1,-1,-1,-1,-1,0.00,0.00,0.00,0.00,4.00,50,100,50,50,50,50,100,50,100,0.00,3.00,0.00,0.00,0.00,0.00,0.00,0.00,0.00,0.00,0.00,N/A
1700568000,Nov 21 2023 - 12:00pm,complete,N/A,Singapore,Thailand,Ahmed Al Alili,2,2.00,0.00,0.88,1.33,1,3,4,2,1,1,"41","5,66,87",-1,-1,1,0,2,0,0,1,1,1,-1,-1,-1,-1,-1,-1,-1,-1,-1,-1,1.94,0.00,0.00,0.00,3.00,67,84,84,17,17,67,84,17,100,9.50,2.33,0.00,0.00,0.00,0.00,0.00,0.00,0.00,0.00,0.00,N/A
1700568000,Nov 21 2023 - 12:00pm,complete,N/A,China,South Korea,Abdulrahman Ibrahim Al Jassim,2,3.00,3.00,1.06,2.38,0,3,3,2,0,2,"","11,45,87",-1,-1,4,0,1,0,1,3,0,1,-1,-1,-1,-1,-1,-1,-1,-1,-1,-1,0.00,0.00,0.00,0.00,4.00,50,100,100,50,50,50,100,50,100,0.00,5.00,0.00,0.00,0.00,0.00,0.00,0.00,0.00,0.00,0.00,N/A
1700568000,Nov 21 2023 - 12:00pm,complete,N/A,Hong Kong,Turkmenistan,Adel Al Naqbi,2,1.00,0.00,0.63,0.33,2,2,4,3,1,2,"12,65","4,36",-1,-1,2,0,2,0,0,2,1,1,-1,-1,-1,-1,-1,-1,-1,-1,-1,-1,2.61,0.00,0.00,0.00,3.67,50,100,84,84,0,34,100,67,84,8.00,4.67,0.00,0.00,0.00,0.00,0.00,0.00,0.00,0.00,0.00,N/A
1700571600,Nov 21 2023 - 1:00pm,complete,N/A,Uzbekistan,Iran,Mohammed Abdulla Hassan Mohammed,2,3.00,3.00,2.19,2.31,2,2,4,2,0,2,"52,83","14,38",-1,-1,2,0,2,0,1,1,0,2,-1,-1,-1,-1,-1,-1,-1,-1,-1,-1,0.00,0.00,0.00,0.00,4.00,50,100,100,100,0,50,100,100,100,0.00,2.00,0.00,0.00,0.00,0.00,0.00,0.00,0.00,0.00,0.00,Milliy Stadion
1700572500,Nov 21 2023 - 1:15pm,complete,N/A,Nepal,Yemen,Yinhao Shen,2,1.33,1.33,0.63,1.13,0,2,2,0,0,0,"","72,90",-1,-1,1,0,3,0,1,0,0,3,-1,-1,-1,-1,-1,-1,-1,-1,-1,-1,1.32,1.43,0.00,0.00,2.33,33,84,33,17,0,17,84,17,84,7.00,2.34,0.00,0.00,0.00,0.00,0.00,0.00,0.00,0.00,0.00,Dashrath Rangasala
1700573400,Nov 21 2023 - 1:30pm,complete,N/A,India,Qatar,Sivakorn Pu-udom,2,3.00,3.00,0.83,1.83,0,3,3,1,0,1,"","4,47,86",-1,-1,1,0,0,0,1,0,0,0,-1,-1,-1,-1,-1,-1,-1,-1,-1,-1,0.00,0.00,0.00,0.00,5.00,50,50,50,50,50,50,50,50,100,10.00,0.00,0.00,0.00,0.00,0.00,0.00,0.00,0.00,0.00,0.00,Kalinga Stadium
1700575200,Nov 21 2023 - 2:00pm,complete,N/A,Palestine,Australia,Kassem Matar Elhatmy,2,1.00,3.00,1.13,2.31,0,1,1,1,0,1,"","18",-1,-1,1,0,1,0,0,1,0,1,-1,-1,-1,-1,-1,-1,-1,-1,-1,-1,0.00,0.00,0.00,0.00,3.50,0,50,50,50,50,50,50,50,50,0.00,1.00,0.00,0.00,0.00,0.00,0.00,0.00,0.00,0.00,0.00,N/A
1700575200,Nov 21 2023 - 2:00pm,complete,N/A,Kyrgyzstan,Oman,Mouood Bonyadifar,2,0.00,3.00,1.19,1.50,1,0,1,0,0,0,"49","",-1,-1,4,0,1,0,0,4,1,0,-1,-1,-1,-1,-1,-1,-1,-1,-1,-1,0.00,0.00,0.00,0.00,5.00,50,100,100,50,50,100,100,50,100,0.00,3.00,0.00,0.00,0.00,0.00,0.00,0.00,0.00,0.00,0.00,Stadion im. Dolena Omurzakova
1700577900,Nov 21 2023 - 2:45pm,complete,N/A,Syria,Japan,Ning Ma,2,0.00,3.00,1.17,2.56,0,5,5,3,0,3,"","32,37,40,47,82",-1,-1,-1,-1,-1,-1,-1,-1,-1,-1,-1,-1,-1,-1,-1,-1,-1,-1,-1,-1,0.00,0.00,0.00,0.00,3.00,0,50,50,50,50,50,50,50,100,14.00,1.00,0.00,0.00,0.00,0.00,0.00,0.00,0.00,0.00,0.00,N/A
1700581500,Nov 21 2023 - 3:45pm,complete,N/A,Bahrain,UAE,Mohammed Al Hoaish,2,3.00,3.00,1.06,1.75,0,2,2,1,0,1,"","36,90",-1,-1,3,0,2,0,1,2,0,2,-1,-1,-1,-1,-1,-1,-1,-1,-1,-1,0.00,0.00,0.00,0.00,3.00,0,100,50,50,0,50,100,0,50,0.00,1.00,0.00,0.00,0.00,0.00,0.00,0.00,0.00,0.00,0.00,Stād al-Bahrayn al-Watanī (Bahrain National Stadium)
1700582400,Nov 21 2023 - 4:00pm,complete,N/A,Jordan,Saudi Arabia,Ahmed Abu Bakar Said Al Kaf,2,1.00,3.00,1.81,1.67,0,2,2,2,0,2,"","8,30",-1,-1,3,0,1,0,2,1,0,1,-1,-1,-1,-1,-1,-1,-1,-1,-1,-1,0.00,0.00,0.00,0.00,3.00,50,100,50,50,0,0,50,100,100,0.00,3.00,0.00,0.00,0.00,0.00,0.00,0.00,0.00,0.00,0.00,Amman International Stadium
1700586000,Nov 21 2023 - 5:00pm,complete,N/A,Afghanistan,Kuwait,Ahmed Faisal Mohammad Al Ali,2,2.00,0.00,1.38,0.75,0,4,4,1,0,1,"","18,82,69,80",-1,-1,1,0,0,0,1,0,0,0,-1,-1,-1,-1,-1,-1,-1,-1,-1,-1,1.56,0.00,0.00,0.00,2.34,17,17,17,17,17,17,17,17,100,4.00,6.33,0.00,0.00,0.00,0.00,0.00,0.00,0.00,0.00,0.00,N/A
1711008000,Mar 21 2024 - 8:00am,complete,N/A,Taiwan,Kyrgyzstan,Yahya Almulla,2,1.50,1.50,0.75,1.19,0,2,2,0,0,0,"","54,80",-1,-1,1,0,1,1,0,1,2,0,-1,-1,-1,-1,-1,-1,-1,-1,-1,-1,1.40,0.00,0.00,0.00,3.38,25,63,63,38,25,50,63,38,88,4.00,4.50,0.00,0.00,0.00,0.00,0.00,0.00,0.00,0.00,0.00,N/A
1711011600,Mar 21 2024 - 9:00am,complete,N/A,Pakistan,Jordan,Rustam Lutfullin,2,1.00,0.50,0.50,1.81,0,3,3,2,0,2,"","2,9,86",-1,-1,2,0,1,0,0,2,0,1,-1,-1,-1,-1,-1,-1,-1,-1,-1,-1,0.56,0.00,0.00,0.00,2.50,38,75,25,25,13,38,50,50,63,3.00,5.25,0.00,0.00,0.00,0.00,0.00,0.00,0.00,0.00,0.00,N/A
1711012200,Mar 21 2024 - 9:10am,complete,N/A,Australia,Lebanon,Khamis Al Marri,2,3.00,1.00,2.31,1.00,2,0,2,1,1,0,"54,5","",-1,-1,2,0,0,0,0,2,0,0,-1,-1,-1,-1,-1,-1,-1,-1,-1,-1,0.00,0.00,0.00,0.00,2.50,25,50,25,25,25,25,50,50,50,0.00,2.50,0.00,0.00,0.00,0.00,0.00,0.00,0.00,0.00,0.00,Marconi Stadium
1711016580,Mar 21 2024 - 10:23am,complete,N/A,Japan,North Korea,Adel Al Naqbi,3,3.00,3.00,2.56,0.75,1,0,1,1,1,0,"2","",9,3,1,0,3,0,0,1,1,2,16,6,5,3,11,3,6,11,66,34,0.00,0.00,0.00,0.00,4.50,25,75,75,75,75,75,75,75,100,14.00,0.50,0.00,0.00,0.00,0.00,0.00,0.00,0.00,0.00,0.00,N/A
1711018800,Mar 21 2024 - 11:00am,complete,N/A,South Korea,Thailand,Khaled Al Teris,2,3.00,1.50,2.38,1.33,1,1,2,1,1,0,"42","61",-1,-1,0,0,1,0,0,0,1,0,-1,-1,-1,-1,-1,-1,-1,-1,-1,-1,0.00,0.00,0.00,0.00,3.75,50,100,100,50,25,75,100,50,100,0.00,2.00,0.00,0.00,0.00,0.00,0.00,0.00,0.00,0.00,0.00,N/A
1711020600,Mar 21 2024 - 11:30am,complete,N/A,Myanmar,Syria,Hassan Akrami,2,1.00,0.00,0.63,1.17,1,1,2,1,1,0,"35","71",-1,-1,3,0,1,0,1,2,1,0,-1,-1,-1,-1,-1,-1,-1,-1,-1,-1,0.87,0.00,0.00,0.00,3.75,25,63,63,63,63,50,63,63,88,3.50,1.50,0.00,0.00,0.00,0.00,0.00,0.00,0.00,0.00,0.00,Thuwanna YTC Stadium
1711022400,Mar 21 2024 - 12:00pm,complete,N/A,Hong Kong,Uzbekistan,Woo-Sung Kim,2,1.00,2.00,0.63,2.19,0,2,2,0,0,0,"","49,66",-1,-1,-1,-1,-1,-1,-1,-1,-1,-1,-1,-1,-1,-1,-1,-1,-1,-1,-1,-1,2.61,0.00,0.00,0.00,3.75,63,100,88,88,0,63,100,63,88,8.00,3.25,0.00,0.00,0.00,0.00,0.00,0.00,0.00,0.00,0.00,Mong Kok Stadium
1711024200,Mar 21 2024 - 12:30pm,complete,N/A,Singapore,China,Shaun Evans,2,1.50,1.50,0.88,1.06,2,2,4,2,0,2,"53,81","10,45'2",-1,-1,6,0,1,0,2,4,0,1,-1,-1,-1,-1,-1,-1,-1,-1,-1,-1,1.94,0.00,0.00,0.00,3.13,50,88,88,25,13,75,88,25,100,9.50,6.00,0.00,0.00,0.00,0.00,0.00,0.00,0.00,0.00,0.00,N/A
1711027800,Mar 21 2024 - 1:30pm,complete,N/A,Indonesia,Vietnam,Salman Ahmad Flahi,2,1.75,1.50,1.40,1.00,1,0,1,0,0,0,"52","",-1,-1,4,0,1,0,1,3,0,1,-1,-1,-1,-1,-1,-1,-1,-1,-1,-1,2.24,0.00,0.00,0.00,3.25,25,75,38,38,38,38,75,38,100,9.00,5.50,0.00,0.00,0.00,0.00,0.00,0.00,0.00,0.00,0.00,N/A
1711036800,Mar 21 2024 - 4:00pm,complete,N/A,Iran,Turkmenistan,Yusuke Araki,2,2.00,0.50,2.31,0.33,5,0,5,2,2,0,"10,13,90'2,48,56","",-1,-1,1,0,0,0,0,1,0,0,-1,-1,-1,-1,-1,-1,-1,-1,-1,-1,0.00,0.00,0.00,0.00,4.00,75,100,100,100,0,75,100,75,100,0.00,4.00,0.00,0.00,0.00,0.00,0.00,0.00,0.00,0.00,0.00,Azadi Stadium
1711044000,Mar 21 2024 - 6:00pm,complete,N/A,UAE,Yemen,Mohanad Qasim Eessee Sarray,2,3.00,1.75,1.75,1.13,2,1,3,1,1,0,"24,72","69",-1,-1,4,0,3,0,3,1,0,3,-1,-1,-1,-1,-1,-1,-1,-1,-1,-1,0.00,1.43,0.00,0.00,2.63,13,100,38,25,0,25,88,25,75,2.50,2.25,0.00,0.00,0.00,0.00,0.00,0.00,0.00,0.00,0.00,N/A
1711044000,Mar 21 2024 - 6:00pm,complete,N/A,Oman,Malaysia,Ming Fu,2,1.50,3.00,1.50,1.67,2,0,2,0,0,0,"88,58","",-1,-1,2,0,3,0,0,2,2,1,-1,-1,-1,-1,-1,-1,-1,-1,-1,-1,0.00,0.00,0.00,0.00,3.00,25,50,50,25,25,50,50,25,100,0.00,2.50,0.00,0.00,0.00,0.00,0.00,0.00,0.00,0.00,0.00,Sultan Qaboos Sport Complex
1711045800,Mar 21 2024 - 6:30pm,complete,N/A,Palestine,Bangladesh,Yinhao Shen,2,0.50,1.25,1.13,0.63,5,0,5,2,2,0,"43,45'1,49,53,77","",-1,-1,1,0,1,0,0,1,1,0,-1,-1,-1,-1,-1,-1,-1,-1,-1,-1,0.00,1.59,0.00,0.00,2.00,38,50,25,13,13,25,50,38,50,3.00,4.25,0.00,0.00,0.00,0.00,0.00,0.00,0.00,0.00,0.00,N/A
1711045800,Mar 21 2024 - 6:30pm,complete,N/A,Qatar,Kuwait,Jumpei Iida,2,3.00,1.50,1.83,0.75,3,0,3,0,0,0,"47,51,68","",-1,-1,0,0,3,0,0,0,1,2,-1,-1,-1,-1,-1,-1,-1,-1,-1,-1,0.00,0.00,0.00,0.00,4.25,25,75,75,50,25,25,75,75,100,10.00,1.50,0.00,0.00,0.00,0.00,0.00,0.00,0.00,0.00,0.00,N/A
1711047600,Mar 21 2024 - 7:00pm,complete,N/A,Saudi Arabia,Tajikistan,Muhammad Taqi Aljaafari bin Jahari,2,3.00,2.00,1.67,1.33,1,0,1,1,1,0,"23","",-1,-1,2,0,1,0,0,2,1,0,-1,-1,-1,-1,-1,-1,-1,-1,-1,-1,0.00,0.00,0.00,0.00,3.75,50,100,50,50,25,50,75,75,75,0.00,2.50,0.00,0.00,0.00,0.00,0.00,0.00,0.00,0.00,0.00,N/A
1711047600,Mar 21 2024 - 7:00pm,complete,N/A,Iraq,Philippines,Abdullah Jamali,2,3.00,0.50,2.05,0.17,1,0,1,0,0,0,"84","",-1,-1,0,0,2,0,0,0,0,2,-1,-1,-1,-1,-1,-1,-1,-1,-1,-1,0.00,0.00,0.00,0.00,2.75,50,75,25,25,25,25,75,25,100,0.00,3.50,0.00,0.00,0.00,0.00,0.00,0.00,0.00,0.00,0.00,N/A
1711047600,Mar 21 2024 - 7:00pm,complete,N/A,Afghanistan,India,Hee-Gon Kim,2,1.50,1.50,1.38,0.83,0,0,0,0,0,0,"","",-1,-1,1,0,3,0,0,1,0,3,-1,-1,-1,-1,-1,-1,-1,-1,-1,-1,1.56,0.00,0.00,0.00,2.88,13,50,50,25,13,13,50,50,100,4.00,3.25,0.00,0.00,0.00,0.00,0.00,0.00,0.00,0.00,0.00,N/A
1711047600,Mar 21 2024 - 7:00pm,complete,N/A,Nepal,Bahrain,Alex King,2,1.00,1.50,0.63,1.06,0,5,5,3,0,3,"","2,9,45'4,87,90'6",-1,-1,1,0,3,0,0,1,1,2,-1,-1,-1,-1,-1,-1,-1,-1,-1,-1,1.32,0.00,0.00,0.00,2.13,13,88,13,13,0,13,75,13,88,4.50,3.50,0.00,0.00,0.00,0.00,0.00,0.00,0.00,0.00,0.00,N/A
1711411200,Mar 26 2024 - 12:00am,complete,N/A,North Korea,Japan,N/A,4,2.00,3.00,0.75,2.56,0,3,3,0,0,0,"","",-1,-1,-1,-1,-1,-1,-1,-1,-1,-1,-1,-1,-1,-1,-1,-1,-1,-1,-1,-1,0.00,0.00,0.00,0.00,3.34,17,50,50,50,50,50,84,50,67,14.50,1.67,0.00,0.00,0.00,0.00,0.00,0.00,0.00,0.00,0.00,N/A
1711442700,Mar 26 2024 - 8:45am,complete,N/A,Lebanon,Australia,Mouood Bonyadifar,2,0.67,3.00,1.00,2.31,0,5,5,1,0,1,"","2,47,48,68,81",-1,-1,3,0,2,0,0,3,1,1,-1,-1,-1,-1,-1,-1,-1,-1,-1,-1,0.00,0.00,0.00,0.00,2.33,17,67,17,17,17,17,67,33,67,0.00,2.33,0.00,0.00,0.00,0.00,0.00,0.00,0.00,0.00,0.00,N/A
1711445400,Mar 26 2024 - 9:30am,complete,N/A,Bangladesh,Palestine,Nasrullo Kabirov,2,1.00,1.33,0.63,1.13,0,1,1,0,0,0,"","90'4",-1,-1,4,0,3,1,3,1,1,3,-1,-1,-1,-1,-1,-1,-1,-1,-1,-1,1.59,0.00,0.00,0.00,2.90,30,67,47,37,37,47,64,57,67,3.00,3.87,0.00,0.00,0.00,0.00,0.00,0.00,0.00,0.00,0.00,N/A
1711450800,Mar 26 2024 - 11:00am,complete,N/A,Philippines,Iraq,Muhammad Nazmi bin Nasaruddin,2,0.33,3.00,0.17,2.05,0,5,5,3,0,3,"","14,30,36,62,77",-1,-1,2,0,0,0,1,1,0,0,-1,-1,-1,-1,-1,-1,-1,-1,-1,-1,0.00,0.00,0.00,0.00,2.17,33,50,17,17,17,17,50,17,100,0.00,3.00,0.00,0.00,0.00,0.00,0.00,0.00,0.00,0.00,0.00,Rizal Memorial Stadium
1711454400,Mar 26 2024 - 12:00pm,complete,N/A,Vietnam,Indonesia,Alireza Faghani,2,1.00,2.00,1.00,1.40,0,3,3,2,0,2,"","9,23,90'8",-1,-1,2,0,6,0,1,1,4,2,-1,-1,-1,-1,-1,-1,-1,-1,-1,-1,0.00,2.24,0.00,0.00,2.77,20,57,30,30,30,30,57,30,100,9.00,5.00,0.00,0.00,0.00,0.00,0.00,0.00,0.00,0.00,0.00,N/A
1711454400,Mar 26 2024 - 12:00pm,complete,N/A,China,Singapore,Omar Mohamed Al Ali,2,1.33,1.40,1.06,0.88,4,1,5,2,1,1,"21,65,85,90","22",-1,-1,2,1,1,0,0,3,0,1,-1,-1,-1,-1,-1,-1,-1,-1,-1,-1,0.00,1.94,0.00,0.00,3.37,64,90,90,47,10,80,90,47,100,9.50,5.80,0.00,0.00,0.00,0.00,0.00,0.00,0.00,0.00,0.00,Tianjin Olympic Center Stadium
1711456200,Mar 26 2024 - 12:30pm,complete,N/A,Thailand,South Korea,Adham Mohammad Tumah Makhadmeh,2,1.33,2.33,1.33,2.38,0,3,3,1,0,1,"","19,54,82",-1,-1,2,0,1,0,0,2,1,0,-1,-1,-1,-1,-1,-1,-1,-1,-1,-1,0.00,0.00,0.00,0.00,3.17,67,100,67,33,17,50,100,33,100,0.00,1.67,0.00,0.00,0.00,0.00,0.00,0.00,0.00,0.00,0.00,N/A
1711459800,Mar 26 2024 - 1:30pm,complete,N/A,India,Afghanistan,Mohammed Al Hoaish,2,1.33,1.40,0.83,1.38,1,2,3,1,1,0,"38","70,88",-1,-1,5,0,2,0,3,2,1,1,-1,-1,-1,-1,-1,-1,-1,-1,-1,-1,0.00,1.56,0.00,0.00,2.17,10,37,37,20,10,10,37,37,74,4.00,3.73,0.00,0.00,0.00,0.00,0.00,0.00,0.00,0.00,0.00,Indira Gandhi Athletic Stadium
1711461600,Mar 26 2024 - 2:00pm,complete,N/A,Malaysia,Oman,Hyung-Jin Ko,2,2.00,2.00,1.67,1.50,0,2,2,1,0,1,"","45'4,90'4",-1,-1,1,0,2,0,1,0,0,2,-1,-1,-1,-1,-1,-1,-1,-1,-1,-1,0.00,0.00,0.00,0.00,2.67,17,67,33,17,17,33,33,50,100,0.00,3.33,0.00,0.00,0.00,0.00,0.00,0.00,0.00,0.00,0.00,Stadium Nasional Bukit Jalil
1711461600,Mar 26 2024 - 2:00pm,complete,N/A,Kyrgyzstan,Taiwan,Ammar Ebrahim Hasan Mahfoodh,2,2.00,1.20,1.19,0.75,5,1,6,3,3,0,"17,38,45,79,90'5","87",-1,-1,0,0,1,0,0,0,0,1,-1,-1,-1,-1,-1,-1,-1,-1,-1,-1,0.00,1.40,0.00,0.00,2.97,17,74,47,27,17,37,47,54,90,4.00,4.07,0.00,0.00,0.00,0.00,0.00,0.00,0.00,0.00,0.00,Stadion im. Dolena Omurzakova
1711463400,Mar 26 2024 - 2:30pm,complete,N/A,Uzbekistan,Hong Kong,Ahmed Faisal Mohammad Al Ali,2,2.33,0.80,2.19,0.63,3,0,3,1,1,0,"20,63,70","",-1,-1,2,0,1,0,0,2,0,1,-1,-1,-1,-1,-1,-1,-1,-1,-1,-1,0.00,2.61,0.00,0.00,3.27,44,100,64,64,0,47,74,70,90,8.00,1.87,0.00,0.00,0.00,0.00,0.00,0.00,0.00,0.00,0.00,Milliy Stadion
1711465200,Mar 26 2024 - 3:00pm,complete,N/A,Turkmenistan,Iran,Sivakorn Pu-udom,2,0.33,2.33,0.33,2.31,0,1,1,1,0,1,"","45'5",-1,-1,3,0,2,0,2,1,1,1,-1,-1,-1,-1,-1,-1,-1,-1,-1,-1,0.00,0.00,0.00,0.00,4.33,50,100,100,100,33,84,100,84,100,0.00,3.00,0.00,0.00,0.00,0.00,0.00,0.00,0.00,0.00,0.00,N/A
1711465200,Mar 26 2024 - 3:00pm,complete,N/A,Tajikistan,Saudi Arabia,Jong-Hyeok Kim,2,1.33,3.00,1.33,1.67,1,1,2,0,0,0,"80","46",-1,-1,1,0,1,0,0,1,0,1,-1,-1,-1,-1,-1,-1,-1,-1,-1,-1,0.00,0.00,0.00,0.00,2.83,34,67,33,33,17,33,84,50,50,0.00,2.66,0.00,0.00,0.00,0.00,0.00,0.00,0.00,0.00,0.00,N/A
1711479600,Mar 26 2024 - 7:00pm,complete,N/A,Kuwait,Qatar,Sadullo Gulmurodi,2,1.00,3.00,0.75,1.83,1,2,3,0,0,0,"79","77,80",-1,-1,2,0,2,0,1,1,1,1,-1,-1,-1,-1,-1,-1,-1,-1,-1,-1,0.00,0.00,0.00,0.00,3.84,17,84,84,33,17,17,50,84,100,10.00,2.00,0.00,0.00,0.00,0.00,0.00,0.00,0.00,0.00,0.00,N/A
1711479600,Mar 26 2024 - 7:00pm,complete,N/A,Bahrain,Nepal,Ryo Tanimoto,2,2.00,0.80,1.06,0.63,3,0,3,3,3,0,"7,18,36","",-1,-1,0,0,3,0,0,0,0,3,-1,-1,-1,-1,-1,-1,-1,-1,-1,-1,0.00,1.32,0.00,0.00,2.90,10,90,37,37,27,37,80,37,90,4.50,3.73,0.00,0.00,0.00,0.00,0.00,0.00,0.00,0.00,0.00,Stād al-Bahrayn al-Watanī (Bahrain National Stadium)
1711479600,Mar 26 2024 - 7:00pm,complete,N/A,Syria,Myanmar,Pranjal Banerji,2,0.33,1.00,1.17,0.63,7,0,7,1,1,0,"54,30,47,51,80,63,68","",-1,-1,0,0,4,1,0,0,3,2,-1,-1,-1,-1,-1,-1,-1,-1,-1,-1,0.00,0.87,0.00,0.00,3.34,47,74,47,47,47,37,74,47,90,3.50,2.13,0.00,0.00,0.00,0.00,0.00,0.00,0.00,0.00,0.00,N/A
1711479600,Mar 26 2024 - 7:00pm,complete,N/A,Jordan,Pakistan,Gamini Nivon Robesh,2,1.33,0.80,1.81,0.50,7,0,7,2,2,0,"15,28,52,62,75,79,83","",-1,-1,1,0,1,0,0,1,0,1,-1,-1,-1,-1,-1,-1,-1,-1,-1,-1,0.00,0.56,0.00,0.00,2.67,27,80,47,20,10,54,64,37,74,3.00,4.60,0.00,0.00,0.00,0.00,0.00,0.00,0.00,0.00,0.00,Amman International Stadium
1711479600,Mar 26 2024 - 7:00pm,complete,N/A,Yemen,UAE,Ilgiz Tantashev,2,1.40,3.00,1.13,1.75,0,3,3,3,0,3,"","14,22,35",-1,-1,1,0,4,0,0,1,1,3,-1,-1,-1,-1,-1,-1,-1,-1,-1,-1,1.43,0.00,0.00,0.00,2.70,37,100,54,17,0,17,90,47,84,2.50,3.60,0.00,0.00,0.00,0.00,0.00,0.00,0.00,0.00,0.00,N/A
1717664400,Jun 06 2024 - 9:00am,complete,N/A,Indonesia,Iraq,Shaun Evans,5,2.17,3.00,1.40,2.05,0,2,2,0,0,0,"","88,54",8,3,1,1,1,0,0,2,1,0,9,11,1,2,8,9,13,9,55,45,2.24,0.00,0.00,0.00,3.63,29,67,59,50,50,59,67,50,100,9.00,2.92,0.00,0.00,0.00,0.00,0.00,0.00,0.00,0.00,0.00,Patriot Chandrabhaga Stadium
1717670700,Jun 06 2024 - 10:45am,complete,N/A,Bangladesh,Australia,Jansen Foo Chuan Hui,5,0.83,3.00,0.63,2.31,0,2,2,1,0,1,"","62,29",1,9,1,0,0,0,0,1,0,0,2,15,0,4,2,11,7,4,27,73,1.59,0.00,0.00,0.00,3.54,25,79,50,42,42,38,75,59,88,3.00,4.83,0.00,0.00,0.00,0.00,0.00,0.00,0.00,0.00,0.00,N/A
1717671600,Jun 06 2024 - 11:00am,complete,N/A,Taiwan,Oman,Zaid Thamer Mohammed,5,1.00,2.25,0.75,1.50,0,3,3,1,0,1,"","31,55,75",4,3,2,0,1,0,1,1,1,0,5,29,0,7,5,22,11,8,34,66,1.40,0.00,0.00,0.00,2.59,9,79,46,17,9,38,59,38,92,4.00,2.83,0.00,0.00,0.00,0.00,0.00,0.00,0.00,0.00,0.00,Taipei Municipal Stadium
1717675200,Jun 06 2024 - 12:00pm,complete,N/A,Hong Kong,Iran,Kassem Matar Elhatmy,5,0.67,2.50,0.63,2.31,2,4,6,3,1,2,"14,59","12,34,56,65",-1,-1,1,0,1,0,0,1,0,1,-1,-1,-1,-1,-1,-1,-1,-1,-1,-1,2.61,0.00,0.00,0.00,3.34,21,88,71,63,13,63,92,63,79,8.00,2.67,0.00,0.00,0.00,0.00,0.00,0.00,0.00,0.00,0.00,Mong Kok Stadium
1717675200,Jun 06 2024 - 12:00pm,complete,N/A,Singapore,South Korea,Sadullo Gulmurodi,5,1.17,2.50,0.88,2.38,0,7,7,2,0,2,"","9,20,53,54,79,81,56",-1,-1,-1,-1,-1,-1,-1,-1,-1,-1,-1,-1,-1,-1,-1,-1,-1,-1,-1,-1,1.94,0.00,0.00,0.00,3.46,46,92,79,46,29,46,92,59,100,9.50,3.25,0.00,0.00,0.00,0.00,0.00,0.00,0.00,0.00,0.00,N/A
1717675200,Jun 06 2024 - 12:00pm,complete,N/A,Vietnam,Philippines,Hanna Hattab,5,0.75,0.25,1.00,0.17,3,2,5,0,0,0,"65,76,90'5","62,89",-1,-1,2,0,1,0,0,2,0,1,-1,-1,-1,-1,-1,-1,-1,-1,-1,-1,0.00,0.00,0.00,0.00,2.13,13,63,25,13,13,25,63,13,100,0.00,5.25,0.00,0.00,0.00,0.00,0.00,0.00,0.00,0.00,0.00,N/A
1717675200,Jun 06 2024 - 12:00pm,complete,N/A,China,Thailand,Ilgiz Tantashev,5,1.75,1.00,1.06,1.33,1,1,2,1,0,1,"79","20",5,8,1,0,3,0,1,0,1,2,16,17,7,4,9,13,13,22,53,47,0.00,0.00,0.00,0.00,3.38,75,100,88,38,13,75,100,50,100,0.00,4.50,0.00,0.00,0.00,0.00,0.00,0.00,0.00,0.00,0.00,Shenyang Olympic Sports Center Stadium
1717675800,Jun 06 2024 - 12:10pm,complete,N/A,Myanmar,Japan,Majed Al Shamrani,5,0.83,3.00,0.63,2.56,0,5,5,2,0,2,"","83,90'3,17,34,75",1,9,1,0,1,0,0,1,0,1,3,21,1,9,2,12,4,12,24,76,0.87,0.00,0.00,0.00,4.00,25,79,71,59,59,42,79,59,67,15.00,2.08,0.00,0.00,0.00,0.00,0.00,0.00,0.00,0.00,0.00,Thuwanna YTC Stadium
1717678800,Jun 06 2024 - 1:00pm,complete,N/A,North Korea,Syria,Salman Ahmad Flahi,5,1.50,1.00,0.75,1.17,0,1,1,1,0,1,"","37",-1,-1,1,0,1,0,0,1,1,0,-1,-1,-1,-1,-1,-1,-1,-1,-1,-1,0.00,0.00,0.00,0.00,3.38,25,63,50,38,38,25,63,38,75,3.00,1.25,0.00,0.00,0.00,0.00,0.00,0.00,0.00,0.00,0.00,N/A
1717680600,Jun 06 2024 - 1:30pm,complete,N/A,India,Kuwait,Ming Fu,5,1.00,0.75,0.83,0.75,0,0,0,0,0,0,"","",7,4,1,0,2,0,0,1,0,2,15,13,3,4,12,9,11,12,48,52,0.00,0.00,0.00,0.00,2.25,25,63,63,13,0,0,38,63,88,0.00,4.25,0.00,0.00,0.00,0.00,0.00,0.00,0.00,0.00,0.00,N/A
1717684200,Jun 06 2024 - 2:30pm,complete,N/A,Uzbekistan,Turkmenistan,Yusuke Araki,5,2.50,0.25,2.19,0.33,3,1,4,3,2,1,"17,29,70","25",-1,-1,2,0,2,0,1,1,0,2,-1,-1,-1,-1,-1,-1,-1,-1,-1,-1,0.00,0.00,0.00,0.00,3.38,50,88,75,63,13,38,88,75,88,0.00,3.00,0.00,0.00,0.00,0.00,0.00,0.00,0.00,0.00,0.00,Milliy Stadion
1717686000,Jun 06 2024 - 3:00pm,complete,N/A,Kyrgyzstan,Malaysia,Adham Mohammad Tumah Makhadmeh,5,2.25,1.50,1.19,1.67,1,1,2,2,1,1,"24","38",-1,-1,1,0,1,0,0,1,1,0,-1,-1,-1,-1,-1,-1,-1,-1,-1,-1,0.00,0.00,0.00,0.00,3.50,38,75,38,38,38,38,50,63,100,0.00,3.75,0.00,0.00,0.00,0.00,0.00,0.00,0.00,0.00,0.00,Stadion im. Dolena Omurzakova
1717687800,Jun 06 2024 - 3:30pm,complete,20124,Pakistan,Saudi Arabia,Ammar Ebrahim Hasan Mahfoodh,5,0.67,2.50,0.50,1.67,0,3,3,2,0,2,"","26,41,59",0,7,2,0,0,0,0,2,0,0,2,19,0,8,2,11,3,5,16,84,0.56,0.00,0.00,0.00,2.96,21,71,46,38,17,38,71,50,67,3.00,3.58,0.00,0.00,0.00,0.00,0.00,0.00,0.00,0.00,0.00,N/A
1717689600,Jun 06 2024 - 4:00pm,complete,N/A,Afghanistan,Qatar,Sivakorn Pu-udom,5,1.67,3.00,1.38,1.83,0,0,0,0,0,0,"","",2,8,3,0,3,0,0,3,0,3,2,10,0,2,2,8,15,7,30,70,1.56,0.00,0.00,0.00,3.75,42,75,75,29,21,21,50,75,92,14.00,2.83,0.00,0.00,0.00,0.00,0.00,0.00,0.00,0.00,0.00,N/A
1717689600,Jun 06 2024 - 4:00pm,complete,N/A,Nepal,UAE,Payam Heydari,5,0.67,3.00,0.63,1.75,0,4,4,2,0,2,"","12,14,53,75",-1,-1,1,0,0,0,0,1,0,0,-1,-1,-1,-1,-1,-1,-1,-1,-1,-1,1.32,0.00,0.00,0.00,2.92,21,92,63,29,9,50,84,29,59,4.50,4.17,0.00,0.00,0.00,0.00,0.00,0.00,0.00,0.00,0.00,N/A
1717689600,Jun 06 2024 - 4:00pm,complete,N/A,Palestine,Lebanon,Abdulrahman Ibrahim Al Jassim,5,1.75,0.50,1.13,1.00,0,0,0,0,0,0,"","",-1,-1,2,0,6,0,1,1,1,5,-1,-1,-1,-1,-1,-1,-1,-1,-1,-1,0.00,0.00,0.00,0.00,2.00,13,50,25,25,25,13,50,38,63,0.00,3.00,0.00,0.00,0.00,0.00,0.00,0.00,0.00,0.00,0.00,N/A
1717695000,Jun 06 2024 - 5:30pm,complete,N/A,Jordan,Tajikistan,Ahmed Abu Bakar Said Al Kaf,5,1.75,1.25,1.81,1.33,3,0,3,0,0,0,"51,68,90'4","",-1,-1,1,0,3,0,1,0,0,3,-1,-1,-1,-1,-1,-1,-1,-1,-1,-1,0.00,0.00,0.00,0.00,3.25,50,88,38,25,25,50,63,63,75,0.00,3.00,0.00,0.00,0.00,0.00,0.00,0.00,0.00,0.00,0.00,Amman International Stadium
1717695000,Jun 06 2024 - 5:30pm,complete,N/A,Bahrain,Yemen,Muhammad Nazmi bin Nasaruddin,5,2.25,1.17,1.06,1.13,0,0,0,0,0,0,"","",-1,-1,2,0,1,0,1,1,1,0,-1,-1,-1,-1,-1,-1,-1,-1,-1,-1,0.00,1.43,0.00,0.00,2.75,17,100,50,13,13,34,92,38,79,2.50,3.25,0.00,0.00,0.00,0.00,0.00,0.00,0.00,0.00,0.00,Stād al-Bahrayn al-Watanī (Bahrain National Stadium)
1718100840,Jun 11 2024 - 10:14am,complete,N/A,Japan,Syria,Ahmed Al Alili,6,3.00,1.40,2.56,1.17,5,0,5,3,3,0,"13,19,73,85,21","",3,1,1,0,2,0,0,1,0,2,21,7,13,0,8,7,16,12,67,33,0.00,0.00,0.00,0.00,3.50,10,70,60,50,50,40,80,50,70,10.67,0.40,0.00,0.00,0.00,0.00,0.00,0.00,0.00,0.00,0.00,N/A
1718103600,Jun 11 2024 - 11:00am,complete,N/A,South Korea,China,Mohammed Al Hoaish,6,2.60,1.60,2.38,1.06,1,0,1,0,0,0,"61","",11,1,1,0,4,0,1,0,1,3,12,2,6,0,6,2,14,14,82,18,0.00,0.00,0.00,0.00,3.70,50,100,80,40,30,60,100,50,100,5.00,3.20,0.00,0.00,0.00,0.00,0.00,0.00,0.00,0.00,0.00,Seoul World Cup Stadium
1718107800,Jun 11 2024 - 12:10pm,complete,N/A,Australia,Palestine,Khaled Al Teris,6,3.00,1.60,2.31,1.13,5,0,5,3,3,0,"5,26,41,53,87","",4,2,3,0,1,0,0,3,1,0,10,11,6,2,4,9,11,9,56,44,0.00,0.00,0.00,0.00,2.40,0,50,30,30,30,20,70,30,60,9.00,2.80,0.00,0.00,0.00,0.00,0.00,0.00,0.00,0.00,0.00,N/A
1718109000,Jun 11 2024 - 12:30pm,complete,N/A,Thailand,Singapore,Mohanad Qasim Eessee Sarray,6,1.00,1.00,1.33,0.88,3,1,4,1,1,0,"37,79,86","57",13,3,2,0,5,0,0,2,1,4,35,10,13,2,22,8,14,17,56,44,0.00,1.94,0.00,0.00,3.47,69,93,73,46,22,56,93,56,100,17.50,3.60,0.00,0.00,0.00,0.00,0.00,0.00,0.00,0.00,0.00,Rajamangala National Stadium
1718109000,Jun 11 2024 - 12:30pm,complete,N/A,Indonesia,Philippines,Rustam Lutfullin,6,1.86,0.20,1.40,0.17,2,0,2,1,1,0,"32,56","",7,4,1,0,2,0,0,1,0,2,20,7,7,1,13,6,9,11,54,46,2.24,0.00,0.00,0.00,3.36,35,83,49,42,42,39,66,49,100,8.67,4.91,0.00,0.00,0.00,0.00,0.00,0.00,0.00,0.00,0.00,Patriot Chandrabhaga Stadium
1718110800,Jun 11 2024 - 1:00pm,complete,N/A,Malaysia,Taiwan,Abdullah Jamali,6,1.40,0.86,1.67,0.75,3,1,4,1,0,1,"53,69,90'6","20",-1,-1,1,0,1,0,1,0,0,1,-1,-1,-1,-1,-1,-1,-1,-1,-1,-1,0.00,1.40,0.00,0.00,2.97,27,83,46,25,17,42,66,49,83,4.00,3.03,0.00,0.00,0.00,0.00,0.00,0.00,0.00,0.00,0.00,Stadium Nasional Bukit Jalil
1718110800,Jun 11 2024 - 1:00pm,complete,N/A,North Korea,Myanmar,Yinhao Shen,6,1.20,0.71,0.75,0.63,4,1,5,3,3,0,"13,16,87,43","57",-1,-1,2,0,6,0,0,2,1,5,-1,-1,-1,-1,-1,-1,-1,-1,-1,-1,0.00,0.87,0.00,0.00,3.59,32,63,56,46,46,32,73,46,63,5.67,3.14,0.00,0.00,0.00,0.00,0.00,0.00,0.00,0.00,0.00,New Laos National Stadium
1718118000,Jun 11 2024 - 3:00pm,complete,N/A,Turkmenistan,Hong Kong,Hussein Abo Yehia,6,0.20,0.57,0.33,0.63,0,0,0,0,0,0,"","",-1,-1,-1,-1,-1,-1,-1,-1,-1,-1,-1,-1,-1,-1,-1,-1,-1,-1,-1,-1,0.00,2.61,0.00,0.00,3.59,45,90,76,69,17,59,93,49,83,8.00,3.14,0.00,0.00,0.00,0.00,0.00,0.00,0.00,0.00,0.00,N/A
1718118000,Jun 11 2024 - 3:00pm,complete,N/A,Tajikistan,Pakistan,Mouood Bonyadifar,6,1.00,0.57,1.33,0.50,3,0,3,1,1,0,"35,65,70","",-1,-1,1,0,2,0,1,0,1,1,-1,-1,-1,-1,-1,-1,-1,-1,-1,-1,0.00,0.56,0.00,0.00,3.29,37,76,56,32,25,39,56,62,83,2.00,3.89,0.00,0.00,0.00,0.00,0.00,0.00,0.00,0.00,0.00,N/A
1718120700,Jun 11 2024 - 3:45pm,complete,N/A,Qatar,India,Woo-Sung Kim,6,2.60,1.00,1.83,0.83,2,1,3,1,0,1,"73,85","37",4,1,2,0,4,0,2,0,0,4,18,9,8,2,10,7,7,13,55,45,0.00,0.00,0.00,0.00,2.50,30,60,60,10,10,10,40,60,70,16.00,3.00,0.00,0.00,0.00,0.00,0.00,0.00,0.00,0.00,0.00,N/A
1718120700,Jun 11 2024 - 3:45pm,complete,N/A,Kuwait,Afghanistan,Hiroyuki Kimura,6,0.80,1.57,0.75,1.38,1,0,1,0,0,0,"81","",-1,-1,2,0,3,0,1,1,0,3,-1,-1,-1,-1,-1,-1,-1,-1,-1,-1,0.00,1.56,0.00,0.00,2.39,25,52,52,25,7,7,32,52,76,7.50,4.43,0.00,0.00,0.00,0.00,0.00,0.00,0.00,0.00,0.00,Jaber Al-Ahmad International Stadium
1718121600,Jun 11 2024 - 4:00pm,complete,N/A,Lebanon,Bangladesh,Razlan Joffri bin Ali,6,0.60,0.71,1.00,0.63,4,0,4,2,2,0,"5,45'2,60,49","",-1,-1,2,0,2,0,1,1,2,0,-1,-1,-1,-1,-1,-1,-1,-1,-1,-1,0.00,1.59,0.00,0.00,2.47,32,73,32,25,25,22,49,49,80,2.33,5.40,0.00,0.00,0.00,0.00,0.00,0.00,0.00,0.00,0.00,N/A
1718121600,Jun 11 2024 - 4:00pm,complete,N/A,Oman,Kyrgyzstan,Alireza Faghani,6,2.40,2.00,1.50,1.19,1,1,2,1,0,1,"57","20",8,4,0,0,0,0,0,0,0,0,14,8,3,3,11,5,7,8,52,48,0.00,0.00,0.00,0.00,2.90,30,80,40,20,20,40,60,50,90,3.00,3.20,0.00,0.00,0.00,0.00,0.00,0.00,0.00,0.00,0.00,Sultan Qaboos Sport Complex
1718125200,Jun 11 2024 - 5:00pm,complete,N/A,UAE,Bahrain,Ning Ma,6,3.00,2.00,1.75,1.06,1,1,2,2,1,1,"10","4",-1,-1,3,0,1,0,1,2,0,1,-1,-1,-1,-1,-1,-1,-1,-1,-1,-1,0.00,0.00,0.00,0.00,2.80,10,90,60,30,10,50,90,30,60,0.00,3.80,0.00,0.00,0.00,0.00,0.00,0.00,0.00,0.00,0.00,N/A
1718125200,Jun 11 2024 - 5:00pm,complete,N/A,Iran,Uzbekistan,Jong-Hyeok Kim,6,2.60,2.60,2.31,2.19,0,0,0,0,0,0,"","",-1,-1,1,0,1,0,0,1,1,0,-1,-1,-1,-1,-1,-1,-1,-1,-1,-1,0.00,0.00,0.00,0.00,3.70,50,90,80,70,20,60,90,80,90,0.00,2.60,0.00,0.00,0.00,0.00,0.00,0.00,0.00,0.00,0.00,Azadi Stadium
1718128800,Jun 11 2024 - 6:00pm,complete,N/A,Iraq,Vietnam,Omar Mohamed Al Ali,6,3.00,1.20,2.05,1.00,3,1,4,1,1,0,"12,71,90'2","84",-1,-1,1,0,1,0,1,0,1,0,-1,-1,-1,-1,-1,-1,-1,-1,-1,-1,0.00,0.00,0.00,0.00,2.70,20,60,40,30,30,30,40,40,100,3.00,3.00,0.00,0.00,0.00,0.00,0.00,0.00,0.00,0.00,0.00,Basra Sport City Stadium
1718128800,Jun 11 2024 - 6:00pm,complete,N/A,Saudi Arabia,Jordan,Adel Al Naqbi,6,2.60,2.00,1.67,1.81,1,2,3,3,1,2,"16","27,45'2",7,3,3,0,3,0,2,1,1,2,17,10,6,4,11,6,13,11,71,29,0.00,0.00,0.00,0.00,2.90,20,90,50,20,10,50,70,50,70,7.00,2.60,0.00,0.00,0.00,0.00,0.00,0.00,0.00,0.00,0.00,N/A
1718128800,Jun 11 2024 - 6:00pm,complete,N/A,Yemen,Nepal,Ahmad Ibrahim,6,1.14,0.57,1.13,0.63,2,2,4,2,1,1,"90'1,9","22,66",-1,-1,0,0,4,0,0,0,0,4,-1,-1,-1,-1,-1,-1,-1,-1,-1,-1,1.43,1.32,0.00,0.00,2.57,22,86,50,22,7,36,71,43,71,7.00,3.00,0.00,0.00,0.00,0.00,0.00,0.00,0.00,0.00,0.00,N/A
1725531000,Sep 05 2024 - 10:10am,complete,N/A,Australia,Bahrain,N/A,1,3.00,1.83,2.31,1.06,0,1,1,0,0,0,"","89",4,3,3,1,2,0,0,4,0,2,11,3,4,1,7,2,13,17,71,29,0.00,0.00,0.00,0.00,3.00,9,83,42,34,34,42,92,34,67,6.50,3.17,0.00,0.00,0.00,0.00,0.00,0.00,0.00,0.00,0.00,N/A
1725532500,Sep 05 2024 - 10:35am,complete,N/A,Japan,China,Abdulrahman Ibrahim Al Jassim,1,3.00,1.33,2.56,1.06,7,0,7,2,2,0,"12,45'2,52,58,77,87,90'5","",5,2,0,0,3,0,0,0,2,1,17,1,9,0,8,1,20,9,77,23,0.00,0.00,0.00,0.00,3.50,34,83,75,50,42,67,83,50,84,11.75,3.17,0.00,0.00,0.00,0.00,0.00,0.00,0.00,0.00,0.00,National Olympic Stadium
1725534000,Sep 05 2024 - 11:00am,complete,N/A,South Korea,Palestine,Alireza Faghani,1,2.67,1.33,2.38,1.13,0,0,0,0,0,0,"","",4,1,1,0,5,0,1,0,3,2,16,10,5,3,11,7,12,7,75,25,0.00,0.00,0.00,0.00,2.75,9,58,50,33,33,33,67,42,75,13.00,2.00,0.00,0.00,0.00,0.00,0.00,0.00,0.00,0.00,0.00,Seoul World Cup Stadium
1725544800,Sep 05 2024 - 2:00pm,complete,N/A,Uzbekistan,North Korea,Ahmed Abu Bakar Said Al Kaf,1,2.33,1.50,2.19,0.75,1,0,1,1,1,0,"20","",6,1,0,0,0,0,0,0,0,0,13,8,4,4,9,4,11,14,47,53,0.00,0.00,0.00,0.00,2.92,42,67,59,42,17,33,67,50,67,3.00,2.34,0.00,0.00,0.00,0.00,0.00,0.00,0.00,0.00,0.00,Milliy Stadion
1725552000,Sep 05 2024 - 4:00pm,complete,N/A,Iraq,Oman,Khaled Al Teris,1,3.00,2.17,2.05,1.50,1,0,1,1,1,0,"13","",2,7,1,0,1,1,0,1,1,1,7,11,3,5,4,6,16,2,42,58,0.00,0.00,0.00,0.00,2.67,25,75,42,25,17,25,59,50,100,8.50,1.67,0.00,0.00,0.00,0.00,0.00,0.00,0.00,0.00,0.00,Basra Sport City Stadium
1725552000,Sep 05 2024 - 4:00pm,complete,N/A,Iran,Kyrgyzstan,Yusuke Araki,1,2.33,1.83,2.31,1.19,1,0,1,1,1,0,"34","",3,3,0,0,0,0,0,0,0,0,20,7,3,6,17,1,5,10,67,33,0.00,0.00,0.00,0.00,3.33,50,75,50,50,33,59,75,59,75,4.00,2.83,0.00,0.00,0.00,0.00,0.00,0.00,0.00,0.00,0.00,Naghsh-e-Jahan Stadium
1725552000,Sep 05 2024 - 4:00pm,complete,N/A,Qatar,UAE,N/A,1,2.67,2.67,1.83,1.75,1,3,4,1,1,0,"38","68,80,90'4",9,4,2,0,3,0,0,2,2,1,8,9,1,4,7,5,16,8,69,31,0.00,0.00,0.00,0.00,3.25,42,92,75,25,9,42,75,58,67,7.33,3.34,0.00,0.00,0.00,0.00,0.00,0.00,0.00,0.00,0.00,N/A
1725559200,Sep 05 2024 - 6:00pm,complete,N/A,Jordan,Kuwait,Adel Al Naqbi,1,2.17,1.17,1.81,0.75,1,1,2,1,1,0,"14","90'2",6,0,1,0,1,0,0,1,1,0,16,5,3,2,13,3,19,9,46,54,0.00,0.00,0.00,0.00,2.67,25,75,59,17,9,34,42,50,75,7.00,3.83,0.00,0.00,0.00,0.00,0.00,0.00,0.00,0.00,0.00,Amman International Stadium
1725559200,Sep 05 2024 - 6:00pm,complete,N/A,Saudi Arabia,Indonesia,N/A,1,2.17,2.00,1.67,1.40,1,1,2,2,1,1,"45'3","19",6,1,2,0,3,0,0,2,1,2,18,8,4,2,14,6,6,15,66,34,0.00,2.24,0.00,0.00,3.00,29,86,50,28,19,50,79,42,75,15.25,3.83,0.00,0.00,0.00,0.00,0.00,0.00,0.00,0.00,0.00,King Abdullah Sports City
1725969600,Sep 10 2024 - 12:00pm,complete,N/A,China,Saudi Arabia,N/A,2,1.14,2.00,1.06,1.67,1,2,3,2,1,1,"14","39,90",6,5,2,0,3,1,2,0,3,1,15,11,1,3,14,8,15,9,43,57,0.00,0.00,0.00,0.00,3.00,50,86,57,29,15,64,86,36,72,9.34,4.43,0.00,0.00,0.00,0.00,0.00,0.00,0.00,0.00,0.00,N/A
1725969600,Sep 10 2024 - 12:00pm,complete,N/A,Indonesia,Australia,Salman Ahmad Flahi,2,1.89,2.57,1.40,2.31,0,0,0,0,0,0,"","",3,15,1,0,3,0,0,1,2,1,5,19,2,5,3,14,12,7,37,63,2.24,0.00,0.00,0.00,3.31,17,80,44,38,38,43,82,44,88,12.47,4.56,0.00,0.00,0.00,0.00,0.00,0.00,0.00,0.00,0.00,Patriot Chandrabhaga Stadium
1725969600,Sep 10 2024 - 12:00pm,complete,N/A,North Korea,Qatar,Muhammad Nazmi bin Nasaruddin,2,1.29,2.29,0.75,1.83,2,2,4,3,1,2,"19,51","44,31",5,6,3,1,2,0,2,2,2,0,11,23,5,6,6,17,14,14,27,73,0.00,0.00,0.00,0.00,3.14,43,65,65,29,22,22,64,58,65,9.75,2.29,0.00,0.00,0.00,0.00,0.00,0.00,0.00,0.00,0.00,New Laos National Stadium
1725976800,Sep 10 2024 - 2:00pm,complete,N/A,Oman,South Korea,N/A,2,1.86,2.43,1.50,2.38,1,3,4,2,1,1,"45'2","10,82,90'11",3,10,5,0,2,0,0,5,2,0,6,16,0,8,6,8,16,11,34,66,0.00,0.00,0.00,0.00,2.50,14,71,43,15,15,22,71,36,86,13.50,1.86,0.00,0.00,0.00,0.00,0.00,0.00,0.00,0.00,0.00,Sultan Qaboos Sport Complex
1725976800,Sep 10 2024 - 2:00pm,complete,N/A,Palestine,Jordan,Majed Al Shamrani,2,1.29,2.00,1.13,1.81,1,3,4,2,1,1,"41","5,50,72",5,8,2,0,0,0,1,1,0,0,10,17,4,5,6,12,8,8,55,45,0.00,0.00,0.00,0.00,2.43,22,65,43,22,22,43,57,36,57,6.00,3.71,0.00,0.00,0.00,0.00,0.00,0.00,0.00,0.00,0.00,KLFA Stadium
1725976800,Sep 10 2024 - 2:00pm,complete,N/A,Kyrgyzstan,Uzbekistan,Ahmed Al Alili,2,1.57,2.43,1.19,2.19,2,3,5,4,2,2,"15,35","17,45,72",3,7,0,0,2,0,0,0,1,1,11,17,2,9,9,8,4,8,37,63,0.00,0.00,0.00,0.00,2.79,50,71,43,36,15,36,71,50,71,9.50,2.29,0.00,0.00,0.00,0.00,0.00,0.00,0.00,0.00,0.00,Stadion im. Dolena Omurzakova
1725984000,Sep 10 2024 - 4:00pm,complete,N/A,Bahrain,Japan,Rustam Lutfullin,2,2.00,3.00,1.06,2.56,0,5,5,1,0,1,"","81,37,47,61,64",1,4,1,0,0,0,0,1,0,0,3,14,1,9,2,5,7,11,24,76,0.00,0.00,0.00,0.00,3.29,7,79,58,43,43,57,79,43,64,11.00,1.85,0.00,0.00,0.00,0.00,0.00,0.00,0.00,0.00,0.00,Stād al-Bahrayn al-Watanī (Bahrain National Stadium)
1725984000,Sep 10 2024 - 4:00pm,complete,N/A,UAE,Iran,Jong-Hyeok Kim,2,2.71,2.43,1.75,2.31,0,1,1,1,0,1,"","45'3",5,2,0,0,4,0,0,0,1,3,12,12,2,3,10,9,5,7,60,40,0.00,0.00,0.00,0.00,3.07,36,79,64,50,15,57,93,50,57,7.00,3.43,0.00,0.00,0.00,0.00,0.00,0.00,0.00,0.00,0.00,Hazza Bin Zayed Stadium
1725991200,Sep 10 2024 - 6:00pm,complete,N/A,Kuwait,Iraq,Hiroyuki Kimura,2,1.14,3.00,0.75,2.05,0,0,0,0,0,0,"","",0,4,0,0,1,1,0,0,1,1,7,10,2,2,5,8,15,7,59,41,0.00,0.00,0.00,0.00,2.43,29,57,43,29,15,15,43,50,86,4.50,2.43,0.00,0.00,0.00,0.00,0.00,0.00,0.00,0.00,0.00,Jaber Al-Ahmad International Stadium
1728551400,Oct 10 2024 - 9:10am,complete,N/A,Australia,China,Muhammad Nazmi bin Nasaruddin,3,2.38,1.00,2.31,1.06,3,1,4,2,1,1,"45'2,90'2,53","20",3,3,0,0,2,0,0,0,1,1,17,6,4,1,13,5,9,12,73,27,0.00,0.00,1.76,0.59,3.19,32,76,57,38,32,50,82,38,88,11.50,5.01,1.19,7.00,15.50,1.23,1.65,2.68,4.68,2.96,1.41,N/A
1728568800,Oct 10 2024 - 2:00pm,complete,N/A,Uzbekistan,Iran,Shaun Evans,3,2.50,2.50,2.19,2.31,0,0,0,0,0,0,"","",2,5,3,0,1,1,2,1,0,2,10,10,1,5,9,5,19,5,45,55,0.00,0.00,1.10,1.32,2.82,38,63,57,50,19,44,82,50,63,9.00,2.63,2.88,2.83,2.60,1.50,2.70,4.88,9.05,2.05,1.80,Milliy Stadion
1728568800,Oct 10 2024 - 2:00pm,complete,N/A,Jordan,South Korea,Hiroyuki Kimura,3,2.13,2.50,1.81,2.38,0,2,2,1,0,1,"","38,68",2,2,1,0,0,0,1,0,0,0,13,12,2,5,11,7,12,7,25,75,0.00,0.00,1.23,1.37,3.19,38,88,63,32,19,51,75,50,82,14.00,2.25,4.62,3.30,1.80,1.30,2.12,3.40,6.50,1.98,1.85,King Abdullah International Stadium
1728576000,Oct 10 2024 - 4:00pm,complete,N/A,Qatar,Kyrgyzstan,N/A,3,2.13,1.38,1.83,1.19,3,1,4,1,1,0,"39,63,81","76",10,3,2,0,2,0,2,0,1,1,30,8,8,3,22,5,4,17,63,37,0.00,0.00,2.82,0.83,3.44,63,82,63,38,26,38,69,57,82,10.73,2.51,1.27,5.00,11.50,1.18,1.56,2.50,4.30,2.10,1.65,N/A
1728576000,Oct 10 2024 - 4:00pm,complete,N/A,Bahrain,Indonesia,Ahmed Abu Bakar Said Al Kaf,3,1.75,1.80,1.06,1.40,2,2,4,2,1,1,"15,90'9","45'3,74",7,1,2,0,3,0,1,1,0,3,24,5,5,5,19,0,10,27,56,44,0.00,2.24,2.16,0.83,2.75,22,78,39,28,28,44,73,33,72,8.17,4.03,2.10,3.20,3.10,1.42,2.25,4.40,7.55,1.91,1.77,Stād al-Bahrayn al-Watanī (Bahrain National Stadium)
1728576000,Oct 10 2024 - 4:00pm,complete,N/A,Oman,Kuwait,Alireza Faghani,3,1.63,1.13,1.50,0.75,4,0,4,2,2,0,"17,30,58,79","",7,2,0,0,2,0,0,0,0,2,17,8,7,1,10,7,13,8,65,35,0.00,0.00,1.93,0.81,2.00,25,63,38,13,0,13,50,38,82,6.58,3.38,1.50,3.85,6.35,1.40,2.20,4.00,6.93,2.15,1.55,Sultan Qaboos Sport Complex
1728576000,Oct 10 2024 - 4:00pm,complete,N/A,UAE,North Korea,Adham Mohammad Tumah Makhadmeh,3,2.38,1.25,1.75,0.75,1,1,2,0,0,0,"66","86",5,5,2,0,1,0,0,2,1,0,8,17,1,7,7,10,12,16,59,41,0.00,0.00,0.88,1.81,2.88,38,69,57,38,13,44,88,32,50,7.50,3.50,1.63,3.67,5.30,1.32,2.20,3.60,7.80,1.97,1.58,Hazza Bin Zayed Stadium
1728583200,Oct 10 2024 - 6:00pm,complete,N/A,Iraq,Palestine,Adel Al Naqbi,3,2.75,1.13,2.05,1.13,1,0,1,1,1,0,"31","",7,2,2,0,3,0,1,1,2,1,6,4,2,1,4,3,15,11,59,41,0.00,0.00,0.87,0.57,2.25,19,44,38,38,25,32,50,44,63,5.67,2.88,1.41,4.10,7.10,1.29,2.04,3.50,6.35,2.20,1.63,Basra Sport City Stadium
1728583200,Oct 10 2024 - 6:00pm,complete,56283,Saudi Arabia,Japan,Jong-Hyeok Kim,3,2.13,3.00,1.67,2.56,0,2,2,1,0,1,"","81,14",7,5,1,0,2,0,0,1,1,1,13,7,2,3,11,4,8,12,57,43,0.00,0.00,1.33,0.89,3.50,25,88,69,44,38,63,88,50,63,13.58,2.01,5.25,3.80,1.63,1.26,1.85,3.25,5.45,1.88,1.89,King Abdullah Sports City
1728988500,Oct 15 2024 - 10:35am,complete,58730,Japan,Australia,N/A,4,3.00,2.44,2.56,2.31,1,1,2,0,0,0,"76","58",9,0,0,0,4,0,0,0,0,4,12,1,3,0,9,1,12,9,65,35,0.89,1.76,1.57,0.22,3.61,6,78,61,56,50,45,84,56,78,14.00,2.22,1.37,4.35,7.80,1.22,1.78,2.71,4.20,2.05,1.72,National Olympic Stadium
1728990000,Oct 15 2024 - 11:00am,complete,N/A,South Korea,Iraq,Rustam Lutfullin,4,2.56,2.78,2.38,2.05,3,2,5,1,1,0,"41,84,75","51,90'5",1,4,3,0,2,0,1,2,0,2,7,8,3,2,4,6,7,8,76,24,1.37,0.87,0.98,0.80,2.67,22,61,45,33,22,28,67,44,78,10.75,1.67,1.49,3.64,7.25,1.43,2.30,4.30,9.00,2.40,1.55,N/A
1728993600,Oct 15 2024 - 12:00pm,complete,N/A,China,Indonesia,Omar Mohamed Al Ali,4,0.89,1.73,1.06,1.40,2,1,3,2,2,0,"21,44","87",1,6,1,0,3,0,1,0,2,1,5,14,3,6,2,8,11,8,24,76,0.59,1.77,0.65,1.89,3.33,52,86,62,40,25,67,81,45,91,8.83,5.23,2.37,3.25,2.80,1.33,2.07,3.50,7.38,1.79,1.90,Qingdao Tiantai Stadium
1729000800,Oct 15 2024 - 2:00pm,complete,N/A,Uzbekistan,UAE,Ning Ma,4,2.33,2.22,2.19,1.75,1,0,1,0,0,0,"76","",4,1,0,0,0,1,0,0,0,1,24,10,4,5,20,5,9,6,60,40,1.10,0.88,2.35,1.19,2.67,44,78,56,39,6,39,78,44,62,9.67,3.33,1.44,3.80,6.55,1.30,2.03,3.83,6.40,2.00,1.70,Milliy Stadion
1729000800,Oct 15 2024 - 2:00pm,complete,N/A,Kyrgyzstan,North Korea,Mohammed Al Hoaish,4,1.22,1.22,1.19,0.75,1,0,1,1,1,0,"11","",3,8,1,0,3,0,1,0,1,2,8,14,3,2,5,12,23,19,39,61,0.83,1.81,1.12,1.58,3.06,56,67,44,39,28,39,73,39,67,6.75,2.66,3.80,3.07,2.05,1.48,2.40,4.75,7.80,2.13,1.65,Stadion im. Dolena Omurzakova
1729008000,Oct 15 2024 - 4:00pm,complete,N/A,Palestine,Kuwait,Abdulrahman Ibrahim Al Jassim,4,1.00,1.00,1.13,0.75,2,2,4,2,1,1,"41,90'3","31,80",5,3,2,1,3,0,1,2,1,2,16,6,4,4,12,2,20,19,55,45,0.57,0.81,1.67,0.92,1.95,17,45,39,28,11,22,45,39,61,4.00,3.78,1.76,3.20,4.30,1.45,2.36,4.70,8.15,2.05,1.70,N/A
1729008000,Oct 15 2024 - 4:00pm,complete,N/A,Jordan,Oman,Khaled Al Teris,4,1.89,1.78,1.81,1.50,4,0,4,1,1,0,"26,49,54,87","",8,4,0,0,1,0,0,0,0,1,16,3,8,1,8,2,16,4,42,58,1.23,1.93,1.85,0.58,2.78,33,89,50,22,6,45,78,44,84,10.35,3.00,1.95,3.25,4.20,1.53,2.65,4.63,7.00,2.20,1.67,King Abdullah International Stadium
1729008000,Oct 15 2024 - 4:00pm,complete,N/A,Iran,Qatar,Yusuke Araki,4,2.33,2.22,2.31,1.83,4,1,5,2,1,1,"42,48,66,90'8","17",3,6,3,0,0,0,0,3,0,0,15,11,7,1,8,10,13,3,46,54,1.32,2.82,1.75,1.00,3.06,45,67,67,44,17,33,73,61,67,11.16,3.11,1.70,3.67,4.60,1.31,1.93,3.53,6.42,1.72,2.02,N/A
1729015200,Oct 15 2024 - 6:00pm,complete,N/A,Saudi Arabia,Bahrain,Salman Ahmad Flahi,4,1.89,1.67,1.67,1.06,0,0,0,0,0,0,"","",8,3,1,0,4,0,1,0,3,1,13,5,4,2,9,3,9,12,67,33,1.33,2.16,1.48,0.62,2.56,33,84,44,22,11,50,84,28,62,10.07,3.45,1.37,4.10,6.25,1.29,1.95,3.53,5.80,2.00,1.68,King Abdullah Sports City
1731575400,Nov 14 2024 - 9:10am,complete,27491,Australia,Saudi Arabia,Adel Al Naqbi,5,2.30,1.80,2.31,1.67,0,0,0,0,0,0,"","",3,3,2,0,2,0,0,2,1,1,13,3,2,1,11,2,10,8,42,58,0.99,1.40,1.29,0.49,2.55,30,75,40,25,15,40,75,35,65,12.50,3.80,1.94,3.30,4.46,1.44,2.55,5.10,12.00,1.90,1.80,N/A
1731585600,Nov 14 2024 - 12:00pm,complete,100,North Korea,Iran,Sadullo Gulmurodi,5,1.10,2.40,0.75,2.31,2,3,5,3,0,3,"59,56","29,41,45",3,2,2,0,1,1,2,0,0,2,17,19,4,13,13,6,11,7,51,49,1.70,1.53,1.89,2.59,2.65,35,50,45,40,25,40,75,40,50,7.65,3.40,9.50,4.40,1.30,1.33,1.85,3.18,5.25,2.35,1.52,New Laos National Stadium
1731592800,Nov 14 2024 - 2:00pm,complete,22791,Kuwait,South Korea,Shaun Evans,5,1.00,2.60,0.75,2.38,1,3,4,2,0,2,"60","19,10,74",0,4,2,0,1,0,1,1,0,1,4,14,1,4,3,10,9,10,25,75,0.87,1.17,0.57,1.80,2.70,30,70,55,35,15,25,60,50,85,7.40,2.70,12.50,6.50,1.20,1.17,1.57,2.40,3.90,2.30,1.55,Jaber Al-Ahmad International Stadium
1731592800,Nov 14 2024 - 2:00pm,complete,7921,Bahrain,China,Adham Mohammad Tumah Makhadmeh,5,1.60,1.10,1.06,1.06,0,1,1,0,0,0,"","90'1",3,4,1,1,1,0,0,2,1,0,6,7,1,3,5,4,10,13,71,29,1.39,0.62,1.15,1.15,2.95,45,80,60,35,20,60,80,35,80,6.50,4.50,1.57,3.55,5.20,1.30,2.00,3.30,7.80,1.95,1.78,N/A
1731600000,Nov 14 2024 - 4:00pm,complete,21754,Oman,Palestine,Ming Fu,5,1.60,1.00,1.50,1.13,1,0,1,0,0,0,"83","",3,8,1,0,0,0,1,0,0,0,11,13,5,5,6,8,9,16,56,44,1.25,1.12,1.57,1.73,2.35,20,60,45,35,10,35,70,45,70,8.33,3.70,1.92,3.00,5.00,1.38,2.70,5.30,6.10,2.25,1.72,Sultan Qaboos Sport Complex
1731600900,Nov 14 2024 - 4:15pm,complete,10759,Qatar,Uzbekistan,Jong-Hyeok Kim,5,2.00,2.40,1.83,2.19,3,2,5,2,2,0,"41,25,90'12","75,80",1,4,2,0,1,0,0,2,0,1,10,19,7,8,3,11,10,8,46,54,1.91,1.73,1.40,2.23,3.10,55,75,70,45,15,30,65,60,80,12.32,2.50,3.00,3.05,2.30,1.33,2.25,4.00,8.50,1.95,1.78,N/A
1731600900,Nov 14 2024 - 4:15pm,complete,65000,Iraq,Jordan,Mohammed Al Hoaish,5,2.50,2.00,2.05,1.81,0,0,0,0,0,0,"","",3,5,2,0,2,0,2,0,0,2,10,9,2,4,8,5,10,14,59,41,0.83,1.54,1.40,1.35,2.90,35,75,50,35,20,35,70,50,75,9.40,2.40,2.10,3.00,3.70,1.42,2.27,4.15,6.20,2.05,1.70,Basra Sport City Stadium
1731600900,Nov 14 2024 - 4:15pm,complete,6238,UAE,Kyrgyzstan,Ahmed Abu Bakar Said Al Kaf,5,2.00,1.40,1.75,1.19,3,0,3,2,2,0,"15,35,89","",4,6,1,0,0,0,0,1,0,0,12,14,6,4,6,10,13,21,53,47,1.04,0.98,1.69,1.63,2.85,50,75,45,35,15,40,80,40,65,6.95,3.20,1.55,3.88,5.80,1.34,2.05,3.60,6.50,2.35,1.52,Mohammed Bin Zayed Stadium
1731672000,Nov 15 2024 - 12:00pm,complete,60304,Indonesia,Japan,Mouood Bonyadifar,5,1.58,2.80,1.40,2.56,0,4,4,2,0,2,"","40,35,49,69",4,6,0,0,1,0,0,0,1,0,8,12,3,7,5,5,8,6,34,66,1.80,1.23,0.99,1.60,3.54,26,87,60,47,43,54,78,56,82,12.75,2.80,11.50,6.50,1.20,1.16,1.54,2.33,3.80,2.10,1.68,Patriot Chandrabhaga Stadium
1732017600,Nov 19 2024 - 12:00pm,complete,166,North Korea,Uzbekistan,Ahmed Al Alili,6,1.00,2.18,0.75,2.19,0,1,1,1,0,1,"","44",3,3,1,0,1,1,0,1,1,1,15,16,2,2,13,14,8,9,59,41,1.76,1.89,1.56,1.50,2.73,45,60,50,41,23,36,69,41,64,8.77,2.82,5.50,3.50,1.70,1.33,2.15,3.99,7.69,1.95,1.78,New Laos National Stadium
1732017600,Nov 19 2024 - 12:00pm,complete,55970,Indonesia,Saudi Arabia,Rustam Lutfullin,6,1.46,1.73,1.40,1.67,2,0,2,1,1,0,"32,57","",4,12,4,1,3,0,1,4,1,2,13,23,6,3,7,20,15,4,23,77,1.64,1.10,1.37,2.14,2.58,37,79,45,24,12,54,75,32,65,11.47,4.04,4.54,3.33,1.91,1.36,2.20,3.75,6.76,1.91,1.75,Patriot Chandrabhaga Stadium
1732017600,Nov 19 2024 - 12:00pm,complete,45336,China,Japan,Muhammad Taqi Aljaafari bin Jahari,6,1.27,2.82,1.06,2.56,1,3,4,2,0,2,"48","45'6,54,39",2,6,3,0,1,0,2,1,0,1,8,11,3,5,5,6,17,10,32,68,0.80,1.35,0.88,1.50,3.64,37,87,73,50,37,64,82,55,91,10.25,2.81,17.00,7.50,1.13,1.11,1.44,2.25,3.99,2.47,1.55,N/A
1732024800,Nov 19 2024 - 2:00pm,complete,10021,Kyrgyzstan,Iran,Ning Ma,6,1.27,2.45,1.19,2.31,2,3,5,2,0,2,"51,64","76,12,33",3,3,2,0,1,0,1,1,1,0,8,14,3,5,5,9,8,13,39,61,1.19,1.89,1.13,1.67,3.00,46,64,50,46,32,50,82,46,64,6.67,3.00,11.00,5.50,1.20,1.21,1.65,2.55,4.00,2.36,1.65,Stadion im. Dolena Omurzakova
1732024800,Nov 19 2024 - 2:00pm,complete,2405,Palestine,South Korea,Yusuke Araki,6,0.91,2.64,1.13,2.38,1,1,2,2,1,1,"12","16",2,8,4,0,0,0,0,4,0,0,6,16,2,6,4,10,16,6,26,74,1.32,1.38,0.75,1.98,2.64,27,59,50,41,23,36,69,46,73,9.16,2.91,10.50,5.80,1.23,1.19,1.66,2.62,5.09,2.15,1.67,King Abdullah International Stadium
1732032000,Nov 19 2024 - 4:00pm,complete,26377,Oman,Iraq,Omar Mohamed Al Ali,6,1.73,2.36,1.50,2.05,0,1,1,1,0,1,"","36",4,3,1,0,3,0,1,0,1,2,9,5,3,3,6,2,8,26,58,42,1.36,1.02,1.15,0.88,2.41,23,59,41,32,14,23,64,45,78,8.83,2.63,2.60,2.97,2.88,1.71,3.00,5.80,11.00,2.42,1.52,Sultan Qaboos Sport Complex
1732032000,Nov 19 2024 - 4:00pm,complete,13825,UAE,Qatar,Khalid Saleh,6,2.09,2.09,1.75,1.83,5,0,5,3,3,0,"73,4,56,45,45'5","",0,2,4,0,3,0,2,2,1,2,9,9,6,0,3,9,21,19,32,68,1.26,1.74,1.16,0.96,3.28,55,87,73,41,14,41,78,59,78,10.55,3.27,2.75,3.15,2.73,1.25,1.94,3.05,6.50,1.67,2.14,Al-Nahyan Stadium
1732040100,Nov 19 2024 - 6:15pm,complete,6873,Bahrain,Australia,Hyung-Jin Ko,6,1.45,2.18,1.06,2.31,2,2,4,1,0,1,"77,75","90'6,1",2,6,1,0,1,0,0,1,0,1,8,8,3,4,5,4,9,10,41,59,1.31,1.09,0.99,1.05,2.46,18,64,36,32,23,32,64,36,69,8.83,4.09,6.00,3.05,1.73,1.42,3.25,4.33,6.69,2.91,1.63,N/A
1732040100,Nov 19 2024 - 6:15pm,complete,29400,Kuwait,Jordan,Muhammad Nazmi bin Nasaruddin,6,0.91,1.91,0.75,1.81,1,1,2,1,0,1,"68","21",3,11,1,0,1,0,1,0,0,1,10,11,5,4,5,7,4,10,49,51,0.77,1.48,1.30,1.62,2.64,36,78,55,32,5,36,59,50,78,6.83,3.18,5.25,3.40,1.60,1.48,2.20,4.62,9.50,2.36,1.67,Jaber Al-Ahmad International Stadium
1742461800,Mar 20 2025 - 9:10am,complete,35241,Australia,Indonesia,Adham Mohammad Tumah Makhadmeh,7,2.08,1.57,2.31,1.40,5,1,6,3,3,0,"34,18,20,61,90","78",5,7,0,0,0,0,0,0,0,0,9,11,7,4,2,7,11,13,40,60,1.08,1.59,1.15,1.30,2.91,31,77,46,39,23,41,73,47,81,10.70,4.50,1.53,3.99,5.50,1.20,1.75,2.85,5.25,1.94,1.93,N/A
1742466900,Mar 20 2025 - 10:35am,complete,58137,Japan,Bahrain,Abdulrahman Ibrahim Al Jassim,7,2.83,1.42,2.56,1.06,2,0,2,0,0,0,"66,87","",8,1,1,0,1,0,0,1,1,0,12,7,4,2,8,5,18,5,61,39,1.39,1.23,1.35,0.81,3.21,21,80,59,50,34,46,75,54,75,10.17,2.34,1.12,8.50,17.00,1.11,1.40,1.93,3.30,2.95,1.33,National Olympic Stadium
1742468400,Mar 20 2025 - 11:00am,complete,35212,South Korea,Oman,Alireza Faghani,7,2.50,1.58,2.38,1.50,1,1,2,1,1,0,"41","80",3,4,0,0,2,0,0,0,0,2,11,5,3,2,8,3,9,10,63,37,1.53,1.31,1.29,0.61,2.75,30,75,50,34,13,34,79,46,83,10.59,2.25,1.18,6.00,12.00,1.15,1.55,2.34,3.97,2.10,1.65,Goyang Stadium
1742486400,Mar 20 2025 - 4:00pm,complete,32458,Uzbekistan,Kyrgyzstan,Yusuke Araki,7,2.25,1.17,2.19,1.19,1,0,1,1,1,0,"40","",12,0,4,0,1,1,1,3,2,0,26,1,9,0,17,1,13,10,74,26,1.80,1.18,2.91,0.14,2.88,50,67,50,42,25,42,75,42,71,7.90,2.50,1.14,6.51,13.00,1.14,1.60,2.63,3.70,2.15,1.55,Milliy Stadion
1742486400,Mar 20 2025 - 4:00pm,complete,20469,Iran,UAE,Hyung-Jin Ko,7,2.50,2.17,2.31,1.75,2,0,2,1,1,0,"45'27,70","",4,1,1,0,1,0,0,1,0,1,15,6,8,1,7,5,12,8,56,44,1.83,1.23,1.80,0.64,2.96,38,71,58,46,25,54,83,50,63,6.17,3.91,1.36,4.00,9.54,1.27,1.90,3.30,6.25,2.05,1.75,Azadi Stadium
1742494500,Mar 20 2025 - 6:15pm,complete,10375,Qatar,North Korea,N/A,7,1.92,0.92,1.83,0.75,5,1,6,3,3,0,"17,23,34,56,66","86",4,7,1,0,3,0,0,1,1,2,12,12,9,6,3,6,10,19,53,47,1.55,1.71,1.56,1.53,3.34,55,71,67,46,29,38,75,58,71,10.22,3.08,1.47,3.95,6.00,1.27,1.94,3.00,6.02,1.95,1.85,N/A
1742494500,Mar 20 2025 - 6:15pm,complete,9555,Jordan,Palestine,Shaun Evans,7,1.83,0.92,1.81,1.13,3,1,4,4,3,1,"11,3,45'3","33",3,6,2,0,2,0,0,2,1,1,10,11,5,3,5,8,14,13,49,51,1.51,1.18,1.20,1.22,2.42,34,67,42,29,13,42,67,38,63,9.71,3.50,1.62,3.70,5.50,1.36,2.13,3.87,7.00,2.26,1.70,King Abdullah International Stadium
1742494500,Mar 20 2025 - 6:15pm,complete,45851,Iraq,Kuwait,Ning Ma,7,2.42,0.92,2.05,0.75,2,2,4,1,0,1,"90'3,90'11","39,70",12,0,1,0,4,1,0,1,0,5,18,4,7,2,11,2,9,10,62,38,0.99,0.90,2.15,0.52,2.29,34,55,42,33,13,21,54,46,71,5.42,3.08,1.35,4.80,10.00,1.31,2.06,3.30,6.50,2.70,1.48,Basra Sport City Stadium
1742494500,Mar 20 2025 - 6:15pm,complete,24742,Saudi Arabia,China,N/A,7,1.58,1.17,1.67,1.06,1,0,1,0,0,0,"50","",5,3,0,0,1,1,0,0,2,0,19,4,7,0,12,4,4,9,80,20,1.36,0.82,2.39,0.47,2.67,50,79,54,25,9,59,79,30,75,9.88,4.33,1.40,4.20,8.02,1.22,1.70,2.55,5.47,1.96,1.77,King Saud University Stadium
1742898900,Mar 25 2025 - 10:35am,complete,58003,Japan,Saudi Arabia,Ahmed Al Alili,8,2.85,1.69,2.56,1.67,0,0,0,0,0,0,"","",9,0,0,0,0,0,0,0,0,0,12,1,2,0,10,1,10,3,78,22,1.38,1.57,1.47,0.12,2.89,23,81,50,35,23,46,73,46,70,13.76,2.15,1.40,3.88,5.75,1.28,1.90,3.08,6.25,2.00,1.77,National Olympic Stadium
1742900400,Mar 25 2025 - 11:00am,complete,70588,China,Australia,Mouood Bonyadifar,8,1.08,2.15,1.06,2.31,0,2,2,2,0,2,"","16,29",6,6,1,0,0,0,1,0,0,0,12,8,1,3,11,5,10,3,49,51,0.75,1.09,1.09,0.93,3.08,47,73,58,42,23,50,73,46,89,8.44,4.39,5.50,4.01,1.44,1.28,2.00,3.53,6.00,2.00,1.83,Beijing National Stadium
1742900400,Mar 25 2025 - 11:00am,complete,41532,South Korea,Jordan,Ilgiz Tantashev,8,2.38,1.92,2.38,1.81,1,1,2,2,1,1,"5","30",10,3,0,0,2,0,0,0,2,0,12,11,3,2,9,9,12,9,75,25,1.48,1.45,1.38,1.02,3.00,46,89,54,35,16,42,81,42,77,11.13,2.15,1.53,3.90,7.45,1.29,1.95,3.20,6.80,2.05,1.75,Suwon World Cup Stadium
1742910300,Mar 25 2025 - 1:45pm,complete,12325,Kyrgyzstan,Qatar,Muhammad Nazmi bin Nasaruddin,8,1.08,2.00,1.19,1.83,3,1,4,1,1,0,"45'1,82,90'3","52",5,6,2,0,1,1,1,1,1,1,15,9,5,4,10,5,12,7,45,55,0.97,1.55,1.62,1.01,3.62,62,81,69,50,35,46,81,62,81,9.13,2.77,4.80,3.70,1.53,1.28,1.85,3.35,5.20,1.90,1.99,Stadion im. Dolena Omurzakova
1742910300,Mar 25 2025 - 1:45pm,complete,69599,Indonesia,Bahrain,Sadullo Gulmurodi,8,1.47,1.31,1.40,1.06,1,0,1,1,1,0,"24","",4,3,3,0,2,0,1,2,0,2,7,7,3,1,4,6,14,8,42,58,1.55,1.15,0.89,0.74,2.83,32,78,46,36,21,46,71,43,78,8.22,4.18,2.00,3.48,3.60,1.39,2.15,3.72,7.50,1.85,1.83,Patriot Chandrabhaga Stadium
1742918400,Mar 25 2025 - 4:00pm,complete,36702,Iran,Uzbekistan,Ahmed Abu Bakar Said Al Kaf,8,2.54,2.31,2.31,2.19,2,2,4,1,0,1,"52,83","16,53",6,5,0,0,0,0,0,0,0,0,20,13,8,4,12,9,13,11,61,39,1.83,2.02,2.08,1.37,2.69,38,58,50,46,27,43,77,46,62,8.57,3.31,1.80,3.00,4.60,1.48,2.47,4.40,9.50,2.00,1.70,Azadi Stadium
1742926500,Mar 25 2025 - 6:15pm,complete,223,North Korea,UAE,Mohammed Khled Al Hoish,8,0.85,2.00,0.75,1.75,1,2,3,2,1,1,"43","5,90'8",4,4,3,0,2,0,1,2,1,1,7,20,2,7,5,13,14,11,31,69,1.68,1.11,0.73,2.26,2.85,39,70,50,35,20,42,81,38,62,7.24,3.69,4.33,3.10,1.87,1.40,2.25,3.94,8.00,2.00,1.80,N/A
1742926500,Mar 25 2025 - 6:15pm,complete,7305,Palestine,Iraq,Khaled Al Teris,8,0.85,2.31,1.13,2.05,2,1,3,1,0,1,"88,90'7","34",11,9,2,0,3,0,0,2,0,3,15,13,5,3,10,10,5,13,54,46,1.19,1.22,1.60,1.33,2.27,31,46,38,38,19,31,62,39,54,8.63,3.46,4.00,3.10,2.00,1.45,2.66,5.25,10.50,2.10,1.64,King Abdullah International Stadium
1742926500,Mar 25 2025 - 6:15pm,complete,41322,Kuwait,Oman,Salman Ahmad Flahi,8,0.92,1.54,0.75,1.50,0,1,1,0,0,0,"","56",5,4,1,0,1,0,1,0,0,1,9,7,1,2,8,5,10,9,48,52,0.82,1.17,1.00,0.93,2.39,35,69,46,31,0,23,66,46,85,6.28,3.54,3.50,3.00,2.05,1.54,2.60,5.63,9.50,2.06,1.67,Jaber Al-Ahmad International Stadium
1749121800,Jun 05 2025 - 11:10am,complete,N/A,Australia,Japan,N/A,9,2.21,2.71,2.31,2.56,1,0,1,0,0,0,"90","",1,8,0,0,0,0,0,0,0,0,6,13,3,1,3,12,8,13,31,69,1.07,1.40,0.74,1.25,3.25,22,79,54,50,36,43,71,61,75,12.75,2.14,2.58,3.09,2.85,1.44,2.38,4.75,7.00,2.00,1.75,N/A
1749131100,Jun 05 2025 - 1:45pm,complete,N/A,Indonesia,China,Rustam Lutfullin,9,1.56,1.00,1.40,1.06,1,0,1,1,1,0,"45","",3,5,2,0,3,0,0,2,1,2,13,5,3,1,10,4,12,16,48,52,1.47,0.80,1.31,0.64,3.10,48,80,57,37,20,64,80,40,87,8.55,4.81,1.77,3.75,4.95,1.22,1.77,2.70,4.50,1.70,2.05,Patriot Chandrabhaga Stadium
1749139200,Jun 05 2025 - 4:00pm,complete,N/A,Bahrain,Saudi Arabia,Ilgiz Tantashev,9,1.21,1.64,1.06,1.67,0,2,2,1,0,1,"","16,78",6,2,2,0,2,0,0,2,0,2,17,10,2,3,15,7,4,10,54,46,1.08,1.33,1.56,1.13,2.04,25,64,33,18,7,33,64,25,57,8.88,3.43,3.90,2.80,2.00,1.54,2.60,5.00,10.00,2.15,1.65,N/A
1749139200,Jun 05 2025 - 4:00pm,complete,N/A,UAE,Uzbekistan,Shaun Evans,9,2.07,2.21,1.75,2.19,0,0,0,0,0,0,"","",2,3,1,0,1,0,0,1,0,1,10,4,6,0,4,4,12,13,61,39,1.30,1.91,1.21,0.48,2.65,40,72,54,36,11,40,79,40,68,8.38,3.43,2.79,2.90,2.80,1.42,2.28,3.90,10.00,1.91,1.83,Al-Nahyan Stadium
1749139200,Jun 05 2025 - 4:00pm,complete,N/A,New Zealand,Jordan,Khalid Saleh,9,0.00,1.86,0.50,1.81,0,3,3,1,0,1,"","45'7,51,64",3,3,0,0,1,0,0,0,0,1,10,9,2,4,8,5,10,13,59,41,0.00,1.38,1.06,1.11,1.43,25,47,25,15,4,25,40,18,32,5.44,1.43,3.10,2.80,2.39,1.47,2.78,5.50,9.30,2.25,1.60,Sultan Qaboos Sport Complex
1749147300,Jun 05 2025 - 6:15pm,complete,100,North Korea,Kyrgyzstan,N/A,9,0.79,1.21,0.75,1.19,2,2,4,1,1,0,"44,52","57,90'5",3,2,2,0,1,0,0,2,0,1,10,14,5,3,5,11,15,6,46,54,1.52,1.08,1.24,1.42,3.04,54,64,50,40,29,43,83,40,64,7.66,3.15,2.65,2.88,2.55,1.40,2.25,4.20,8.41,1.85,1.85,N/A
1749147300,Jun 05 2025 - 6:15pm,complete,N/A,Iraq,South Korea,Yusuke Araki,9,2.14,2.29,2.05,2.38,0,2,2,0,0,0,"","82,63",1,10,1,1,4,0,2,0,2,2,5,13,2,7,3,6,8,12,24,76,1.24,1.46,0.54,1.64,2.72,43,68,47,36,21,29,75,47,72,11.11,2.14,3.55,3.15,1.88,1.44,2.20,4.33,8.50,1.98,1.80,Basra Sport City Stadium
1749147300,Jun 05 2025 - 6:15pm,complete,N/A,Kuwait,Palestine,Sadullo Gulmurodi,9,0.86,1.00,0.75,1.13,0,2,2,1,0,1,"","32,88",10,5,3,0,2,0,0,3,0,2,7,15,2,6,5,9,8,12,66,34,0.85,1.26,0.73,1.61,2.29,40,57,47,36,7,32,57,43,68,6.56,4.14,3.78,3.20,1.95,1.32,2.33,3.80,6.20,1.91,1.85,Jaber Al-Ahmad International Stadium
1749147300,Jun 05 2025 - 6:15pm,complete,8925,Qatar,Iran,Mohammed Al Hoaish,9,1.86,2.43,1.83,2.31,1,0,1,1,1,0,"41","",3,3,3,0,3,1,2,1,4,0,6,6,3,3,3,3,15,19,52,48,1.46,1.87,0.82,0.75,3.61,57,79,75,61,36,47,83,72,79,9.50,3.21,2.55,3.20,2.57,1.33,2.12,3.80,8.00,1.80,1.95,N/A
1749551700,Jun 10 2025 - 10:35am,complete,N/A,Japan,Indonesia,Jong-Hyeok Kim,10,2.53,1.65,2.56,1.40,6,0,6,3,3,0,"15,19,45'6,58,55,80","",8,0,0,0,0,0,0,0,0,0,22,0,10,0,12,0,6,6,71,29,1.37,1.45,2.52,0.08,3.20,24,78,54,44,32,50,75,54,78,12.39,2.75,1.09,7.90,17.00,1.08,1.37,1.90,3.08,2.25,1.53,N/A
1749553200,Jun 10 2025 - 11:00am,complete,N/A,China,Bahrain,Adel Al Naqbi,10,0.93,1.13,1.06,1.06,1,0,1,0,0,0,"90'3","",5,3,1,0,0,0,0,1,0,0,13,8,5,2,8,6,6,6,39,61,0.78,1.15,1.50,0.80,2.60,37,70,47,30,13,47,74,33,77,6.67,4.34,2.32,2.80,3.38,1.45,2.59,3.84,9.97,2.05,1.67,Chongqing Olympic Sports Center
1749553200,Jun 10 2025 - 11:00am,complete,41119,South Korea,Kuwait,N/A,10,2.33,0.80,2.38,0.75,4,0,4,1,1,0,"30,51,54,72","",14,2,1,0,2,0,0,1,2,0,25,6,7,0,18,6,12,5,74,26,1.49,0.84,2.86,0.44,2.63,44,77,47,33,10,30,67,47,84,9.00,3.00,1.15,7.50,10.00,1.09,1.36,1.98,3.10,2.10,1.67,Seoul World Cup Stadium
1749563100,Jun 10 2025 - 1:45pm,complete,N/A,Kyrgyzstan,UAE,Ahmad Al Ali,10,1.20,2.00,1.19,1.75,1,1,2,1,0,1,"90'5","30",4,2,2,0,1,0,1,1,1,0,10,5,4,2,6,3,13,8,55,45,1.13,1.29,1.21,0.65,2.90,47,77,53,37,17,44,84,40,70,6.09,3.26,4.70,3.60,1.61,1.33,2.00,3.53,7.00,1.85,1.97,Stadion im. Dolena Omurzakova
1749563100,Jun 10 2025 - 1:45pm,complete,32931,Uzbekistan,Qatar,Ning Ma,10,2.13,1.93,2.19,1.83,3,0,3,1,1,0,"28,90'2,86","",6,1,1,0,4,0,0,1,2,2,18,1,8,0,10,1,11,12,60,40,1.71,1.37,2.17,0.14,3.13,54,70,67,50,23,34,74,60,74,10.86,3.07,1.70,3.35,4.25,1.40,2.28,4.00,8.00,2.10,1.67,Milliy Stadion
1749571200,Jun 10 2025 - 4:00pm,complete,N/A,Iran,North Korea,Muhammad Nazmi bin Nasaruddin,10,2.27,0.80,2.31,0.75,3,0,3,0,0,0,"77,74,90'3","",2,6,1,0,1,1,0,1,1,1,25,8,8,1,17,7,8,14,69,31,1.71,1.48,2.48,0.81,2.97,47,60,53,47,30,44,84,47,60,7.64,3.60,1.20,6.60,12.00,1.17,1.50,2.15,4.70,2.40,1.53,N/A
1749579300,Jun 10 2025 - 6:15pm,complete,N/A,Jordan,Iraq,Omar Mohamed Al Ali,10,1.93,2.00,1.81,2.05,0,1,1,0,0,0,"","77",4,3,2,0,1,0,1,1,1,0,9,7,0,4,9,3,13,10,41,59,1.34,1.14,0.88,0.99,2.64,40,73,47,30,14,30,70,47,67,10.00,2.93,2.28,3.10,3.55,1.48,2.33,4.75,10.00,1.95,1.80,King Abdullah International Stadium
1749579300,Jun 10 2025 - 6:15pm,complete,N/A,Saudi Arabia,Australia,Abdulrahman Ibrahim Al Jassim,10,1.73,2.27,1.67,2.31,1,2,3,2,1,1,"19","42,48",3,2,1,0,1,0,0,1,1,0,14,4,6,3,8,1,13,10,70,30,1.30,1.02,1.74,0.58,2.30,27,67,34,24,14,33,67,30,63,10.73,3.20,1.97,3.20,3.95,1.37,2.44,4.33,8.50,2.02,1.75,King Abdullah Sports City
1749579300,Jun 10 2025 - 6:15pm,complete,N/A,Palestine,New Zealand,Mooud Bonyadifard,10,1.13,0.00,1.13,0.50,1,1,2,0,0,0,"49","90'7",7,7,4,0,0,0,0,4,0,0,11,12,2,1,9,11,12,4,40,60,1.31,1.06,1.13,1.20,2.60,17,77,70,17,7,20,84,67,77,7.70,2.13,2.27,2.80,3.30,1.57,2.62,4.90,8.50,2.10,1.67,N/A
1759935600,Oct 08 2025 - 3:00pm,complete,12975,Oman,Qatar,N/A,1,1.64,1.81,1.50,1.83,0,0,0,0,0,0,"","",2,5,2,0,2,0,0,2,1,1,6,13,1,2,5,11,15,9,30,70,1.13,1.21,0.88,1.67,3.05,42,76,62,39,16,30,76,59,87,10.08,3.24,4.75,3.05,1.98,1.57,2.55,4.80,12.00,2.20,1.57,N/A
1759943700,Oct 08 2025 - 5:15pm,complete,40634,Indonesia,Saudi Arabia,N/A,1,1.56,1.63,1.40,1.67,2,3,5,3,1,2,"11,88","17,36,62",3,5,3,0,2,1,3,0,1,2,10,17,5,10,5,7,18,9,45,55,1.31,1.35,1.27,2.33,2.53,32,74,41,23,14,47,76,29,67,10.13,3.78,6.25,3.80,1.55,1.36,2.19,3.82,8.00,2.18,1.59,King Abdullah Sports City
1760202900,Oct 11 2025 - 5:15pm,complete,N/A,UAE,Oman,N/A,2,1.94,1.60,1.75,1.50,2,1,3,1,0,1,"76,83","12",6,4,1,0,3,0,0,1,0,3,10,9,4,2,6,7,12,12,62,38,1.21,1.09,1.28,1.03,2.32,29,71,42,23,3,32,74,32,75,7.25,3.35,1.75,3.65,4.80,1.54,2.35,4.90,13.00,2.35,1.50,N/A
1760211000,Oct 11 2025 - 7:30pm,complete,N/A,Iraq,Indonesia,N/A,2,2.06,1.47,2.05,1.40,1,0,1,0,0,0,"76","",3,4,1,1,6,1,0,2,2,5,7,9,2,1,5,8,6,18,45,55,1.12,1.31,0.87,0.90,2.79,34,65,46,37,26,36,70,49,74,9.24,3.76,1.68,3.80,5.10,1.34,2.10,3.65,6.75,1.97,1.72,King Abdullah Sports City
1760461200,Oct 14 2025 - 5:00pm,complete,13038,Qatar,UAE,Ilgiz Tantashev,3,1.76,2.00,1.83,1.75,2,1,3,0,0,0,"49,74","90'8",1,2,2,1,3,0,1,2,0,3,7,15,3,4,4,11,8,12,41,59,1.26,1.22,0.85,1.54,3.12,50,82,68,39,18,38,79,56,77,8.45,3.64,2.60,3.00,2.62,1.38,2.21,3.75,8.00,1.75,1.91,N/A
1760467500,Oct 14 2025 - 6:45pm,complete,60816,Saudi Arabia,Iraq,Adham Mohammad Tumah Makhadmeh,3,1.71,2.12,1.67,2.05,0,0,0,0,0,0,"","",0,1,4,0,2,0,2,2,2,0,15,4,4,1,11,3,13,13,62,38,1.46,1.09,1.83,0.51,2.15,32,59,35,21,12,27,62,33,65,9.88,3.18,1.60,3.55,4.95,1.45,2.36,4.36,9.00,2.15,1.60,King Abdullah Sports City
1763049600,Nov 13 2025 - 4:00pm,complete,32008,UAE,Iraq,Shaun Evans,N/A,1.89,2.06,1.75,2.05,1,1,2,2,1,1,"18","10",9,7,0,0,1,0,0,0,0,1,19,10,4,5,15,5,9,11,51,49,1.25,1.03,1.73,1.21,2.36,36,64,45,25,12,25,64,42,70,7.23,3.45,2.14,2.63,3.35,1.72,3.10,6.40,11.00,2.54,1.54,Mohammed Bin Zayed Stadium
1763481600,Nov 18 2025 - 4:00pm,complete,62444,Iraq,UAE,Yusuke Araki,N/A,2.00,1.84,2.05,1.75,2,1,3,0,0,0,"66,90'17","52",4,3,1,0,5,0,0,1,1,4,10,13,2,4,8,9,8,12,50,50,1.05,1.29,1.10,1.35,2.35,40,66,43,24,11,29,66,40,66,7.89,3.32,2.15,2.85,3.85,1.53,2.52,6.15,4.20,2.38,1.60,Basra Sport City Stadium
1742576400,Mar 21 2025 - 5:00pm,complete,2336,Cyprus,San Marino,Andris Treimanis,1,0.00,0.00,1.00,0.00,2,0,2,0,0,0,"55,86","",7,2,0,0,2,0,0,0,0,2,26,5,11,2,15,3,14,17,70,30,0.00,0.00,3.00,0.60,0.00,0,0,0,0,0,0,0,0,0,0.00,0.00,1.14,7.50,17.00,1.18,1.55,2.06,4.33,2.50,1.50,AEK Arena - George Karapatakis
1742586300,Mar 21 2025 - 7:45pm,complete,5106,Malta,Finland,Simone Sozza,1,0.00,0.00,0.63,1.25,0,1,1,1,0,1,"","38",6,3,0,1,1,0,0,1,1,0,19,10,6,5,13,5,9,12,58,42,0.00,0.00,1.91,1.26,0.00,0,0,0,0,0,0,0,0,0,0.00,0.00,6.50,3.95,1.51,1.35,2.00,3.80,7.50,2.10,1.67,Ta'Qali National Stadium
1742586300,Mar 21 2025 - 7:45pm,complete,55738,Poland,Lithuania,Anastasios Sidiropoulos,1,0.00,0.00,2.00,0.38,1,0,1,0,0,0,"81","",11,1,1,0,1,0,0,1,0,1,24,8,7,2,17,6,14,18,62,38,0.00,0.00,2.43,0.84,0.00,0,0,0,0,0,0,0,0,0,0.00,0.00,1.14,7.00,20.00,1.14,1.55,2.38,4.20,2.75,1.40,Stadion Narodowy
1742586300,Mar 21 2025 - 7:45pm,complete,49413,Romania,Bosnia and Herzegovina,Danny Makkelie,1,0.00,0.00,1.44,1.90,0,1,1,1,0,1,"","14",5,1,5,0,3,0,1,4,1,2,15,5,3,1,12,4,14,25,66,34,0.00,0.00,1.68,0.54,0.00,0,0,0,0,0,0,0,0,0,0.00,0.00,1.73,3.40,4.75,1.36,2.05,3.80,7.50,1.95,1.80,Arena Naţională
1742586300,Mar 21 2025 - 7:45pm,complete,957,Andorra,Latvia,Giorgi Kruashvili,1,0.00,0.00,0.13,0.63,0,1,1,0,0,0,"","58",3,1,0,0,2,0,0,0,0,2,7,6,2,2,5,4,14,12,36,64,0.00,0.00,0.85,0.81,0.00,0,0,0,0,0,0,0,0,0,0.00,0.00,4.50,3.00,1.95,1.53,2.78,5.50,10.00,2.25,1.57,Estadi Nacional
1742586300,Mar 21 2025 - 7:45pm,complete,82378,England,Albania,Alejandro José Hernández Hernández,1,0.00,0.00,3.00,1.56,2,0,2,1,1,0,"20,77","",4,1,0,0,1,0,0,0,1,0,12,3,6,0,6,3,9,7,74,26,0.00,0.00,1.75,0.27,0.00,0,0,0,0,0,0,0,0,0,0.00,0.00,1.15,7.00,16.00,1.18,1.60,2.55,4.50,2.63,1.44,Wembley Stadium
1742652000,Mar 22 2025 - 2:00pm,complete,4094,Liechtenstein,FYR Macedonia,Mykola Balakin,1,0.00,0.00,0.00,1.44,0,3,3,2,0,2,"","84,7,42",0,7,3,0,1,0,2,1,1,0,5,17,1,9,4,8,12,7,26,74,0.00,0.00,0.54,2.02,0.00,0,0,0,0,0,0,0,0,0,0.00,0.00,21.00,8.50,1.10,1.18,1.57,2.43,4.33,3.25,1.33,Rheinpark Stadion
1742662800,Mar 22 2025 - 5:00pm,complete,9342,Moldova,Norway,Matej Jug,1,0.00,0.00,0.13,3.00,0,5,5,4,0,4,"","43,5,23,38,69",6,6,1,0,1,0,0,1,0,1,10,24,4,8,6,16,10,9,31,69,0.00,0.00,1.07,2.52,0.00,0,0,0,0,0,0,0,0,0,0.00,0.00,13.00,5.75,1.22,1.22,1.73,2.88,5.25,2.50,1.50,Stadionul Zimbru
1742662800,Mar 22 2025 - 5:00pm,complete,3021,Montenegro,Gibraltar,António Emanuel Carvalho Nobre,1,0.00,0.00,1.13,0.00,3,1,4,2,1,1,"73,22,70","13",7,5,3,0,2,0,0,3,0,2,25,7,10,2,15,5,20,12,66,34,0.00,0.00,2.83,0.87,0.00,0,0,0,0,0,0,0,0,0,0.00,0.00,1.05,12.00,29.00,1.12,1.38,2.00,3.39,3.50,1.29,Stadion Kraj Bistrice
1742672700,Mar 22 2025 - 7:45pm,complete,270,Israel,Estonia,N/A,1,0.00,0.00,1.50,0.50,2,1,3,2,1,1,"23,75","10",14,1,1,0,3,1,0,1,2,2,29,7,11,3,18,4,5,16,75,25,0.00,0.00,3.24,0.83,0.00,0,0,0,0,0,0,0,0,0,0.00,0.00,1.42,4.10,8.00,1.36,2.05,3.85,8.00,2.63,1.44,Nagyerdei Stadion
1742672700,Mar 22 2025 - 7:45pm,complete,32473,Wales,Kazakhstan,Donatas Rumšas,1,0.00,0.00,1.89,1.00,3,1,4,2,1,1,"9,47,90","32",4,4,0,0,2,0,0,0,1,1,12,10,7,2,5,8,5,7,72,28,0.00,0.00,1.74,0.98,0.00,0,0,0,0,0,0,0,0,0,0.00,0.00,1.16,6.50,16.00,1.18,1.61,2.60,4.75,2.50,1.50,N/A
1742672700,Mar 22 2025 - 7:45pm,complete,8978,Czech Republic,Faroe Islands,Rade Obrenović,1,0.00,0.00,1.80,1.50,2,1,3,1,1,0,"25,85","83",6,3,1,0,3,0,0,1,1,2,16,5,7,3,9,2,12,9,68,32,0.00,0.00,2.11,0.75,0.00,0,0,0,0,0,0,0,0,0,0.00,0.00,1.08,9.50,23.00,1.11,1.63,1.95,3.20,2.70,1.41,Všesportovní stadion
1742835600,Mar 24 2025 - 5:00pm,complete,10421,Lithuania,Finland,Erik Lambrechts,2,0.00,3.00,0.38,1.25,2,2,4,3,1,2,"39,69","3,17",2,5,3,0,2,0,1,2,2,0,11,13,6,4,5,9,17,15,44,56,0.84,1.26,1.24,1.46,1.00,0,0,0,0,0,0,50,0,50,4.00,2.00,4.10,3.20,1.91,1.42,2.20,4.55,10.00,2.00,1.70,S. Dariaus ir S. Gireno stadionas
1742845500,Mar 24 2025 - 7:45pm,complete,45872,Poland,Malta,Morten Krogh,2,3.00,0.00,2.00,0.63,2,0,2,1,1,0,"27,51","",5,3,2,0,3,1,1,1,1,3,28,9,12,3,16,6,12,16,58,42,2.43,1.91,3.14,0.96,1.00,0,0,0,0,0,0,50,0,50,17.00,3.00,1.24,5.90,11.00,1.17,1.57,2.45,4.15,2.17,1.62,Stadion Narodowy
1742845500,Mar 24 2025 - 7:45pm,complete,7464,Bosnia and Herzegovina,Cyprus,Rohit Saggi,2,3.00,3.00,1.90,1.00,2,1,3,2,1,1,"22,56","45'2",7,7,2,0,2,1,1,1,1,2,14,11,6,4,8,7,14,16,56,44,0.54,3.00,1.68,1.20,1.50,0,50,0,0,0,0,50,50,50,8.00,3.00,1.22,5.90,12.00,1.18,1.60,2.48,4.25,2.21,1.59,Stadion Bilino Polje
1742845500,Mar 24 2025 - 7:45pm,complete,3556,San Marino,Romania,Damian Sylwestrzak,2,0.00,0.00,0.00,1.44,1,5,6,2,0,2,"67","6,44,55,75,90'4",2,10,3,0,1,0,0,3,0,1,1,18,1,8,0,10,11,13,25,75,0.60,1.68,0.21,2.39,1.50,0,50,0,0,0,0,50,50,50,7.00,7.00,71.00,15.00,1.04,1.07,1.38,1.95,3.15,3.92,1.21,Stadio Olimpico di Serravalle
1742845500,Mar 24 2025 - 7:45pm,complete,17183,Albania,Andorra,Sebastian Gishamer,2,0.00,0.00,1.56,0.13,3,0,3,2,2,0,"9,19,90'2","",2,0,0,0,2,0,0,0,1,1,15,0,7,0,8,0,2,21,85,15,0.27,0.85,1.79,0.04,1.50,0,50,0,0,0,0,50,0,100,4.00,1.00,1.14,6.50,20.00,1.25,1.80,3.08,5.80,3.14,1.31,N/A
1742845500,Mar 24 2025 - 7:45pm,complete,79572,England,Latvia,Orel Grinfeeld,2,3.00,3.00,3.00,0.63,3,0,3,1,1,0,"38,76,68","",10,2,1,0,2,0,1,0,0,2,27,3,8,1,19,2,11,13,73,27,1.75,0.81,3.13,0.31,1.50,0,50,0,0,0,0,50,0,100,5.00,2.00,1.03,19.00,71.00,1.02,1.25,1.65,2.38,4.10,1.20,Wembley Stadium
1742922000,Mar 25 2025 - 5:00pm,complete,6112,Moldova,Estonia,Lawrence Visser,2,0.00,0.00,0.13,0.50,2,3,5,2,0,2,"67,90'1","19,30,70",5,3,3,1,4,1,1,3,2,3,14,10,6,7,8,3,14,15,50,50,1.07,0.83,1.73,1.45,4.00,50,100,100,50,50,100,100,0,100,7.00,5.00,2.30,3.00,3.20,1.50,2.37,4.75,9.50,1.95,1.80,Stadionul Zimbru
1742931900,Mar 25 2025 - 7:45pm,complete,1200,Israel,Norway,Chris Kavanagh,2,3.00,3.00,1.50,3.00,2,4,6,1,0,1,"55,90'3","39,65,59,83",2,7,1,0,2,0,0,1,1,1,10,23,6,12,4,11,7,9,44,56,3.24,2.52,1.20,2.81,4.00,50,100,100,50,50,100,100,0,100,20.00,2.00,5.00,3.90,1.63,1.22,1.61,2.80,5.25,1.62,2.20,Nagyerdei Stadion
1742931900,Mar 25 2025 - 7:45pm,complete,1123,Liechtenstein,Kazakhstan,John Beaton,2,0.00,0.00,0.00,1.00,0,2,2,2,0,2,"","42,45",1,6,1,0,1,0,1,0,1,0,3,16,2,4,1,12,6,10,30,70,0.54,0.98,0.44,1.91,3.50,50,100,100,50,0,100,100,50,100,4.00,5.00,9.00,4.20,1.39,1.30,1.95,3.50,7.00,2.25,1.57,Rheinpark Stadion
1742931900,Mar 25 2025 - 7:45pm,complete,23114,FYR Macedonia,Wales,Jérôme Brisard,2,3.00,3.00,1.44,1.89,1,1,2,0,0,0,"90'1","90'6",5,5,2,0,2,0,1,1,0,2,8,11,2,6,6,5,10,16,32,68,2.02,1.74,0.88,1.49,3.50,50,100,100,50,0,100,100,50,100,11.00,1.00,3.20,3.10,2.25,1.40,2.05,4.00,8.00,1.80,1.95,N/A
1742931900,Mar 25 2025 - 7:45pm,complete,583,Gibraltar,Czech Republic,Horațiu Mircea Fesnic,2,0.00,3.00,0.00,1.80,0,4,4,1,0,1,"","72,21,50,90'5",0,12,3,0,1,0,3,0,1,0,1,29,0,12,1,17,10,10,20,80,0.87,2.11,0.19,3.49,3.50,100,100,100,50,0,50,100,100,100,11.00,3.00,71.00,21.00,1.03,1.07,1.28,1.70,2.60,3.50,1.29,N/A
1742931900,Mar 25 2025 - 7:45pm,complete,3226,Montenegro,Faroe Islands,Allard Lindhout,2,3.00,0.00,1.13,1.50,1,0,1,0,0,0,"90'6","",7,3,1,0,1,0,0,1,1,0,20,4,5,1,15,3,9,10,66,34,2.83,0.75,1.98,0.58,3.50,100,100,100,50,0,50,100,100,100,10.00,6.00,1.50,3.80,7.00,1.40,2.20,4.20,8.50,2.25,1.57,Stadion Kraj Bistrice
1749235500,Jun 06 2025 - 6:45pm,complete,N/A,Estonia,Israel,Willy Delajod,3,1.50,1.50,0.50,1.50,1,3,4,2,1,1,"31","39,49,89",5,5,1,0,0,0,0,1,0,0,8,16,2,7,6,9,13,7,53,47,1.14,2.22,1.02,1.82,4.25,100,100,100,50,50,75,100,50,100,10.00,5.50,4.10,3.30,1.88,1.25,1.87,2.95,6.40,1.92,1.89,N/A
1749235500,Jun 06 2025 - 6:45pm,complete,N/A,FYR Macedonia,Belgium,Chris Kavanagh,3,2.00,0.00,1.44,2.25,1,1,2,1,0,1,"86","28",1,10,6,0,1,0,1,5,1,0,7,17,2,4,5,13,13,11,32,68,1.45,0.00,0.78,1.80,1.25,25,50,25,0,0,25,25,25,50,6.00,1.50,6.80,4.50,1.40,1.28,1.73,2.90,6.75,1.95,1.64,N/A
1749235500,Jun 06 2025 - 6:45pm,complete,N/A,Wales,Liechtenstein,Anastasios Papapetrou,3,2.00,0.00,1.89,0.00,3,0,3,1,1,0,"39,65,68","",12,0,1,0,2,0,0,1,0,2,26,0,11,0,15,0,9,8,79,21,1.61,0.49,3.26,0.01,2.75,50,100,50,25,0,75,75,50,75,5.00,3.00,1.01,16.00,36.00,1.03,1.21,1.60,2.13,3.62,1.18,N/A
1749235500,Jun 06 2025 - 6:45pm,complete,N/A,Czech Republic,Montenegro,Serdar Gözübüyük,3,3.00,3.00,1.80,1.13,2,0,2,1,1,0,"23,65","",8,4,1,0,3,0,0,1,1,2,13,6,7,3,6,3,23,10,58,42,2.80,2.40,1.74,0.79,3.00,50,75,75,50,0,25,75,75,100,16.00,3.00,1.35,4.50,8.40,1.16,1.79,2.40,4.40,2.18,1.69,Doosan Aréna
1749235500,Jun 06 2025 - 6:45pm,complete,N/A,Norway,Italy,José María Sánchez Martínez,3,3.00,0.00,3.00,2.20,3,0,3,3,3,0,"14,34,42","",6,2,2,0,0,0,1,1,0,0,8,6,4,1,4,5,11,10,38,62,2.66,0.00,0.99,0.86,2.75,25,50,50,50,50,25,50,25,50,6.50,1.50,2.90,3.25,2.33,1.25,1.77,3.04,6.07,1.67,2.15,Ullevaal Stadion
1749235500,Jun 06 2025 - 6:45pm,complete,N/A,Gibraltar,Croatia,Georgi Kabakov,3,0.00,0.00,0.00,2.75,0,7,7,2,0,2,"","28,30,63,73,77,79,60",1,12,0,0,1,0,0,0,0,1,3,30,0,13,3,17,9,10,32,68,0.53,0.00,0.32,3.36,2.00,25,50,50,50,0,25,50,50,50,2.50,2.50,36.00,17.00,1.01,1.03,1.18,1.42,1.97,4.35,1.25,N/A
1749301200,Jun 07 2025 - 1:00pm,complete,N/A,Bosnia and Herzegovina,San Marino,Luis Miguel Branco Godinho,3,3.00,0.00,1.90,0.00,1,0,1,0,0,0,"66","",5,2,1,0,2,0,0,1,0,2,21,5,6,0,15,5,21,12,67,33,1.11,0.41,2.12,0.47,3.00,50,75,50,25,25,50,75,50,75,6.00,5.00,1.01,19.00,76.00,1.06,1.22,1.60,2.20,3.50,1.29,Stadion Bilino Polje
1749312000,Jun 07 2025 - 4:00pm,complete,N/A,Malta,Lithuania,Marian Alexandru Barbu,3,0.00,0.50,0.63,0.38,0,0,0,0,0,0,"","",2,2,3,0,2,0,1,2,1,1,6,8,1,2,5,6,23,19,49,51,1.43,1.04,0.65,0.93,2.00,25,50,25,25,0,25,75,0,75,6.00,5.50,2.63,2.85,3.00,1.76,3.10,5.50,17.00,2.41,1.57,Ta'Qali National Stadium
1749312000,Jun 07 2025 - 4:00pm,complete,N/A,Andorra,England,Igor Pajač,3,0.00,3.00,0.13,3.00,0,1,1,0,0,0,"","50",0,12,0,0,0,0,0,0,0,0,4,20,0,10,4,10,13,8,17,83,0.44,2.44,0.32,2.57,2.25,0,75,50,0,0,25,75,25,100,8.50,1.50,91.00,46.00,1.01,1.05,1.18,1.50,2.19,6.10,1.17,RCDE Stadium
1749321900,Jun 07 2025 - 6:45pm,complete,N/A,Austria,Romania,Maurizio Mariani,3,0.00,1.50,2.38,1.44,2,1,3,1,1,0,"60,42","90'5",5,4,1,0,1,0,0,1,1,0,14,10,9,3,5,7,11,10,60,40,0.00,2.03,2.00,1.03,1.75,25,25,25,25,25,25,50,25,25,7.50,3.00,1.51,4.00,6.00,1.18,1.67,2.50,4.45,1.95,1.85,Ernst-Happel-Stadion
1749321900,Jun 07 2025 - 6:45pm,complete,N/A,Albania,Serbia,Davide Massa,3,1.50,0.00,1.56,1.63,0,0,0,0,0,0,"","",4,4,1,0,2,0,1,0,1,1,10,8,4,2,6,6,9,13,43,57,1.03,0.00,1.17,0.97,1.25,0,50,25,0,0,25,50,0,50,1.50,0.50,3.15,3.15,2.25,1.50,2.33,5.00,10.00,2.02,1.70,N/A
1749321900,Jun 07 2025 - 6:45pm,complete,N/A,Finland,Netherlands,Daniel Siebert,3,2.00,0.00,1.25,2.50,0,2,2,2,0,2,"","23,6",1,6,1,0,2,0,0,1,1,1,5,17,2,6,3,11,9,9,40,60,1.36,0.00,0.63,1.98,1.25,25,25,25,25,0,25,50,0,25,4.00,1.50,7.60,4.50,1.38,1.18,1.62,2.50,4.33,2.00,1.73,Helsingin olympiastadion
1749477600,Jun 09 2025 - 2:00pm,complete,N/A,Kazakhstan,FYR Macedonia,Filip Glova,4,1.50,1.67,1.00,1.44,0,1,1,1,0,1,"","33",6,0,2,0,2,0,0,2,0,2,13,9,3,5,10,4,21,11,53,47,1.45,1.23,1.42,1.14,2.67,59,100,42,25,0,67,84,42,75,9.33,4.50,3.20,3.30,2.17,1.48,2.40,4.75,8.75,1.93,1.78,N/A
1749494700,Jun 09 2025 - 6:45pm,complete,N/A,Estonia,Norway,Srđan Jovanović,4,1.00,3.00,0.50,3.00,0,1,1,0,0,0,"","62",2,2,1,0,1,0,0,1,0,1,7,19,2,3,5,16,7,9,38,62,1.10,2.10,0.73,1.92,4.34,67,100,100,67,50,84,100,50,84,9.33,5.00,14.00,5.80,1.19,1.09,1.65,2.15,3.38,2.60,1.40,N/A
1749494700,Jun 09 2025 - 6:45pm,complete,N/A,Belgium,Wales,Irfan Peljto,4,1.00,2.33,2.25,1.89,4,3,7,4,3,1,"15,27,19,88","45'7,51,69",7,5,3,0,3,0,2,1,1,2,18,12,4,8,14,4,13,9,46,54,1.80,2.16,1.76,1.50,2.50,84,100,34,17,0,17,84,50,100,17.00,2.00,1.42,4.40,6.80,1.20,1.74,2.75,5.15,1.85,1.85,N/A
1749494700,Jun 09 2025 - 6:45pm,complete,N/A,Faroe Islands,Gibraltar,Igal Frid,4,0.00,0.00,1.50,0.00,2,1,3,1,0,1,"71,86","23",11,3,1,0,1,0,0,1,1,0,22,5,5,1,17,4,12,7,73,27,0.66,0.46,2.17,0.54,3.50,42,75,75,50,17,34,75,75,100,5.00,3.67,1.23,5.20,13.00,1.25,1.79,3.10,6.45,2.50,1.49,Þórsvöllur
1749494700,Jun 09 2025 - 6:45pm,complete,N/A,Italy,Moldova,Urs Schnyder,4,0.00,0.00,2.20,0.13,2,0,2,1,1,0,"40,50","",7,6,1,0,1,0,0,1,0,1,28,18,7,7,21,11,8,12,65,35,0.86,1.40,2.78,1.76,4.00,25,100,100,50,50,100,100,25,50,7.50,3.00,1.02,12.00,71.00,1.06,1.28,1.85,3.10,2.98,1.37,MAPEI Stadium - Città del Tricolore
1749494700,Jun 09 2025 - 6:45pm,complete,N/A,Croatia,Czech Republic,Jesús Gil Manzano,4,3.00,3.00,2.75,1.80,5,1,6,1,1,0,"62,75,68,72,42","58",0,6,0,0,2,0,0,0,0,2,18,14,11,5,7,9,3,11,61,39,3.36,2.45,2.27,1.44,5.00,17,100,84,67,50,50,100,84,100,20.67,2.00,1.54,4.00,5.60,1.31,1.94,3.25,6.50,1.81,2.05,Stadion Poljud
1749581100,Jun 10 2025 - 6:45pm,complete,N/A,Finland,Poland,João Pedro Silva Pinheiro,4,1.33,3.00,1.25,2.00,2,1,3,1,1,0,"31,64","69",4,4,1,0,2,0,1,0,1,1,13,24,4,9,9,15,10,10,47,53,1.12,2.78,1.37,2.59,1.92,17,59,17,17,0,34,75,0,67,11.00,2.83,3.85,3.25,1.96,1.40,2.20,3.60,7.25,1.85,1.85,Helsingin olympiastadion
1749581100,Jun 10 2025 - 6:45pm,complete,N/A,Romania,Cyprus,Donatas Rumšas,4,1.00,1.50,1.44,1.00,2,0,2,2,2,0,"43,45'2","",10,3,1,0,2,0,1,0,1,1,19,5,6,1,13,4,12,9,60,40,1.70,2.10,1.99,0.56,2.92,59,84,59,17,17,42,75,59,84,13.33,3.83,1.36,4.50,8.20,1.20,1.64,2.70,4.80,2.00,1.83,Arena Naţională
1749581100,Jun 10 2025 - 6:45pm,complete,N/A,San Marino,Austria,Ondřej Berka,4,0.00,3.00,0.00,2.38,0,4,4,4,0,4,"","15,11,27,3",5,6,1,0,2,0,0,1,0,2,8,22,2,13,6,9,16,15,33,67,0.43,2.00,0.76,2.72,3.00,67,84,67,17,17,17,67,84,100,7.00,3.33,46.00,16.00,1.00,1.04,1.20,1.53,1.89,3.80,1.22,Stadio Olimpico di Serravalle
1749581100,Jun 10 2025 - 6:45pm,complete,6083,Latvia,Albania,N/A,4,1.50,1.33,0.63,1.56,1,1,2,2,1,1,"45'4","29",6,9,3,0,0,0,0,3,0,0,8,13,4,3,4,10,14,6,33,67,0.56,1.08,0.90,1.45,1.84,0,59,42,0,0,17,59,25,84,3.83,2.67,3.75,3.25,1.97,1.52,2.22,5.00,9.75,2.20,1.62,N/A
1749581100,Jun 10 2025 - 6:45pm,complete,N/A,Serbia,Andorra,Əliyar Ağayev,4,1.00,0.00,1.63,0.13,3,0,3,2,2,0,"24,12,53","",10,1,1,0,2,0,0,1,1,1,20,5,7,0,13,5,11,11,70,30,0.97,0.40,2.22,0.40,0.84,0,17,17,0,0,17,17,0,50,5.00,2.67,1.02,12.00,101.00,1.18,1.30,1.84,4.33,4.40,1.20,N/A
1749581100,Jun 10 2025 - 6:45pm,complete,N/A,Netherlands,Malta,Ricardo De Burgos Bengoetxea,4,3.00,0.33,2.50,0.63,8,0,8,3,3,0,"9,16,20,80,78,61,74,90'2","",6,2,1,0,2,0,0,1,1,1,27,5,9,2,18,3,12,15,65,35,1.98,1.17,2.86,0.63,1.50,0,67,0,0,0,50,84,0,17,9.67,5.33,1.02,13.00,61.00,1.06,1.20,1.68,2.20,3.40,1.27,N/A
1756994400,Sep 04 2025 - 2:00pm,complete,28219,Kazakhstan,Wales,Alejandro José Hernández Hernández,5,1.00,1.75,1.00,1.89,0,1,1,1,0,1,"","24",6,6,1,0,1,0,0,1,0,1,14,16,3,5,11,11,12,13,32,68,1.44,2.00,1.28,1.74,3.17,54,84,54,42,13,59,88,67,67,11.83,3.17,6.00,3.64,1.65,1.33,2.10,3.80,8.20,2.31,1.67,Stadion Karasay
1757001600,Sep 04 2025 - 4:00pm,complete,7854,Lithuania,Malta,Giorgi Kruashvili,5,0.67,0.25,0.38,0.63,1,1,2,0,0,0,"90'6","83",4,2,4,1,6,1,2,3,4,3,14,14,4,3,10,11,17,18,55,45,1.00,1.04,1.56,1.35,2.21,17,42,29,29,13,29,54,13,59,4.92,5.00,1.62,3.45,6.50,1.52,2.40,5.39,9.00,2.30,1.50,S. Dariaus ir S. Gireno stadionas
1757001600,Sep 04 2025 - 4:00pm,complete,44238,Georgia,Turkey,Davide Massa,5,0.00,0.00,0.50,2.38,2,3,5,2,0,2,"63,90'8","3,41,52",6,2,4,0,3,1,2,2,1,3,15,6,4,3,11,3,13,14,54,46,0.00,0.00,1.73,0.72,0.00,0,0,0,0,0,0,0,0,0,0.00,0.00,3.15,3.50,2.20,1.25,1.79,3.00,5.50,1.62,2.22,Boris Paichadze Dinamo Arena
1757011500,Sep 04 2025 - 6:45pm,complete,3158,Liechtenstein,Belgium,Morten Krogh,5,0.00,2.00,0.00,2.25,0,6,6,1,0,1,"","70,46,62,29,60,90'1",0,10,2,0,0,0,1,1,0,0,0,18,0,9,0,9,11,12,18,82,0.33,1.78,0.03,2.64,3.59,50,100,59,25,25,59,100,42,84,8.83,4.00,141.00,36.00,1.00,1.03,1.06,1.29,1.74,3.80,1.22,Rheinpark Stadion
1757011500,Sep 04 2025 - 6:45pm,complete,40904,Netherlands,Poland,Simone Sozza,5,3.00,2.00,2.50,2.00,1,1,2,1,1,0,"28","80",7,4,0,0,0,0,0,0,0,0,14,6,5,2,9,4,11,11,74,26,2.42,2.72,1.78,0.68,3.50,17,84,42,25,25,50,84,42,75,12.67,3.17,1.29,5.50,10.00,1.18,1.57,2.40,4.05,1.94,1.80,Stadion Feijenoord
1757011500,Sep 04 2025 - 6:45pm,complete,40582,Bulgaria,Spain,Srđan Jovanović,5,0.00,0.00,0.50,2.67,0,3,3,3,0,3,"","5,30,38",1,6,0,0,1,0,0,0,1,0,3,24,0,12,3,12,6,17,22,78,0.00,0.00,0.31,3.19,0.00,0,0,0,0,0,0,0,0,0,0.00,0.00,28.00,10.00,1.10,1.05,1.32,1.98,3.02,2.69,1.38,Stadion Vasil Levski
1757011500,Sep 04 2025 - 6:45pm,complete,9214,Luxembourg,Northern Ireland,Andris Treimanis,5,0.00,0.00,0.00,1.29,1,3,4,2,1,1,"30","69,7,46",2,5,3,1,1,0,3,1,1,0,7,11,3,6,4,5,12,9,49,51,0.00,0.00,0.83,1.34,0.00,0,0,0,0,0,0,0,0,0,0.00,0.00,3.90,2.95,2.20,1.62,2.90,6.39,11.00,2.25,1.60,N/A
1757011500,Sep 04 2025 - 6:45pm,complete,20013,Slovakia,Germany,Serdar Gözübüyük,5,0.00,0.00,1.71,2.50,2,0,2,1,1,0,"55,42","",5,8,1,0,3,0,0,1,0,3,8,14,5,4,3,10,12,18,30,70,0.00,0.00,1.11,1.61,0.00,0,0,0,0,0,0,0,0,0,0.00,0.00,7.20,4.75,1.27,1.15,1.59,2.38,4.00,1.80,1.95,Štadión Tehelné pole
1757097900,Sep 05 2025 - 6:45pm,complete,6315,Montenegro,Czech Republic,Marco Guida,5,2.00,2.25,1.13,1.80,0,2,2,1,0,1,"","3,90'6",6,6,4,0,1,0,1,3,1,0,22,20,5,10,17,10,13,16,51,49,1.87,2.20,2.10,2.32,3.04,42,84,54,42,13,17,84,54,100,14.00,3.58,5.25,3.75,1.67,1.29,1.93,3.26,6.00,1.93,1.85,Stadion Kraj Bistrice
1757097900,Sep 05 2025 - 6:45pm,complete,15679,Slovenia,Sweden,José María Sánchez Martínez,5,0.00,0.00,0.67,1.00,2,2,4,1,0,1,"90,46","18,73",1,4,2,0,2,0,1,1,1,1,9,6,4,2,5,4,19,21,40,60,0.00,0.00,1.04,1.09,0.00,0,0,0,0,0,0,0,0,0,0.00,0.00,3.70,3.30,2.12,1.38,2.07,3.60,7.70,1.85,1.91,Stadion Stožice
1757097900,Sep 05 2025 - 6:45pm,complete,35369,Denmark,Scotland,Daniel Siebert,5,0.00,0.00,1.88,2.17,0,0,0,0,0,0,"","",13,4,3,0,5,0,1,2,2,3,16,11,2,1,14,10,12,15,74,26,0.00,0.00,1.75,1.08,0.00,0,0,0,0,0,0,0,0,0,0.00,0.00,1.57,4.00,6.80,1.34,2.00,3.40,7.00,2.13,1.74,Parken
1757097900,Sep 05 2025 - 6:45pm,complete,7242,Moldova,Israel,John Beaton,5,0.00,2.00,0.13,1.50,0,4,4,2,0,2,"","15,35,59,77",3,5,0,0,2,0,0,0,0,2,11,16,3,9,8,7,5,10,43,57,1.52,2.09,1.20,1.93,4.17,67,100,84,67,50,67,100,50,100,12.67,3.00,6.00,4.00,1.60,1.28,1.96,3.20,5.80,1.91,1.80,Stadionul Zimbru
1757097900,Sep 05 2025 - 6:45pm,complete,38973,Ukraine,France,Danny Makkelie,5,0.00,0.00,1.43,2.67,0,2,2,1,0,1,"","82,10",4,4,0,0,0,0,0,0,0,0,8,16,3,6,5,10,10,8,44,56,0.00,0.00,0.93,1.91,0.00,0,0,0,0,0,0,0,0,0,0.00,0.00,9.00,5.00,1.30,1.23,1.70,2.63,4.60,1.95,1.75,N/A
1757097900,Sep 05 2025 - 6:45pm,complete,22559,Italy,Estonia,João Pedro Silva Pinheiro,5,1.50,0.75,2.20,0.50,5,0,5,0,0,0,"71,58,69,89,90'2","",12,3,1,0,3,0,0,1,1,2,40,4,13,2,27,2,9,14,70,30,1.82,1.01,4.07,0.56,2.88,38,88,63,25,13,63,88,25,75,7.25,3.25,1.05,13.50,30.00,1.10,1.25,1.75,2.50,2.72,1.44,Stadio Atleti Azzurri d'Italia
1757097900,Sep 05 2025 - 6:45pm,complete,4632,Faroe Islands,Croatia,Kristo Tohver,5,1.00,3.00,1.50,2.75,0,1,1,1,0,1,"","31",3,17,2,0,1,0,0,2,0,1,6,26,3,8,3,18,12,8,26,74,1.17,2.82,0.90,2.79,4.42,59,84,84,50,50,25,84,84,100,11.67,2.17,13.00,6.90,1.20,1.18,1.60,2.50,4.72,2.40,1.57,Þórsvöllur
1757097900,Sep 05 2025 - 6:45pm,complete,14936,Greece,Belarus,N/A,5,0.00,0.00,1.17,0.33,5,1,6,4,4,0,"3,17,21,36,63","72",11,7,1,0,2,0,1,0,1,1,30,11,14,4,16,7,7,12,64,36,0.00,0.00,3.27,1.23,0.00,0,0,0,0,0,0,0,0,0,0.00,0.00,1.19,6.50,15.00,1.20,1.60,2.74,5.13,2.62,1.42,Stadio Georgios Karaiskáki
1757097900,Sep 05 2025 - 6:45pm,complete,4021,Iceland,Azerbaijan,N/A,5,0.00,0.00,1.17,0.17,5,0,5,1,1,0,"45'2,47,56,66,73","",3,2,1,0,2,0,0,1,1,1,14,2,7,0,7,2,12,12,71,29,0.00,0.00,1.96,0.23,0.00,0,0,0,0,0,0,0,0,0,0.00,0.00,1.47,4.30,7.50,1.24,1.84,2.99,5.65,2.00,1.72,Laugardalsvöllur
1757097900,Sep 05 2025 - 6:45pm,complete,33996,Switzerland,Kosovo,Szymon Marciniak,5,0.00,0.00,2.33,1.75,4,0,4,4,4,0,"22,25,39,45","",3,4,2,0,0,0,0,2,0,0,10,7,5,1,5,6,11,10,62,38,0.00,0.00,1.37,0.67,0.00,0,0,0,0,0,0,0,0,0,0.00,0.00,1.36,4.75,8.00,1.20,1.65,2.59,4.45,1.86,1.98,St. Jakob-Park
1757163600,Sep 06 2025 - 1:00pm,complete,6238,Latvia,Serbia,Julian Weinberger,5,1.33,2.00,0.63,1.63,0,1,1,1,0,1,"","12",3,7,1,0,1,0,1,0,0,1,8,20,2,7,6,13,9,13,45,55,0.67,1.59,0.84,2.20,1.75,17,59,42,0,0,42,59,17,59,10.00,3.83,11.00,5.25,1.30,1.24,1.79,3.00,5.84,2.38,1.60,Stadions Daugava
1757174400,Sep 06 2025 - 4:00pm,complete,14403,Armenia,Portugal,Anthony Taylor,5,0.00,0.00,0.50,2.17,0,5,5,3,0,3,"","21,46,10,32,61",2,4,1,0,0,0,1,0,0,0,7,24,3,9,4,15,10,7,29,71,0.00,0.00,0.78,2.76,0.00,0,0,0,0,0,0,0,0,0,0.00,0.00,21.00,8.80,1.13,1.05,1.63,2.30,2.60,1.94,1.87,Vazgen Sargsyan anvan Hanrapetakan Marzadasht
1757174400,Sep 06 2025 - 4:00pm,complete,39202,England,Andorra,N/A,5,3.00,0.00,3.00,0.13,2,0,2,1,1,0,"25,67","",8,0,1,0,1,0,0,1,1,0,11,2,7,0,4,2,10,8,83,17,2.49,0.40,1.99,0.17,2.00,0,59,42,0,0,25,59,17,100,9.67,1.33,1.01,26.00,61.00,1.03,1.09,1.33,1.83,5.00,1.15,N/A
1757184300,Sep 06 2025 - 6:45pm,complete,2740,San Marino,Bosnia and Herzegovina,Enea Jorgji,5,0.00,3.00,0.00,1.90,0,6,6,1,0,1,"","70,72,21,85,81,90",0,6,2,1,2,0,2,1,0,2,4,22,1,10,3,12,17,20,28,72,0.51,1.45,0.39,2.58,2.46,29,54,42,25,13,42,59,25,71,7.08,4.00,51.00,15.00,1.01,1.14,1.27,1.90,2.63,3.30,1.29,Stadio Olimpico di Serravalle
1757184300,Sep 06 2025 - 6:45pm,complete,51137,Republic of Ireland,Hungary,Harm Osmers,5,0.00,0.00,1.57,1.33,2,2,4,2,0,2,"49,90'3","15,2",4,1,3,0,5,1,1,2,1,5,23,9,8,6,15,3,14,13,67,33,0.00,0.00,2.68,1.12,0.00,0,0,0,0,0,0,0,0,0,0.00,0.00,2.50,2.90,2.90,1.47,2.45,4.65,9.75,2.00,1.75,Aviva Stadium
1757184300,Sep 06 2025 - 6:45pm,complete,16300,Austria,Cyprus,Jakob Kehlet,5,3.00,1.00,2.38,1.00,1,0,1,0,0,0,"54","",7,3,1,0,4,0,0,1,2,2,10,16,3,5,7,11,14,6,71,29,2.36,1.59,1.42,1.59,2.92,42,100,67,25,0,59,84,42,59,11.17,3.17,1.11,9.00,27.00,1.11,1.39,2.20,2.50,2.40,1.46,TGW Arena
1757250000,Sep 07 2025 - 1:00pm,complete,44077,Georgia,Bulgaria,Glenn Nyberg,6,0.00,0.00,0.50,0.50,3,0,3,2,2,0,"44,30,65","",4,1,2,0,4,0,2,0,3,1,15,5,5,2,10,3,3,18,60,40,1.73,0.31,1.68,0.69,4.00,50,100,100,50,50,100,100,50,50,7.00,4.00,1.38,4.55,9.40,1.24,1.81,3.10,6.00,2.39,1.59,Boris Paichadze Dinamo Arena
1757260800,Sep 07 2025 - 4:00pm,complete,8693,FYR Macedonia,Liechtenstein,N/A,6,2.00,0.00,1.44,0.00,5,0,5,1,1,0,"15,52,56,82,90","",7,2,2,0,1,0,1,1,0,1,18,3,8,1,10,2,11,15,71,29,1.21,0.25,2.11,0.39,2.75,25,88,50,13,13,38,88,38,75,3.50,4.75,1.06,13.00,50.00,1.11,1.31,1.95,3.08,3.40,1.28,N/A
1757260800,Sep 07 2025 - 4:00pm,complete,14797,Lithuania,Netherlands,Elçin Məsiyev,6,0.75,2.33,0.38,2.50,2,3,5,4,2,2,"36,43","11,33,63",1,7,2,0,0,0,1,1,0,0,4,14,3,7,1,7,13,10,27,73,1.14,2.21,0.62,2.09,2.88,42,75,29,29,17,46,63,29,71,8.58,3.75,29.00,12.00,1.07,1.12,1.35,1.88,3.00,2.90,1.36,S. Dariaus ir S. Gireno stadionas
1757270700,Sep 07 2025 - 6:45pm,complete,50897,Poland,Finland,Rade Obrenović,6,1.75,1.75,2.00,1.25,3,1,4,2,2,0,"45'2,27,54","88",8,2,1,0,0,0,0,1,0,0,15,5,6,2,9,3,11,11,45,55,2.21,1.18,1.62,0.88,2.25,50,75,38,13,0,25,88,25,75,9.25,2.50,1.56,4.00,6.19,1.30,2.02,3.22,7.50,2.06,1.73,N/A
1757270700,Sep 07 2025 - 6:45pm,complete,15119,Belgium,Kazakhstan,Radu Petrescu,6,2.33,0.75,2.25,1.00,6,0,6,2,2,0,"42,44,84,51,60,87","",11,1,0,0,2,0,0,0,1,1,35,5,15,2,20,3,6,10,75,25,2.07,1.40,3.99,0.59,3.50,46,75,46,46,34,42,100,46,63,14.50,2.83,1.06,14.00,40.00,1.05,1.25,1.66,3.01,2.62,1.42,Stade Constant Vanden Stock
1757270700,Sep 07 2025 - 6:45pm,complete,32059,Turkey,Spain,Michael Oliver,6,3.00,3.00,2.38,2.67,0,6,6,3,0,3,"","62,45'1,22,6,53,57",8,4,0,0,0,0,0,0,0,0,11,21,2,12,9,9,6,9,50,50,0.72,3.19,1.23,2.45,4.00,50,100,100,50,50,100,100,50,50,8.00,6.00,5.50,4.60,1.54,1.14,1.53,2.43,3.90,1.65,2.07,Konya Büyükşehir Belediye Stadyumu
1757270700,Sep 07 2025 - 6:45pm,complete,43169,Germany,Northern Ireland,Espen Eskås,6,0.00,3.00,2.50,1.29,3,1,4,2,1,1,"7,69,72","34",3,5,1,0,4,0,1,0,0,4,11,3,6,1,5,2,9,13,80,20,1.61,1.34,1.46,0.46,3.00,50,100,50,50,0,50,100,50,100,13.00,4.00,1.16,7.50,19.00,1.17,1.52,2.44,4.20,2.38,1.53,RheinEnergieStadion
1757270700,Sep 07 2025 - 6:45pm,complete,8487,Luxembourg,Slovakia,Nick Walsh,6,0.00,3.00,0.00,1.71,0,1,1,0,0,0,"","90",4,4,3,0,3,0,1,2,1,2,11,6,4,2,7,4,14,14,47,53,0.83,1.11,1.29,0.80,3.00,50,100,50,50,0,50,100,50,100,7.00,5.00,4.70,3.45,1.79,1.47,2.23,4.00,9.50,2.14,1.64,N/A
1757357100,Sep 08 2025 - 6:45pm,complete,2540,Israel,Italy,N/A,6,2.25,2.00,1.50,2.20,4,5,9,2,1,1,"16,52,87,89","40,54,58,81,90'1",4,4,0,0,0,0,0,0,0,0,11,17,7,7,4,10,15,12,46,54,2.05,2.57,1.39,1.94,3.79,38,100,84,54,29,54,84,54,84,13.50,1.67,8.00,4.80,1.37,1.18,1.70,2.54,4.40,1.80,1.91,Nagyerdei Stadion
1757357100,Sep 08 2025 - 6:45pm,complete,2844,Belarus,Scotland,N/A,6,0.00,1.00,0.33,2.17,0,2,2,1,0,1,"","43,65",2,2,2,0,1,0,0,2,0,1,6,14,3,8,3,6,14,10,27,73,1.23,1.08,0.84,1.80,3.00,50,50,50,50,50,50,50,50,50,11.00,7.00,7.90,3.90,1.50,1.36,2.12,3.80,7.50,2.29,1.56,ZTE-Aréna
1757357100,Sep 08 2025 - 6:45pm,complete,12887,Kosovo,Sweden,Allard Lindhout,6,0.00,1.00,1.75,1.00,2,0,2,2,2,0,"26,42","",1,5,3,1,3,0,0,4,0,3,11,14,5,5,6,9,13,12,32,68,0.67,1.09,1.29,1.76,4.00,50,100,100,100,0,50,100,50,50,8.00,2.00,4.81,3.95,1.70,1.21,1.62,2.51,4.40,1.61,2.20,Stadiumi Fadil Vokrri
1757357100,Sep 08 2025 - 6:45pm,complete,11757,Switzerland,Slovenia,François Letexier,6,3.00,1.00,2.33,0.67,3,0,3,3,3,0,"18,33,38","",5,2,0,0,2,0,0,0,0,2,12,6,6,1,6,5,10,15,65,35,1.37,1.04,1.51,0.63,4.00,50,100,100,100,0,50,100,50,50,4.00,4.00,1.45,4.00,7.10,1.24,1.88,2.90,5.45,2.17,1.71,St. Jakob-Park
1757357100,Sep 08 2025 - 6:45pm,complete,31172,Greece,Denmark,Donatas Rumšas,6,3.00,1.00,1.17,1.88,0,3,3,1,0,1,"","62,32,81",3,3,1,0,1,0,1,0,0,1,4,15,1,8,3,7,14,14,44,56,3.27,1.75,0.60,1.86,3.00,50,50,50,50,50,50,50,50,50,24.00,4.00,2.54,3.11,2.90,1.39,2.26,4.10,10.00,1.85,1.85,Stadio Georgios Karaiskáki
1757357100,Sep 08 2025 - 6:45pm,complete,21209,Croatia,Montenegro,N/A,6,3.00,1.50,2.75,1.13,4,0,4,1,1,0,"35,51,85,90'2","",7,3,1,0,2,1,1,0,3,0,32,3,13,1,19,2,10,6,75,25,2.81,1.92,3.79,0.41,3.46,29,71,46,46,34,29,88,46,84,15.67,3.42,1.17,7.00,15.01,1.13,1.50,2.44,3.80,2.10,1.65,Stadion Maksimir
1757357100,Sep 08 2025 - 6:45pm,complete,1603,Gibraltar,Faroe Islands,Mohammed Al Hakim,6,0.00,0.75,0.00,1.50,0,1,1,0,0,0,"","68",3,7,3,0,1,0,1,2,0,1,7,13,2,6,5,7,11,13,40,60,0.48,1.10,0.76,1.55,3.25,50,75,75,38,13,25,88,75,88,7.25,3.25,8.25,3.90,1.54,1.43,2.41,4.60,9.60,2.62,1.42,N/A
1757433600,Sep 09 2025 - 4:00pm,complete,13144,Armenia,Republic of Ireland,Goga Kikacheishvili,6,0.00,1.00,0.50,1.57,2,1,3,1,1,0,"45'1,51","57",1,2,1,0,1,0,0,1,0,1,15,8,8,5,7,3,9,13,52,48,0.78,2.68,1.69,1.10,4.50,50,100,100,100,50,100,100,100,100,6.00,4.00,4.39,3.25,1.95,1.31,2.07,3.30,6.00,1.92,1.95,Vazgen Sargsyan anvan Hanrapetakan Marzadasht
1757433600,Sep 09 2025 - 4:00pm,complete,8450,Azerbaijan,Ukraine,Vasilis Fotias,6,0.00,0.00,0.17,1.43,1,1,2,0,0,0,"72","51",1,9,3,0,3,0,1,2,0,3,4,16,2,5,2,11,9,12,26,74,0.23,0.93,0.53,1.79,3.50,0,100,50,50,50,0,100,50,100,6.00,2.00,8.50,4.25,1.37,1.24,1.81,2.86,5.50,1.94,1.76,N/A
1757443500,Sep 09 2025 - 6:45pm,complete,4875,Cyprus,Romania,Matej Jug,6,0.75,1.50,1.00,1.44,2,2,4,3,1,2,"76,29","2,18",7,1,3,0,2,0,0,3,2,0,18,8,8,5,10,3,7,21,59,41,1.59,1.77,2.02,1.12,2.50,38,75,38,13,13,50,75,38,63,12.25,4.25,5.90,3.50,1.57,1.30,2.05,3.48,6.50,1.90,1.77,N/A
1757443500,Sep 09 2025 - 6:45pm,complete,11700,Bosnia and Herzegovina,Austria,Jesús Gil Manzano,6,3.00,3.00,1.90,2.38,1,2,3,0,0,0,"50","49,65",3,2,2,0,4,1,1,1,0,5,16,11,3,5,13,6,16,21,42,58,1.73,2.04,1.42,1.27,2.71,29,59,59,29,13,29,71,29,71,10.75,3.33,5.30,3.80,1.64,1.27,1.95,3.10,6.50,1.85,1.92,Stadion Bilino Polje
1757443500,Sep 09 2025 - 6:45pm,complete,16568,Albania,Latvia,Damian Sylwestrzak,6,1.25,1.00,1.56,0.63,1,0,1,1,1,0,"25","",2,4,0,0,3,0,0,0,2,1,13,10,3,2,10,8,10,11,62,38,1.17,0.71,1.50,1.00,1.75,25,63,25,0,0,38,75,13,50,7.00,2.50,1.29,4.70,10.59,1.30,1.95,3.50,7.00,2.50,1.50,N/A
1757443500,Sep 09 2025 - 6:45pm,complete,24605,Norway,Moldova,N/A,6,3.00,0.00,3.00,0.13,11,1,12,5,5,0,"6,11,36,43,45'1,52,67,76,79,83,90'1","74",4,1,0,0,1,0,0,0,0,1,34,2,17,0,17,2,6,10,71,29,2.06,1.44,3.96,0.30,3.88,25,88,75,63,50,63,88,38,88,10.25,3.25,1.04,19.00,38.00,1.03,1.24,1.53,2.28,2.30,1.33,Ullevaal Stadion
1757443500,Sep 09 2025 - 6:45pm,complete,40150,France,Iceland,António Emanuel Carvalho Nobre,6,3.00,3.00,2.67,1.17,2,1,3,2,1,1,"45,62","21",3,2,3,1,2,0,1,3,1,1,20,7,8,2,12,5,12,13,63,37,1.91,1.96,2.34,0.82,3.50,0,100,50,50,50,0,100,50,100,7.00,1.00,1.05,12.00,25.00,1.05,1.27,1.69,2.50,2.25,1.59,Parc des Princes
1757443500,Sep 09 2025 - 6:45pm,complete,61473,Hungary,Portugal,Erik Lambrechts,6,1.00,3.00,1.33,2.17,2,3,5,2,1,1,"84,21","36,58,86",1,6,1,0,2,0,0,1,0,2,5,15,2,7,3,8,6,9,31,69,1.12,2.76,0.58,2.03,4.50,50,100,100,100,50,100,100,100,100,5.00,7.00,7.50,4.45,1.31,1.16,1.60,2.56,4.55,1.80,1.91,N/A
1757443500,Sep 09 2025 - 6:45pm,complete,39789,Serbia,England,Clément Turpin,6,2.33,3.00,1.63,3.00,0,5,5,2,0,2,"","33,52,75,90,35",2,6,1,1,1,0,1,1,1,0,3,24,0,12,3,12,11,10,30,70,1.79,2.36,0.33,2.81,1.67,0,54,29,0,0,17,71,13,67,15.50,1.83,4.33,3.20,1.71,1.36,2.25,4.20,9.00,1.99,1.73,Stadion Rajko Mitić
1760025600,Oct 09 2025 - 4:00pm,complete,15819,Finland,Lithuania,Stéphanie Frappart,7,1.40,0.60,1.25,0.38,2,1,3,1,0,1,"48,55","25",5,1,2,0,1,0,0,2,1,0,11,8,7,3,4,5,21,13,50,50,1.12,1.04,1.47,0.95,2.60,60,70,50,40,10,50,70,30,70,5.00,3.60,1.60,4.10,7.60,1.33,1.98,4.01,6.40,2.21,1.70,Helsingin olympiastadion
1760035500,Oct 09 2025 - 6:45pm,complete,9254,Malta,Netherlands,Duje Strukan,7,0.40,2.50,0.63,2.50,0,4,4,1,0,1,"","12,48,57,90'3",1,6,5,0,2,0,1,4,0,2,7,22,0,8,7,14,15,6,37,63,1.10,2.18,0.56,2.18,3.43,35,80,35,35,35,48,80,33,68,9.50,4.75,81.00,14.00,1.03,1.06,1.26,1.66,2.50,3.05,1.32,Ta'Qali National Stadium
1760035500,Oct 09 2025 - 6:45pm,complete,18870,Czech Republic,Croatia,François Letexier,7,2.40,3.00,1.80,2.75,0,0,0,0,0,0,"","",5,2,0,0,2,0,0,0,0,2,10,5,2,1,8,4,15,7,44,56,2.22,3.05,1.05,0.58,3.95,33,88,68,58,35,13,100,68,88,16.60,1.95,3.05,3.30,2.38,1.25,1.85,3.06,5.65,1.70,2.22,Eden Aréna
1760035500,Oct 09 2025 - 6:45pm,complete,37500,Austria,San Marino,Igal Frid,7,3.00,0.00,2.38,0.00,10,0,10,6,6,0,"30,45,76,24,47,7,8,42,84,83","",4,2,1,0,3,0,0,1,2,1,25,4,14,1,11,3,14,9,71,29,1.85,0.49,2.90,0.41,3.28,35,78,68,43,20,33,55,55,78,7.20,4.65,1.01,21.00,56.00,1.01,1.05,1.15,1.36,4.25,1.18,Ernst-Happel-Stadion
1760035500,Oct 09 2025 - 6:45pm,complete,N/A,Belarus,Denmark,Filip Glova,7,0.00,2.00,0.33,1.88,0,6,6,4,0,4,"","45'6,19,66,78,45,14",4,7,2,0,1,0,2,0,1,0,5,24,1,11,4,13,10,9,23,77,1.03,1.81,0.55,2.70,2.75,25,75,50,25,25,25,75,50,75,12.50,4.00,21.00,7.50,1.12,1.15,1.50,2.35,3.78,3.05,1.33,ZTE-Aréna
1760035500,Oct 09 2025 - 6:45pm,complete,46006,Scotland,Greece,Espen Eskås,7,2.00,1.50,2.17,1.17,3,1,4,0,0,0,"64,80,90'3","62",4,4,2,0,4,0,0,2,2,2,8,15,3,3,5,12,12,19,33,67,1.44,1.93,0.79,1.41,2.75,25,75,50,25,25,25,75,50,75,10.00,4.00,2.80,3.13,2.70,1.38,2.10,3.95,7.10,1.86,1.87,Hampden Park
1760035500,Oct 09 2025 - 6:45pm,complete,2355,Cyprus,Bosnia and Herzegovina,N/A,7,0.80,2.40,1.00,1.90,2,2,4,3,1,2,"45'1,90'6","10,36",3,5,2,0,4,0,1,1,2,2,14,14,3,6,11,8,16,19,64,36,1.68,1.67,1.45,1.57,2.60,40,70,50,20,10,40,60,30,80,9.80,4.40,4.23,3.30,1.74,1.32,2.02,3.18,6.50,1.77,1.85,AEK Arena - George Karapatakis
1760035500,Oct 09 2025 - 6:45pm,complete,2034,Faroe Islands,Montenegro,Javier Alberola Rojas,7,1.20,1.20,1.50,1.13,4,0,4,2,2,0,"55,16,36,72","",7,2,0,0,2,0,0,0,0,2,12,10,6,3,6,7,9,18,41,59,1.19,1.62,1.32,1.00,2.20,30,60,40,20,0,10,70,40,90,10.80,4.40,3.30,3.05,2.35,1.44,2.40,4.25,8.50,1.95,1.68,Tórsvøllur
1760104800,Oct 10 2025 - 2:00pm,complete,26539,Kazakhstan,Liechtenstein,Paweł Raczkowski,7,0.60,0.00,1.00,0.00,4,0,4,2,2,0,"81,28,26,59","",9,1,2,0,2,0,2,0,1,1,25,3,10,2,15,1,12,15,69,31,1.23,0.28,2.75,0.42,3.30,10,80,60,40,30,50,100,50,60,5.20,3.40,1.11,8.00,26.00,1.16,1.59,2.40,3.78,3.95,1.25,Stadion Karasay
1760121900,Oct 10 2025 - 6:45pm,complete,18109,Northern Ireland,Slovakia,N/A,7,1.50,3.00,1.29,1.71,2,0,2,1,1,0,"18,81","",6,4,2,0,0,0,0,2,0,0,11,7,4,2,7,5,14,12,38,62,0.90,0.95,1.44,0.87,2.75,50,75,50,50,0,50,75,50,100,9.50,4.50,2.45,2.88,3.30,1.53,2.61,5.50,9.50,2.10,1.67,Windsor Park
1760121900,Oct 10 2025 - 6:45pm,complete,40150,France,Azerbaijan,Rohit Saggi,7,3.00,0.50,2.67,0.17,3,0,3,1,1,0,"45'2,69,84","",10,0,1,0,2,0,0,1,1,1,33,1,9,0,24,1,8,14,77,23,2.13,0.38,3.48,0.10,3.00,50,100,50,25,25,25,75,50,100,5.00,5.00,1.01,25.00,50.00,1.02,1.08,1.25,1.70,2.98,1.34,Parc des Princes
1760121900,Oct 10 2025 - 6:45pm,complete,9111,Iceland,Ukraine,Sven Jablonski,7,1.50,0.50,1.17,1.43,3,5,8,4,1,3,"34,75,59","14,45,45'5,85,88",4,2,1,0,4,0,1,0,0,4,9,8,5,7,4,1,11,13,65,35,1.39,1.36,1.23,1.18,3.00,50,100,50,25,25,25,75,50,100,9.00,3.00,2.75,3.30,2.55,1.30,2.06,3.30,6.50,1.75,2.00,Laugardalsvöllur
1760121900,Oct 10 2025 - 6:45pm,complete,50151,Sweden,Switzerland,Anthony Taylor,7,0.50,3.00,1.00,2.33,0,2,2,0,0,0,"","65,90'4",4,9,1,0,1,0,0,1,0,1,7,17,0,8,7,9,13,10,41,59,1.43,1.44,0.71,2.07,3.25,25,100,75,50,0,75,100,25,25,8.50,3.50,2.30,3.15,3.00,1.25,1.96,3.18,6.50,1.67,2.05,Friends Arena
1760121900,Oct 10 2025 - 6:45pm,complete,12268,Kosovo,Slovenia,Marco Guida,7,1.50,0.50,1.75,0.67,0,0,0,0,0,0,"","",2,4,2,0,2,0,0,2,1,1,5,11,0,2,5,9,10,12,39,61,0.98,0.83,0.54,1.13,3.25,25,100,75,50,0,75,100,25,25,4.00,4.00,2.37,3.22,3.30,1.40,2.37,4.20,7.50,1.95,1.82,Stadiumi Fadil Vokrri
1760121900,Oct 10 2025 - 6:45pm,complete,25249,Germany,Luxembourg,Nenad Minaković,7,1.50,0.00,2.50,0.00,4,0,4,2,2,0,"12,21,50,48","",7,0,0,0,1,1,0,0,1,1,31,1,8,1,23,0,10,5,85,15,1.54,1.06,3.45,0.20,2.75,50,75,50,50,0,50,75,50,100,8.50,5.50,1.02,17.50,47.00,1.05,1.20,1.57,2.33,3.50,1.40,WIRSOL Rhein-Neckar-Arena
1760121900,Oct 10 2025 - 6:45pm,complete,18583,Belgium,FYR Macedonia,Halil Umut Meler,7,2.50,2.20,2.25,1.44,0,0,0,0,0,0,"","",13,2,3,0,2,0,1,2,1,1,25,3,5,0,20,3,15,8,78,22,2.55,1.39,2.79,0.27,3.93,45,90,58,48,48,35,90,58,90,13.50,3.60,1.08,6.70,16.00,1.12,1.44,2.10,3.50,2.42,1.60,GHELAMCO-arena
1760187600,Oct 11 2025 - 1:00pm,complete,5027,Latvia,Andorra,Georgi Kabakov,7,0.80,0.00,0.63,0.13,2,2,4,2,1,1,"41,55","33,78",5,1,1,0,2,1,0,1,1,2,9,5,2,2,7,3,7,13,70,30,0.77,0.36,1.11,0.61,1.80,10,50,30,0,0,30,70,10,70,4.00,3.20,1.40,3.40,8.00,1.57,2.70,5.75,13.00,2.80,1.36,Stadions Daugava
1760198400,Oct 11 2025 - 4:00pm,complete,19363,Norway,Israel,N/A,7,3.00,1.80,3.00,1.50,5,0,5,3,3,0,"18,27,28,63,72","",5,1,0,0,1,0,0,0,0,1,16,4,5,1,11,3,10,11,54,46,2.44,1.92,1.70,0.49,5.30,60,90,90,70,50,70,90,60,90,11.00,2.00,1.23,6.75,10.50,1.08,1.30,1.83,2.80,1.62,2.15,Ullevaal Stadion
1760198400,Oct 11 2025 - 4:00pm,complete,N/A,Hungary,Armenia,Chris Kavanagh,7,0.50,1.50,1.33,0.50,2,0,2,0,0,0,"56,90'4","",10,1,0,0,1,0,0,0,1,0,13,8,4,2,9,6,9,10,67,33,0.85,1.23,1.61,0.78,4.25,75,100,100,75,50,75,100,100,100,2.50,5.00,1.22,4.90,8.75,1.20,1.62,2.63,4.75,1.95,1.75,N/A
1760208300,Oct 11 2025 - 6:45pm,complete,28661,Spain,Georgia,Manfredas Lukjančukas,7,3.00,1.50,2.67,0.50,2,0,2,1,1,0,"24,64","",10,0,1,0,0,0,1,0,0,0,24,1,7,1,17,0,12,8,83,17,2.82,1.71,2.64,0.19,4.25,25,100,100,50,50,100,100,50,75,10.00,3.50,1.10,6.80,14.00,1.08,1.33,1.85,2.90,1.91,1.80,Estadio Manuel Martínez Valero
1760208300,Oct 11 2025 - 6:45pm,complete,11913,Estonia,Italy,Serdar Gözübüyük,7,0.60,2.25,0.50,2.20,1,3,4,2,0,2,"76","4,38,74",0,8,4,0,3,0,2,2,1,2,2,24,1,9,1,15,22,9,36,64,0.92,2.41,0.31,2.48,4.18,43,90,78,55,45,55,68,55,88,9.05,3.30,26.00,9.00,1.04,1.04,1.30,1.91,2.74,2.55,1.46,N/A
1760208300,Oct 11 2025 - 6:45pm,complete,4320,Serbia,Albania,Istvan Kovacs,7,1.75,1.60,1.63,1.56,0,1,1,1,0,1,"","45'1",4,2,2,0,3,0,0,2,2,1,15,5,6,3,9,2,19,14,55,45,1.43,1.24,1.86,0.81,1.93,10,55,35,13,13,45,78,13,45,9.35,2.15,1.67,3.45,6.00,1.44,2.40,4.60,10.00,2.15,1.62,N/A
1760208300,Oct 11 2025 - 6:45pm,complete,48821,Portugal,Republic of Ireland,Ivan Kružliak,7,3.00,0.50,2.17,1.57,1,0,1,0,0,0,"90'1","",9,0,2,0,5,0,0,2,1,4,30,2,6,0,24,2,6,9,70,30,2.40,1.89,3.18,0.25,4.25,75,100,100,75,50,75,100,100,100,8.00,3.00,1.08,7.00,17.00,1.13,1.40,2.10,3.40,2.25,1.57,Estádio José Alvalade
1760208300,Oct 11 2025 - 6:45pm,complete,10059,Bulgaria,Turkey,N/A,7,0.00,1.50,0.50,2.38,1,6,7,2,1,1,"13","11,49,51,56,65,90'3",5,8,2,0,1,0,2,0,0,1,4,18,2,8,2,10,11,4,22,78,0.50,0.97,0.52,2.18,4.25,25,100,100,50,50,100,100,50,75,6.00,4.50,9.25,5.10,1.20,1.18,1.62,2.60,4.60,2.00,1.75,Stadion Vasil Levski
1760274000,Oct 12 2025 - 1:00pm,complete,598,San Marino,Cyprus,Əliyar Ağayev,8,0.00,0.83,0.00,1.00,0,4,4,1,0,1,"","9,59,79,67",2,5,2,0,3,0,1,1,2,1,5,18,0,7,5,11,15,13,29,71,0.47,1.64,0.44,2.20,3.75,34,83,59,50,25,59,67,42,83,7.17,4.83,18.00,6.50,1.08,1.20,1.75,2.57,4.35,2.47,1.49,Stadio Olimpico di Serravalle
1760284800,Oct 12 2025 - 4:00pm,complete,2980,Faroe Islands,Czech Republic,Andrea Colombo,8,1.50,2.17,1.50,1.80,2,1,3,0,0,0,"67,81","78",1,7,3,0,1,0,0,3,1,0,6,14,3,1,3,13,10,13,37,63,1.21,2.02,0.89,1.51,2.50,33,67,50,25,9,9,75,50,83,12.84,2.33,7.75,4.40,1.28,1.23,1.88,2.91,5.40,2.08,1.68,Tórsvøllur
1760284800,Oct 12 2025 - 4:00pm,complete,52387,Netherlands,Finland,Slavko Vinčić,8,2.60,1.67,2.50,1.25,4,0,4,3,3,0,"84,8,38,17","",12,1,0,0,2,0,0,0,0,2,17,7,6,3,11,4,8,13,69,31,2.18,1.18,2.05,0.76,3.52,54,92,64,47,20,55,100,45,74,9.73,2.17,1.06,7.75,19.00,1.05,1.32,1.97,2.88,2.25,1.58,Johan Cruijff Arena
1760284800,Oct 12 2025 - 4:00pm,complete,49346,Scotland,Belarus,Marian Alexandru Barbu,8,2.33,0.00,2.17,0.33,2,1,3,1,1,0,"84,15","90'6",7,6,0,0,2,0,0,0,0,2,12,22,6,3,6,19,10,14,55,45,1.22,0.87,1.52,1.93,3.34,33,84,50,50,34,34,67,50,84,7.66,4.67,1.11,8.70,23.00,1.12,1.50,2.42,3.78,2.49,1.48,Hampden Park
1760294700,Oct 12 2025 - 6:45pm,complete,11741,Lithuania,Poland,Ondřej Berka,8,0.50,2.00,0.38,2.00,0,2,2,1,0,1,"","15,64",4,8,2,0,2,0,0,2,1,1,7,12,1,6,6,6,21,13,48,52,1.02,2.09,0.85,1.47,2.45,64,74,45,27,9,27,65,37,92,8.23,3.53,8.00,4.45,1.27,1.26,1.96,3.06,5.50,2.09,1.68,S. Dariaus ir S. Gireno stadionas
1760294700,Oct 12 2025 - 6:45pm,complete,7579,Croatia,Gibraltar,Oleksiy Derevinskyi,8,2.60,0.00,2.75,0.00,3,0,3,1,1,0,"30,78,90'6","",18,0,0,0,0,0,0,0,0,0,28,1,10,0,18,1,7,7,80,20,2.56,0.54,3.23,0.10,3.70,30,70,70,60,30,30,80,70,80,10.00,2.80,1.00,22.00,250.00,1.01,1.06,1.17,1.47,4.40,1.18,N/A
1760294700,Oct 12 2025 - 6:45pm,complete,39581,Romania,Austria,Davide Massa,8,1.40,3.00,1.44,2.38,1,0,1,0,0,0,"90'5","",2,4,2,0,4,0,0,2,2,2,10,3,2,1,8,2,10,17,46,54,1.64,2.06,0.99,0.62,3.70,50,80,70,40,20,50,80,50,70,10.80,4.00,4.20,3.50,1.64,1.27,1.98,3.12,5.70,1.80,1.92,Arena Naţională
1760294700,Oct 12 2025 - 6:45pm,complete,N/A,Denmark,Greece,Michael Oliver,8,2.33,1.00,1.88,1.17,3,1,4,3,3,0,"21,40,41","63",7,6,1,0,3,0,0,1,0,3,12,15,8,4,4,11,12,14,47,53,2.10,1.76,1.62,1.59,3.67,34,84,84,50,33,33,67,84,84,13.67,3.67,1.51,3.70,5.00,1.25,1.97,3.12,6.05,1.84,1.88,Parken
1760381100,Oct 13 2025 - 6:45pm,complete,36571,Sweden,Kosovo,Danny Makkelie,8,0.33,1.33,1.00,1.75,0,1,1,1,0,1,"","32",12,0,0,0,2,0,0,0,1,1,13,7,4,3,9,4,16,10,67,33,1.19,0.83,1.73,0.81,2.34,17,84,33,33,0,50,67,34,34,6.66,4.00,1.34,5.40,8.52,1.11,1.48,2.37,3.70,1.76,1.97,Nya Ullevi
1760381100,Oct 13 2025 - 6:45pm,complete,6995,Ukraine,Azerbaijan,N/A,8,1.33,0.33,1.43,0.17,2,1,3,2,1,1,"30,64","45'3",7,1,3,0,1,0,1,2,1,0,22,8,7,2,15,6,12,7,57,43,1.30,0.29,2.23,0.76,3.67,50,100,50,33,33,17,67,84,100,6.00,4.66,1.18,6.90,15.00,1.14,1.66,2.46,4.34,2.39,1.52,N/A
1760381100,Oct 13 2025 - 6:45pm,complete,N/A,FYR Macedonia,Kazakhstan,Juan Martínez Munuera,8,2.00,1.00,1.44,1.00,1,1,2,0,0,0,"74","54",7,2,1,0,5,0,1,0,0,5,20,15,6,4,14,11,8,12,60,40,1.20,1.49,2.09,1.49,2.59,25,67,42,34,17,42,84,42,59,9.00,4.17,1.39,4.48,8.00,1.30,2.01,3.30,6.05,2.39,1.52,N/A
1760381100,Oct 13 2025 - 6:45pm,complete,13010,Slovakia,Luxembourg,Rade Obrenović,8,2.00,0.00,1.71,0.00,2,0,2,0,0,0,"55,72","",5,4,1,0,4,0,1,0,1,3,13,7,3,2,10,5,17,10,45,55,0.93,0.77,1.32,0.79,2.34,17,67,34,34,0,34,67,34,100,6.33,4.66,1.30,4.50,10.00,1.25,1.93,3.06,5.85,2.29,1.56,Štadión Antona Malatinského
1760381100,Oct 13 2025 - 6:45pm,complete,14637,Slovenia,Switzerland,Felix Zwayer,8,0.67,3.00,0.67,2.33,0,0,0,0,0,0,"","",3,4,1,0,0,0,0,1,0,0,4,11,0,3,4,8,10,5,35,65,0.93,1.65,0.49,1.48,2.67,17,84,67,33,0,50,67,33,33,8.00,3.00,4.95,3.54,1.70,1.34,2.05,3.70,7.70,2.03,1.72,Stadion Stožice
1760381100,Oct 13 2025 - 6:45pm,complete,32803,Wales,Belgium,Daniel Siebert,8,2.00,2.20,1.89,2.25,2,4,6,3,1,2,"8,89","18,90,24,76",6,5,2,0,1,0,1,1,0,1,9,16,3,6,6,10,10,6,62,38,1.94,2.60,1.20,1.77,3.80,50,80,60,50,40,40,80,70,80,16.60,2.80,4.20,3.50,1.72,1.26,1.90,3.04,5.45,1.75,1.98,N/A
1760381100,Oct 13 2025 - 6:45pm,complete,17926,Northern Ireland,Germany,Jesús Gil Manzano,8,2.00,2.00,1.29,2.50,0,1,1,1,0,1,"","31",4,5,4,0,2,0,2,2,0,2,12,11,3,2,9,9,18,14,33,67,1.08,2.18,1.20,1.16,3.33,50,100,67,67,0,67,100,67,100,11.33,3.66,7.00,5.00,1.36,1.20,1.66,2.38,4.25,1.86,1.86,Windsor Park
1760381100,Oct 13 2025 - 6:45pm,complete,N/A,Iceland,France,Orel Grinfeeld,8,1.00,3.00,1.17,2.67,2,2,4,1,1,0,"39,70","63,68",0,9,1,0,1,0,0,1,0,1,4,20,2,9,2,11,16,12,30,70,1.34,2.58,0.52,2.54,4.00,50,100,84,34,34,50,100,50,100,8.67,3.33,8.50,5.50,1.19,1.17,1.68,2.42,4.93,2.11,1.66,Laugardalsvöllur
1760457600,Oct 14 2025 - 4:00pm,complete,4731,Estonia,Moldova,Igor Pajač,8,0.50,0.00,0.50,0.13,1,1,2,1,1,0,"12","64",3,4,2,0,3,0,1,1,2,1,17,16,4,4,13,12,15,11,61,39,0.82,1.21,1.71,1.55,4.64,54,92,82,74,47,74,84,64,100,6.53,4.60,2.20,3.20,3.50,1.39,2.38,4.00,8.70,1.94,1.79,N/A
1760467500,Oct 14 2025 - 6:45pm,complete,9965,Italy,Israel,Clément Turpin,8,2.40,1.50,2.20,1.50,3,0,3,1,1,0,"45'2,74,90'3","",4,3,2,0,1,0,0,2,1,0,16,8,6,2,10,6,11,9,53,47,2.43,1.68,1.76,0.88,4.89,54,100,90,72,45,72,90,72,90,11.77,1.83,1.08,7.25,14.50,1.09,1.38,2.04,3.34,1.87,1.85,Dacia Arena
1760467500,Oct 14 2025 - 6:45pm,complete,26633,Turkey,Georgia,Radu Petrescu,8,2.00,1.00,2.38,0.50,4,1,5,3,3,0,"14,22,35,52","64",7,6,1,0,1,0,0,1,0,1,10,12,6,3,4,9,14,16,45,55,1.37,1.20,1.39,1.28,4.67,50,100,84,67,67,84,100,67,100,9.33,4.00,1.50,4.33,5.40,1.17,1.70,2.45,4.20,1.69,2.07,İsmetpaşa Stadyumu
1760467500,Oct 14 2025 - 6:45pm,complete,24526,Spain,Bulgaria,N/A,8,3.00,0.00,2.67,0.50,4,0,4,1,1,0,"35,57,79,90'2","",11,0,0,0,0,0,0,0,0,0,33,3,11,0,22,3,7,6,78,22,2.76,0.50,3.73,0.27,4.00,17,100,84,33,33,84,100,33,67,9.00,2.67,1.01,41.00,71.00,1.01,1.09,1.34,1.88,3.64,1.25,Estadio Municipal José Zorrilla
1760467500,Oct 14 2025 - 6:45pm,complete,42292,Republic of Ireland,Armenia,Benoît Bastien,8,0.33,1.00,1.57,0.50,1,0,1,0,0,0,"70","",6,0,4,0,0,1,0,4,0,1,17,4,6,1,11,3,12,6,49,51,1.35,1.08,1.91,0.48,3.00,50,84,67,33,17,33,67,84,100,3.33,4.00,1.44,4.17,6.32,1.24,1.89,3.10,6.00,1.87,1.85,Aviva Stadium
1760467500,Oct 14 2025 - 6:45pm,complete,47854,Portugal,Hungary,Srđan Jovanović,8,3.00,1.33,2.17,1.33,2,2,4,3,2,1,"22,45'3","8,90'1",5,4,2,0,2,0,1,1,0,2,20,17,8,7,12,10,7,12,65,35,2.66,1.10,2.36,1.79,3.67,50,84,67,67,50,67,67,84,100,10.33,4.00,1.11,6.30,12.50,1.10,1.43,2.21,3.38,1.96,1.77,Estádio José Alvalade
1760467500,Oct 14 2025 - 6:45pm,complete,987,Andorra,Serbia,N/A,8,0.17,1.40,0.13,1.63,1,3,4,2,1,1,"17","19,54,77",0,10,5,0,1,0,4,1,0,1,4,21,2,4,2,17,10,12,28,72,0.40,1.51,0.46,2.09,2.17,9,54,45,19,10,45,74,19,70,6.23,3.13,22.00,7.40,1.18,1.24,1.88,2.91,6.08,2.69,1.42,N/A
1760467500,Oct 14 2025 - 6:45pm,complete,10404,Latvia,England,N/A,8,0.83,3.00,0.63,3.00,0,5,5,3,0,3,"","26,44,45'3,58,86",2,9,4,0,1,0,3,1,0,1,6,24,1,7,5,17,11,5,28,72,0.83,2.45,0.57,2.90,2.30,17,65,37,19,10,27,82,37,75,11.50,2.60,30.00,17.00,1.04,1.12,1.33,1.97,2.91,3.40,1.28,Stadions Daugava
1763053200,Nov 13 2025 - 5:00pm,complete,14247,Armenia,Hungary,José María Sánchez Martínez,9,0.75,1.25,0.50,1.33,0,1,1,1,0,1,"","33",2,7,1,0,1,0,0,1,0,1,6,14,1,3,5,11,18,10,48,52,0.93,1.27,0.68,1.51,3.25,50,88,63,50,25,50,63,75,100,5.00,3.75,6.60,4.60,1.34,1.22,1.66,2.64,4.75,1.85,1.91,Vazgen Sargsyan anvan Hanrapetakan Marzadasht
1763053200,Nov 13 2025 - 5:00pm,complete,25493,Norway,Estonia,Matej Jug,9,3.00,0.57,3.00,0.50,4,1,5,0,0,0,"56,50,52,62","64",8,0,0,0,0,0,0,0,0,0,18,6,7,3,11,3,9,17,68,32,2.31,0.94,2.13,0.75,4.38,52,85,77,62,48,62,77,54,92,7.43,3.86,1.02,16.00,47.00,1.01,1.14,1.40,1.94,2.70,1.40,Ullevaal Stadion
1763053200,Nov 13 2025 - 5:00pm,complete,4300,Azerbaijan,Iceland,Nikola Dabanović,9,0.25,1.00,0.17,1.17,0,2,2,2,0,2,"","20,39",8,4,4,0,2,0,1,3,0,2,7,17,1,6,6,11,17,9,38,62,0.40,1.13,0.75,1.90,4.13,63,100,88,50,38,38,88,75,100,3.25,3.25,7.08,4.20,1.55,1.26,1.89,3.04,6.45,2.09,1.78,N/A
1763063100,Nov 13 2025 - 7:45pm,complete,50717,Republic of Ireland,Portugal,Glenn Nyberg,9,1.00,2.50,1.57,2.17,2,0,2,2,2,0,"17,45","",5,9,3,0,2,1,2,1,2,1,14,27,3,5,11,22,5,6,23,77,1.49,2.58,1.29,3.02,3.00,50,63,63,50,25,50,63,50,100,9.00,4.75,7.50,4.45,1.43,1.28,1.85,2.92,5.50,2.00,1.75,Aviva Stadium
1763063100,Nov 13 2025 - 7:45pm,complete,41055,France,Ukraine,Slavko Vinčić,9,2.50,1.75,2.67,1.43,4,0,4,0,0,0,"55,76,83,88","",7,0,1,0,2,0,1,0,0,2,25,1,10,0,15,1,9,10,71,29,2.57,1.53,3.01,0.15,3.38,63,100,63,25,13,38,88,50,100,12.00,4.25,1.21,6.50,14.00,1.17,1.53,2.40,4.15,2.20,1.47,Parc des Princes
1763063100,Nov 13 2025 - 7:45pm,complete,9526,Moldova,Italy,Nikolai Balakin,9,0.17,2.50,0.13,2.20,0,2,2,0,0,0,"","88,90'2",1,13,3,0,0,0,2,1,0,0,3,28,1,9,2,19,13,8,23,77,1.27,2.32,0.42,3.14,4.67,42,100,75,59,42,59,92,59,92,10.34,3.00,21.00,11.00,1.10,1.08,1.36,2.00,3.05,2.40,1.49,Stadionul Zimbru
1763063100,Nov 13 2025 - 7:45pm,complete,2225,Andorra,Albania,Horatiu Fesnic,9,0.14,1.83,0.13,1.56,0,1,1,0,0,0,"","67",1,3,3,0,2,0,1,2,0,2,3,12,0,2,3,10,18,7,34,66,0.41,1.17,0.42,1.40,2.04,23,61,37,15,0,45,77,15,67,4.04,2.69,15.00,5.40,1.20,1.33,2.02,3.74,7.50,2.90,1.33,Estadi Nacional
1763063100,Nov 13 2025 - 7:45pm,complete,74289,England,Serbia,Ivan Kružliak,9,3.00,1.67,3.00,1.63,2,0,2,1,1,0,"28,90","",6,5,0,0,1,0,0,0,0,1,19,7,6,1,13,6,13,10,70,30,2.53,1.61,2.08,0.66,2.67,9,67,50,33,25,42,83,42,75,14.34,2.34,1.30,5.62,11.50,1.22,1.60,2.65,4.33,2.09,1.67,Wembley Stadium
1763139600,Nov 14 2025 - 5:00pm,complete,13577,Finland,Malta,Julian Weinberger,9,1.43,0.33,1.25,0.63,0,1,1,0,0,0,"","81",9,1,0,0,0,0,0,0,0,0,16,4,8,1,8,3,15,9,61,39,1.12,1.01,2.05,0.52,2.92,37,77,52,38,9,37,84,47,69,5.67,5.46,1.35,4.90,10.00,1.30,1.95,3.34,6.95,2.20,1.60,Helsingin olympiastadion
1763149500,Nov 14 2025 - 7:45pm,complete,12093,Slovakia,Northern Ireland,Istvan Kovacs,9,2.25,1.50,1.71,1.29,1,0,1,0,0,0,"90'1","",3,2,1,0,3,1,0,1,1,3,16,9,2,2,14,7,14,20,62,38,1.02,1.11,1.50,1.01,2.25,25,75,25,25,0,25,75,38,88,9.50,4.00,2.14,3.00,3.75,1.53,2.60,5.05,11.00,2.05,1.67,N/A
1763149500,Nov 14 2025 - 7:45pm,complete,9214,Luxembourg,Germany,John Brooks,9,0.00,2.25,0.00,2.50,0,2,2,0,0,0,"","49,69",4,4,3,0,2,0,1,2,1,1,7,14,1,7,6,7,11,10,35,65,0.78,1.92,0.78,1.79,2.75,25,75,50,50,0,50,75,63,88,8.25,5.00,36.00,12.00,1.09,1.07,1.35,1.92,3.30,2.30,1.53,N/A
1763149500,Nov 14 2025 - 7:45pm,complete,7846,Croatia,Faroe Islands,Əliyar Ağayev,9,2.67,1.71,2.75,1.50,3,1,4,2,1,1,"23,57,70","16",11,2,0,0,2,0,0,0,1,1,20,4,4,4,16,0,9,11,81,19,2.67,1.16,2.30,0.67,2.90,30,62,62,32,17,16,70,62,77,14.33,2.40,1.11,8.50,32.00,1.13,1.40,2.15,3.40,2.62,1.44,Stadion HNK Rijeka
1763149500,Nov 14 2025 - 7:45pm,complete,56278,Poland,Netherlands,Maurizio Mariani,9,2.17,2.67,2.00,2.50,1,1,2,1,1,0,"43","47",2,3,2,0,1,0,1,1,0,1,12,8,5,3,7,5,10,14,40,60,1.99,2.16,1.38,1.27,3.25,42,92,50,42,17,42,92,33,92,14.00,2.16,4.90,3.70,1.73,1.22,1.70,2.70,4.80,1.67,2.12,Stadion Narodowy
1763149500,Nov 14 2025 - 7:45pm,complete,N/A,Gibraltar,Montenegro,Anastasios Papapetrou,9,0.00,1.00,0.00,1.13,1,2,3,3,1,2,"20","33,42",1,9,2,0,1,0,2,0,0,1,2,22,1,8,1,14,14,14,35,65,0.46,1.52,0.36,2.38,3.25,25,83,67,50,9,33,83,67,100,6.83,4.17,13.00,6.90,1.27,1.21,1.75,2.75,5.00,2.44,1.60,N/A
1763215200,Nov 15 2025 - 2:00pm,complete,28012,Kazakhstan,Belgium,Donatas Rumšas,9,1.00,2.33,1.00,2.25,1,1,2,1,1,0,"9","48",5,12,4,1,1,0,1,4,1,0,9,20,3,8,6,12,17,5,23,77,1.49,2.46,0.97,2.58,3.68,40,77,55,55,41,54,85,62,70,14.19,3.47,14.00,7.00,1.19,1.10,1.44,2.12,3.64,2.14,1.70,Stadion Karasay
1763226000,Nov 15 2025 - 5:00pm,complete,44314,Georgia,Spain,Benoît Bastien,9,0.75,3.00,0.50,2.67,0,4,4,3,0,3,"","11,22,34,63",4,6,0,0,1,0,0,0,0,1,6,14,2,7,4,7,9,9,39,61,1.22,3.00,0.81,1.81,3.75,25,100,75,50,38,63,100,50,88,11.75,2.25,11.00,6.79,1.25,1.12,1.53,2.35,3.88,2.12,1.75,Boris Paichadze Dinamo Arena
1763226000,Nov 15 2025 - 5:00pm,complete,42756,Turkey,Bulgaria,N/A,9,2.25,0.00,2.38,0.50,2,0,2,1,1,0,"18,83","",9,6,3,0,1,0,2,1,0,1,19,9,6,2,13,7,11,12,67,33,1.38,0.45,2.12,0.88,5.00,50,100,100,75,63,88,100,75,88,8.00,3.25,1.07,9.00,26.00,1.10,1.35,1.94,3.00,2.65,1.53,N/A
1763226000,Nov 15 2025 - 5:00pm,complete,6012,Cyprus,Austria,Urs Schnyder,9,1.14,2.50,1.00,2.38,0,2,2,1,0,1,"","18,55",6,3,2,0,0,0,1,1,0,0,4,12,0,6,4,6,13,15,37,63,1.72,1.82,0.51,1.65,3.27,38,77,62,38,9,45,61,40,85,9.67,4.76,10.00,5.60,1.33,1.18,1.66,2.49,4.75,2.12,1.75,N/A
1763226000,Nov 15 2025 - 5:00pm,complete,5563,Liechtenstein,Wales,Juxhin Xhaja,9,0.00,1.67,0.00,1.89,0,1,1,0,0,0,"","61",2,7,2,0,3,0,1,1,0,3,3,18,0,7,3,11,9,5,23,77,0.30,1.82,0.29,2.36,3.83,34,92,75,50,33,50,92,75,83,7.00,3.33,35.00,17.00,1.00,1.06,1.22,1.61,2.38,3.50,1.25,Rheinpark Stadion
1763235900,Nov 15 2025 - 7:45pm,complete,26458,Switzerland,Sweden,Erik Lambrechts,9,2.50,0.25,2.33,1.00,4,1,5,2,1,1,"12,60,75,90'4","33",4,3,1,0,4,0,1,0,1,3,9,6,7,3,2,3,13,18,59,41,1.61,1.33,1.42,0.77,2.25,13,75,38,25,0,38,63,38,38,11.50,2.25,1.44,3.90,6.20,1.27,1.81,3.10,5.90,1.95,1.77,Stade de Genève
1763235900,Nov 15 2025 - 7:45pm,complete,35493,Denmark,Belarus,Sven Jablonski,9,2.50,0.00,1.88,0.33,2,2,4,1,1,0,"11,79","62,65",13,3,0,0,5,0,0,0,1,4,35,7,10,3,25,4,4,15,67,33,1.98,1.14,3.61,0.83,3.75,38,88,75,50,38,50,88,63,88,12.25,3.50,1.03,11.50,35.91,1.07,1.27,1.75,2.70,2.30,1.53,Parken
1763235900,Nov 15 2025 - 7:45pm,complete,15382,Slovenia,Kosovo,N/A,9,0.75,1.75,0.67,1.75,0,2,2,1,0,1,"","6,64",4,7,2,1,1,0,0,3,0,1,6,15,2,7,4,8,11,9,51,49,0.82,0.83,0.78,1.70,1.75,13,50,38,25,0,38,63,13,13,4.25,3.75,2.35,3.10,3.65,1.50,2.50,4.90,9.00,2.05,1.73,Stadion Stožice
1763235900,Nov 15 2025 - 7:45pm,complete,11459,Bosnia and Herzegovina,Romania,Michael Oliver,9,2.17,1.67,1.90,1.44,3,1,4,1,0,1,"49,79,90'3","17",4,1,5,0,2,1,3,2,1,2,16,9,4,3,12,6,15,16,59,41,1.65,1.53,1.57,0.93,2.92,50,67,59,33,17,42,75,33,75,9.83,4.33,2.36,3.10,2.90,1.40,2.45,4.50,9.50,1.94,1.77,Stadion Bilino Polje
1763235900,Nov 15 2025 - 7:45pm,complete,18405,Greece,Scotland,Jesús Gil Manzano,9,0.75,2.50,1.17,2.17,3,2,5,1,1,0,"7,63,57","70,65",6,8,1,1,3,0,0,2,2,1,18,12,10,6,8,6,9,14,49,51,1.72,1.30,2.11,1.55,3.25,63,88,75,50,13,25,63,63,88,10.25,4.25,2.20,3.15,3.50,1.40,2.15,3.95,8.00,1.82,1.88,Stadio Georgios Karaiskáki
1763301600,Nov 16 2025 - 2:00pm,complete,N/A,Portugal,Armenia,Irfan Peljto,10,2.00,0.60,2.17,0.50,9,1,10,6,5,1,"45'3,7,28,30,51,41,72,81,90'2","18",7,1,0,0,1,0,0,0,0,1,34,4,15,2,19,2,7,10,76,24,2.67,0.88,3.69,0.62,2.90,30,70,50,40,30,50,70,50,80,7.80,3.20,1.03,19.00,34.00,1.02,1.28,2.25,2.28,2.43,1.56,Estádio Do Dragão
1763301600,Nov 16 2025 - 2:00pm,complete,59411,Hungary,Republic of Ireland,Espen Eskås,10,1.60,1.40,1.33,1.57,2,3,5,3,2,1,"3,37","15,90'6,80",8,2,2,0,4,0,1,1,0,4,18,10,7,5,11,5,10,17,53,47,1.32,1.45,2.00,1.27,2.70,50,70,50,40,10,50,70,50,80,8.00,5.40,2.03,3.21,4.10,1.39,2.20,4.20,8.30,2.14,1.74,N/A
1763312400,Nov 16 2025 - 5:00pm,complete,29700,Azerbaijan,France,N/A,10,0.20,2.60,0.17,2.67,1,3,4,4,1,3,"4","17,30,45",1,8,2,0,0,0,1,1,0,0,2,17,1,4,1,13,10,12,26,74,0.47,2.66,0.37,1.93,3.10,40,100,70,30,10,30,80,60,90,9.00,4.00,22.00,8.00,1.06,1.10,1.42,1.99,3.32,2.74,1.46,N/A
1763312400,Nov 16 2025 - 5:00pm,complete,21459,Albania,England,Marco Guida,10,2.00,3.00,1.56,3.00,0,2,2,0,0,0,"","74,82",5,5,1,0,2,0,1,0,1,1,6,14,3,7,3,7,9,10,30,70,1.20,2.46,0.78,1.80,2.15,7,65,29,15,15,29,79,22,72,11.15,1.57,8.10,4.65,1.36,1.29,1.95,3.24,6.50,2.35,1.56,N/A
1763312400,Nov 16 2025 - 5:00pm,complete,20004,Ukraine,Iceland,Anthony Taylor,10,1.40,1.40,1.43,1.17,2,0,2,0,0,0,"83,90'3","",3,10,2,0,1,0,0,2,1,0,13,10,6,2,7,8,12,6,52,48,1.26,1.28,1.64,1.03,4.10,60,100,70,50,30,50,80,60,90,7.00,3.80,1.78,3.54,4.74,1.38,2.23,3.74,7.20,2.02,1.77,Stadion Miejski Legii Warszawa im. Marszałka Józefa Piłsudskiego
1763312400,Nov 16 2025 - 5:00pm,complete,3894,Serbia,Latvia,Ricardo De Burgos Bengoetxea,10,1.43,0.71,1.63,0.63,2,1,3,1,0,1,"49,60","12",13,3,0,0,2,0,0,0,0,2,19,6,7,4,12,2,8,17,67,33,1.47,0.79,2.32,0.87,2.36,22,57,43,29,14,43,86,36,57,9.29,3.86,1.24,6.25,12.50,1.19,1.57,2.43,4.59,2.16,1.63,N/A
1763322300,Nov 16 2025 - 7:45pm,complete,69020,Italy,Norway,Alejandro José Hernández Hernández,10,2.57,3.00,2.20,3.00,1,4,5,1,1,0,"11","63,78,79,90'3",6,2,3,0,2,0,1,2,0,2,15,13,4,5,11,8,15,8,58,42,2.43,2.29,1.54,1.65,4.65,36,93,79,57,50,50,71,64,86,12.57,1.86,2.12,3.48,3.11,1.19,1.67,2.95,4.97,1.58,2.46,Stadio Giuseppe Meazza
1763322300,Nov 16 2025 - 7:45pm,complete,3312,Israel,Moldova,N/A,10,1.29,0.14,1.50,0.13,4,1,5,2,1,1,"21,65,85,88","37",9,3,2,0,2,1,2,0,1,2,26,4,9,1,17,3,9,12,73,27,1.56,1.15,2.90,0.48,4.72,50,100,79,64,43,64,93,72,100,8.57,2.86,1.40,4.20,6.25,1.22,1.74,2.58,4.45,1.79,2.00,Stadionul Zimbru
1763408700,Nov 17 2025 - 7:45pm,complete,10326,Malta,Poland,Igor Pajač,10,0.71,2.00,0.63,2.00,2,3,5,2,1,1,"36,68","32,59,85",4,9,2,0,2,0,1,1,2,0,10,18,8,4,2,14,7,6,42,58,0.94,1.90,1.52,1.78,2.43,36,72,29,22,7,14,72,36,86,8.43,5.00,10.00,5.50,1.30,1.23,1.75,2.88,5.60,2.14,1.61,Ta'Qali National Stadium
1763408700,Nov 17 2025 - 7:45pm,complete,6587,Czech Republic,Gibraltar,Sascha Stegemann,10,1.86,0.00,1.80,0.00,6,0,6,5,5,0,"5,32,18,39,44,51","",12,1,0,0,1,0,0,0,0,1,25,0,10,0,15,0,9,9,73,27,1.95,0.45,2.76,0.10,3.22,43,86,72,36,14,22,79,64,86,9.00,2.57,1.04,21.00,41.00,1.01,1.12,1.29,1.89,2.75,1.53,Andrův stadion
1763408700,Nov 17 2025 - 7:45pm,complete,40120,Germany,Slovakia,François Letexier,10,2.40,2.40,2.50,1.71,6,0,6,4,4,0,"18,36,29,41,67,79","",8,3,1,0,0,0,0,1,0,0,22,6,10,2,12,4,11,3,72,28,1.90,1.12,2.57,0.55,2.10,10,70,20,20,0,20,60,40,90,9.60,2.80,1.25,6.40,10.00,1.11,1.47,2.30,3.78,1.85,1.78,N/A
1763408700,Nov 17 2025 - 7:45pm,complete,18037,Northern Ireland,Luxembourg,Kristo Tohver,10,1.20,0.00,1.29,0.00,1,0,1,1,1,0,"44","",5,2,4,0,6,0,0,4,1,5,9,12,3,3,6,9,11,18,40,60,1.09,0.78,0.96,1.32,2.50,30,70,40,40,0,40,60,60,90,7.20,6.40,1.70,3.50,5.60,1.38,2.38,4.40,9.20,2.10,1.63,Windsor Park
1763408700,Nov 17 2025 - 7:45pm,complete,4673,Montenegro,Croatia,Halil Umut Meler,10,1.29,2.71,1.13,2.75,2,3,5,3,2,1,"3,17","72,37,87",5,3,3,0,1,0,2,1,1,0,13,17,5,7,8,10,17,16,37,63,1.64,2.62,1.34,2.12,3.22,29,79,64,50,15,36,86,57,79,15.00,3.14,8.10,4.60,1.32,1.22,1.75,2.80,5.25,1.87,1.85,Stadion Pod Goricom
1763408700,Nov 17 2025 - 7:45pm,complete,46913,Netherlands,Lithuania,Luis Miguel Branco Godinho,10,2.43,0.43,2.50,0.38,4,0,4,1,1,0,"16,62,58,60","",5,3,0,0,2,0,0,0,1,1,20,9,8,1,12,8,10,10,69,31,2.03,1.00,2.36,0.77,3.15,50,86,50,43,22,43,79,29,86,8.85,3.15,1.06,17.00,29.00,1.03,1.18,1.68,2.25,2.45,1.52,Johan Cruijff Arena
1763495100,Nov 18 2025 - 7:45pm,complete,32154,Wales,FYR Macedonia,Danny Makkelie,10,1.86,1.86,1.89,1.44,7,1,8,4,3,1,"18,21,37,57,75,81,88","23",9,3,0,0,3,0,0,0,2,1,17,6,10,2,7,4,6,12,70,30,1.90,1.33,2.18,0.63,2.79,50,71,43,29,22,29,64,57,79,10.57,4.00,1.63,3.76,5.25,1.28,2.05,3.40,7.34,1.91,1.78,N/A
1763495100,Nov 18 2025 - 7:45pm,complete,N/A,Kosovo,Switzerland,Davide Massa,10,2.00,2.60,1.75,2.33,1,1,2,0,0,0,"74","47",3,1,3,0,0,0,2,1,0,0,11,6,4,3,7,3,9,9,47,53,1.00,1.57,1.31,0.88,2.30,10,70,40,30,10,50,70,20,30,7.80,2.60,4.40,3.35,1.90,1.32,2.10,3.40,7.00,1.89,1.83,Stadiumi Fadil Vokrri
1763495100,Nov 18 2025 - 7:45pm,complete,25724,Sweden,Slovenia,Maurizio Mariani,10,0.20,0.60,1.00,0.67,1,1,2,0,0,0,"87","64",6,7,2,0,1,0,1,1,0,1,11,17,2,3,9,14,6,11,61,39,1.22,0.81,1.11,1.57,2.30,30,70,40,30,10,30,70,40,50,8.40,4.00,1.71,3.60,5.20,1.38,2.12,4.00,9.00,2.00,1.72,Friends Arena
1763495100,Nov 18 2025 - 7:45pm,complete,14936,Belarus,Greece,Damian Sylwestrzak,10,0.20,1.20,0.33,1.17,0,0,0,0,0,0,"","",2,6,1,0,1,0,0,1,0,1,7,13,1,3,6,10,13,16,35,65,1.07,1.79,0.77,1.43,4.30,70,100,90,70,40,40,90,80,100,10.40,4.80,8.00,5.40,1.32,1.18,1.52,2.36,4.30,1.83,1.89,ZTE-Aréna
1763495100,Nov 18 2025 - 7:45pm,complete,48000,Austria,Bosnia and Herzegovina,Joao Pedro Pinheiro,10,2.57,2.29,2.38,1.90,1,1,2,1,0,1,"77","12",4,2,1,0,2,0,1,0,0,2,10,8,3,1,7,7,8,9,70,30,1.80,1.64,1.49,0.74,3.29,43,71,64,36,14,29,64,43,86,8.86,4.71,1.33,4.80,7.70,1.17,1.56,2.40,4.20,1.94,1.85,Ernst-Happel-Stadion
1763495100,Nov 18 2025 - 7:45pm,complete,8426,Romania,San Marino,N/A,10,1.43,0.00,1.44,0.00,7,1,8,4,3,1,"13,29,42,57,76,82,86","2",6,0,0,0,4,0,0,0,2,2,25,3,13,1,12,2,7,18,76,24,1.45,0.47,3.00,0.31,3.86,36,79,64,57,29,43,79,57,79,6.85,4.72,1.03,16.00,100.00,1.02,1.12,1.40,1.96,3.13,1.25,Stadionul Ilie Oană
1763495100,Nov 18 2025 - 7:45pm,complete,N/A,Belgium,Liechtenstein,Mohammed Al Hakim,10,2.14,0.00,2.25,0.00,7,0,7,3,3,0,"3,34,41,57,52,59,55","",15,0,0,0,1,0,0,0,0,1,23,2,13,1,10,1,9,10,81,19,2.48,0.30,3.24,0.26,3.79,29,86,64,50,43,43,86,57,86,10.57,3.15,1.01,26.00,49.00,1.00,1.02,1.12,1.32,4.20,1.20,Stade Maurice Dufrasne
1763495100,Nov 18 2025 - 7:45pm,complete,N/A,Spain,Turkey,Felix Zwayer,10,3.00,2.40,2.67,2.38,2,2,4,2,1,1,"4,62","42,54",6,3,1,0,5,0,0,1,1,4,21,13,9,7,12,6,5,8,73,27,2.76,1.53,2.61,1.46,4.40,30,100,80,70,50,70,100,60,90,14.20,2.60,1.18,7.00,15.00,1.07,1.36,1.97,2.91,2.01,1.82,N/A
1763495100,Nov 18 2025 - 7:45pm,complete,49587,Scotland,Denmark,Szymon Marciniak,10,2.00,2.20,2.17,1.88,4,2,6,1,1,0,"3,78,90'8,90'3","57,81",2,9,1,0,2,1,0,1,2,1,10,18,5,3,5,15,15,12,30,70,1.35,2.31,1.17,1.91,3.10,50,80,70,50,20,20,70,60,80,13.60,3.40,3.30,3.05,2.03,1.34,2.11,3.44,8.00,1.79,1.91,Hampden Park
1763495100,Nov 18 2025 - 7:45pm,complete,1980,Bulgaria,Georgia,Jakob Kehlet,10,0.00,0.60,0.50,0.50,2,1,3,2,2,0,"10,24","88",0,4,1,0,2,0,0,1,2,0,3,17,3,3,0,14,7,9,23,77,0.53,1.14,0.48,1.96,3.80,30,100,80,50,30,70,100,40,90,6.60,2.80,4.75,3.70,1.73,1.25,1.93,3.10,6.16,1.79,1.99,Stadion Vasil Levski
1774544400,Mar 26 2026 - 5:00pm,complete,38979,Turkey,Romania,François Letexier,28,2.17,1.63,2.38,1.44,1,0,1,0,0,0,"53","",9,3,2,0,1,0,0,2,1,0,16,6,2,0,14,6,6,12,68,32,1.51,1.64,1.71,0.56,4.23,65,88,73,67,46,67,94,67,88,11.05,4.50,1.36,4.94,6.75,1.20,1.64,2.70,4.50,1.91,1.85,N/A
1774554300,Mar 26 2026 - 7:45pm,complete,32487,Wales,Bosnia and Herzegovina,Istvan Kovacs,28,2.00,2.13,1.89,1.90,1,1,2,0,0,0,"51","86",9,3,0,0,4,0,0,0,3,1,19,14,3,5,16,9,8,20,62,38,1.93,1.53,2.05,1.61,3.50,63,75,63,44,26,38,75,57,88,10.88,4.13,1.70,3.75,5.10,1.38,2.15,3.70,8.00,1.95,1.78,N/A
1774554300,Mar 26 2026 - 7:45pm,complete,20113,Slovakia,Kosovo,Espen Eskås,28,2.00,1.83,1.71,1.75,3,4,7,3,2,1,"6,45,90'4","21,47,60,72",7,3,2,0,3,0,0,2,2,1,20,9,8,5,12,4,14,16,57,43,1.02,1.05,2.27,1.13,2.08,9,67,17,17,9,25,59,25,67,6.83,3.00,2.35,3.10,3.43,1.47,2.50,4.75,9.50,2.20,1.65,Štadión Tehelné pole
1774554300,Mar 26 2026 - 7:45pm,complete,56412,Poland,Albania,Anthony Taylor,28,2.13,1.75,2.00,1.56,2,1,3,1,0,1,"63,73","42",6,2,2,0,3,0,0,2,1,2,15,8,4,2,11,6,20,12,50,50,1.88,1.15,1.59,0.91,2.07,38,69,26,13,7,25,76,26,75,9.88,2.50,1.65,3.75,6.25,1.43,2.30,3.90,8.75,2.30,1.60,Stadion Narodowy
1774554300,Mar 26 2026 - 7:45pm,complete,18846,Ukraine,Sweden,Joao Pedro Pinheiro,28,1.67,0.33,1.43,1.00,1,3,4,1,0,1,"90","6,51,73",9,3,2,0,1,0,0,2,0,1,10,10,4,4,6,6,12,10,68,32,1.32,1.20,1.28,1.11,3.09,50,92,42,33,17,33,59,67,84,9.84,4.33,3.20,3.20,2.28,1.32,2.05,3.60,7.50,1.85,1.91,Estadio Ciudad de Valencia
1774554300,Mar 26 2026 - 7:45pm,complete,23439,Italy,Northern Ireland,Danny Makkelie,28,2.25,1.50,2.20,1.29,2,0,2,0,0,0,"56,80","",12,3,1,0,0,0,0,1,0,0,19,8,8,1,11,7,11,8,63,37,2.32,1.07,2.17,0.85,3.15,36,75,54,42,19,36,79,54,78,11.50,4.42,1.22,5.50,14.00,1.25,1.80,2.87,5.25,2.38,1.57,Stadio Atleti Azzurri d'Italia
1774554300,Mar 26 2026 - 7:45pm,complete,35746,Denmark,FYR Macedonia,Felix Zwayer,28,1.83,1.63,1.88,1.44,4,0,4,0,0,0,"59,49,58,75","",11,2,0,0,2,0,0,0,0,2,20,3,9,0,11,3,9,8,68,32,2.24,1.24,2.45,0.36,3.36,50,79,61,46,29,29,73,59,79,12.67,3.88,1.20,6.85,17.45,1.22,1.70,2.55,4.75,2.46,1.70,Parken
1774554300,Mar 26 2026 - 7:45pm,complete,19137,Czech Republic,Republic of Ireland,N/A,28,2.00,1.67,1.80,1.57,2,2,4,3,1,2,"27,86","19,23",6,9,1,0,2,0,0,1,2,0,12,10,3,3,9,7,25,14,58,42,2.05,1.42,1.35,1.34,2.96,44,78,57,36,21,32,71,50,86,10.92,4.21,1.95,3.45,4.13,1.34,2.27,3.75,7.10,1.91,1.85,Eden Aréna
1774982700,Mar 31 2026 - 6:45pm,complete,18215,Czech Republic,Denmark,Maurizio Mariani,N/A,1.89,2.00,1.80,1.88,2,2,4,1,1,0,"3,100","72,111",7,4,1,0,2,0,1,0,1,1,9,22,4,8,5,14,20,11,23,77,1.97,2.27,1.16,2.63,3.60,44,88,77,58,26,26,75,58,88,16.56,2.18,4.15,3.30,2.05,1.35,2.05,3.65,6.05,1.80,1.89,Generali Arena
1774982700,Mar 31 2026 - 6:45pm,complete,12887,Kosovo,Turkey,Michael Oliver,N/A,2.00,2.29,1.75,2.38,0,1,1,0,0,0,"","53",3,2,3,0,5,0,1,2,1,4,11,12,2,3,9,9,12,10,43,57,1.06,1.54,1.17,1.27,3.43,43,79,50,50,36,57,79,50,72,9.43,4.57,3.60,3.40,1.88,1.32,2.03,3.35,6.75,1.78,2.02,Stadiumi Fadil Vokrri
1774982700,Mar 31 2026 - 6:45pm,complete,49627,Sweden,Poland,Slavko Vinčić,N/A,0.71,2.22,1.00,2.00,3,2,5,3,2,1,"19,44,88","33,55",2,9,2,0,3,0,0,2,1,2,9,15,5,7,4,8,15,15,33,67,1.19,1.85,1.15,1.82,2.77,62,88,44,33,13,26,80,58,86,11.62,3.42,2.02,3.38,3.65,1.30,2.00,3.42,6.55,1.80,1.93,Friends Arena
1774982700,Mar 31 2026 - 6:45pm,complete,9500,Bosnia and Herzegovina,Italy,Clément Turpin,N/A,2.00,2.33,1.90,2.20,1,1,2,1,0,1,"79","15",10,4,3,0,2,1,0,3,1,2,30,9,11,3,19,6,18,9,65,35,1.54,2.31,3.38,1.02,3.39,50,89,62,39,22,28,67,61,89,11.56,4.00,7.57,4.30,1.47,1.27,1.98,3.55,7.50,2.15,1.64,Stadion Bilino Polje
1711134000,Mar 22 2024 - 7:00pm,complete,N/A,Anguilla,Turks and Caicos Islands,Natalie Simon,N/A,0.00,0.00,0.33,1.00,0,0,0,0,0,0,"","",-1,-1,-1,-1,-1,-1,-1,-1,-1,-1,-1,-1,-1,-1,-1,-1,-1,-1,-1,-1,0.00,0.00,0.00,0.00,0.00,0,0,0,0,0,0,0,0,0,0.00,0.00,0.00,0.00,0.00,0.00,0.00,0.00,0.00,0.00,0.00,N/A
1711141200,Mar 22 2024 - 9:00pm,complete,N/A,US Virgin Islands,British Virgin Islands,Katia Itzel García,N/A,0.00,0.00,1.00,0.33,1,1,2,0,0,0,"","",-1,-1,-1,-1,-1,-1,-1,-1,-1,-1,-1,-1,-1,-1,-1,-1,-1,-1,-1,-1,0.00,0.00,0.00,0.00,0.00,0,0,0,0,0,0,0,0,0,0.00,0.00,0.00,0.00,0.00,0.00,0.00,0.00,0.00,0.00,0.00,N/A
1711479600,Mar 26 2024 - 7:00pm,complete,N/A,British Virgin Islands,US Virgin Islands,Ken Pennyfeather,N/A,1.00,1.00,0.33,1.00,0,0,0,0,0,0,"","",-1,-1,2,0,1,1,0,2,0,2,-1,-1,-1,-1,-1,-1,-1,-1,-1,-1,0.00,0.00,0.00,0.00,2.00,100,100,0,0,0,0,0,0,0,0.00,-2.00,0.00,0.00,0.00,0.00,0.00,0.00,0.00,0.00,0.00,N/A
1711494000,Mar 26 2024 - 11:00pm,complete,N/A,Turks and Caicos Islands,Anguilla,Reginald Gumbs,N/A,1.00,1.00,1.00,0.33,1,1,2,2,1,1,"23","45'3",-1,-1,3,0,4,0,1,2,1,3,-1,-1,-1,-1,-1,-1,-1,-1,-1,-1,0.00,0.00,0.00,0.00,0.00,0,0,0,0,0,0,0,0,0,0.00,-2.00,0.00,0.00,0.00,0.00,0.00,0.00,0.00,0.00,0.00,N/A
1717614000,Jun 05 2024 - 7:00pm,complete,N/A,Antigua and Barbuda,Bermuda,Adonis Carrasco Garcia,1,0.00,0.00,0.25,0.80,1,1,2,1,1,0,"26","90",2,6,1,0,3,0,0,1,1,2,5,19,4,8,1,11,13,17,36,64,0.00,0.00,0.87,2.41,0.00,0,0,0,0,0,0,0,0,0,0.00,0.00,1.83,3.70,3.40,1.15,1.36,2.38,4.30,1.36,3.00,N/A
1717621200,Jun 05 2024 - 9:00pm,complete,N/A,Suriname,St. Vincent / Grenadines,Joe Dickerson,1,0.00,0.00,1.90,0.75,4,1,5,3,2,1,"39,45'2,46,70","31",5,8,3,0,1,0,2,1,0,1,14,8,6,4,8,4,15,15,67,33,0.00,0.00,1.61,1.05,0.00,0,0,0,0,0,0,0,0,0,0.00,0.00,1.04,12.00,26.00,1.08,1.28,1.70,2.64,2.60,1.53,N/A
1717630200,Jun 05 2024 - 11:30pm,complete,N/A,Trinidad and Tobago,Grenada,Mario Alberto Escobar Toca,1,0.00,0.00,1.40,1.75,2,2,4,3,1,2,"43,74","24,28",4,2,2,0,1,0,1,1,0,1,12,13,5,6,7,7,1,4,58,42,0.00,0.00,1.41,1.60,0.00,0,0,0,0,0,0,0,0,0,0.00,0.00,1.30,5.75,10.00,1.09,1.40,1.96,3.20,1.75,2.00,Hasely Crawford Stadium
1717630200,Jun 05 2024 - 11:30pm,complete,N/A,Curaçao,Barbados,Ivan Barton,1,0.00,0.00,2.40,0.25,4,1,5,1,1,0,"25,62,86,90'2","90'2",4,3,2,0,1,0,0,2,0,1,12,7,4,5,8,2,2,3,63,37,0.00,0.00,1.33,0.92,0.00,0,0,0,0,0,0,0,0,0,0.00,0.00,1.03,17.50,71.00,1.01,1.11,1.29,1.64,2.16,1.65,N/A
1717639200,Jun 06 2024 - 2:00am,complete,N/A,Guatemala,Dominica,Víctor Alfonso Cáceres Hernández,1,0.00,0.00,1.70,0.75,6,0,6,2,2,0,"4,27,48,58,78,83","",10,3,1,0,1,0,1,0,1,0,23,8,15,2,8,6,9,8,68,32,0.00,0.00,3.29,1.11,0.00,0,0,0,0,0,0,0,0,0,0.00,0.00,1.04,17.00,34.00,1.12,1.29,2.00,3.30,3.75,1.25,Estadio Nacional Mateo Flores
1717639200,Jun 06 2024 - 2:00am,complete,N/A,Nicaragua,Montserrat,Tori Penso,1,0.00,0.00,1.30,0.75,4,1,5,3,2,1,"3,23,69,90'3","23",2,3,0,0,2,0,0,0,0,2,11,4,7,2,4,2,8,12,70,30,0.00,0.00,1.79,0.86,0.00,0,0,0,0,0,0,0,0,0,0.00,0.00,1.14,9.00,15.00,1.13,1.50,2.28,4.00,2.50,1.50,Estadio Olimpico del IND Managua
1717705800,Jun 06 2024 - 8:30pm,complete,N/A,Jamaica,Dominican Republic,Drew Fischer,1,0.00,0.00,2.30,1.50,1,0,1,1,1,0,"16","",3,5,4,0,5,0,1,3,1,4,7,5,2,1,5,4,14,17,56,44,0.00,0.00,0.99,0.84,0.00,0,0,0,0,0,0,0,0,0,0.00,0.00,1.25,6.25,12.00,1.12,1.62,2.23,3.40,2.20,1.62,N/A
1717707600,Jun 06 2024 - 9:00pm,complete,N/A,Haiti,St. Lucia,Ismail Elfath,1,0.00,0.00,2.00,1.00,2,1,3,1,0,1,"47,77","18",9,3,2,0,2,0,1,1,0,2,21,3,6,2,15,1,16,15,65,35,0.00,0.00,2.26,0.53,0.00,0,0,0,0,0,0,0,0,0,0.00,0.00,1.13,7.00,19.00,1.14,1.40,2.25,3.28,2.25,1.57,N/A
1717720200,Jun 07 2024 - 12:30am,complete,N/A,Honduras,Cuba,Juan Calderón,1,0.00,0.00,2.10,1.50,3,1,4,3,2,1,"26,45'2,82","22",12,3,0,0,3,0,0,0,0,3,15,2,8,1,7,1,10,11,58,42,0.00,0.00,2.23,0.45,0.00,0,0,0,0,0,0,0,0,0,0.00,0.00,1.11,9.00,23.00,1.18,1.60,2.60,3.90,3.40,1.30,Estadio Tiburcio Carías Andino
1717720200,Jun 07 2024 - 12:30am,complete,N/A,Panama,Guyana,Filiberto Martinez,1,0.00,0.00,2.40,1.50,2,0,2,0,0,0,"62,65","",6,3,3,0,4,0,1,2,1,3,14,7,7,2,7,5,8,15,59,41,0.00,0.00,1.78,0.87,0.00,0,0,0,0,0,0,0,0,0,0.00,0.00,1.09,9.50,19.00,1.12,1.40,2.15,3.40,2.62,1.56,Estadio Rommel Fernández Gutiérrez
1717727400,Jun 07 2024 - 2:30am,complete,N/A,El Salvador,Puerto Rico,Héctor Said Martínez Sorto,1,0.00,0.00,1.10,1.75,0,0,0,0,0,0,"","",5,4,2,0,3,0,0,2,1,2,7,4,3,1,4,3,28,19,50,50,0.00,0.00,1.11,0.59,0.00,0,0,0,0,0,0,0,0,0,0.00,0.00,1.36,4.33,6.50,1.22,1.65,2.95,5.10,1.91,1.91,Estadio Cuscatlán
1717727400,Jun 07 2024 - 2:30am,complete,N/A,Costa Rica,St. Kitts and Nevis,Julio Luna Guzmán,1,0.00,0.00,1.90,0.75,4,0,4,1,1,0,"40,49,82,84","",5,3,1,0,3,0,0,1,2,1,15,4,7,1,8,3,11,13,65,35,0.00,0.00,1.94,0.58,0.00,0,0,0,0,0,0,0,0,0,0.00,0.00,1.06,11.00,34.00,1.08,1.33,1.93,2.90,3.00,1.36,Estadio Nacional de Costa Rica
1717873200,Jun 08 2024 - 7:00pm,complete,N/A,British Virgin Islands,Guatemala,Kwinsi Williams,2,1.00,3.00,0.33,1.70,0,3,3,2,0,2,"","23,45'3,47",2,14,3,0,0,0,1,2,0,0,3,18,2,10,1,8,7,8,27,73,0.00,3.29,0.53,2.63,3.50,25,75,50,50,50,50,50,50,50,10.00,1.50,51.00,19.00,1.02,1.07,1.22,1.69,2.50,5.50,1.14,N/A
1717875000,Jun 08 2024 - 7:30pm,complete,N/A,Anguilla,Suriname,Hakeem Harvey,2,1.00,3.00,0.33,1.90,0,4,4,1,0,1,"","10,62,75,87",0,12,1,0,2,0,0,1,1,1,1,23,1,10,0,13,2,10,14,86,0.00,1.61,0.26,3.12,3.00,75,75,50,50,50,75,75,50,50,5.00,4.50,51.00,23.00,1.00,1.03,1.02,1.39,1.90,6.00,1.14,N/A
1717882200,Jun 08 2024 - 9:30pm,complete,N/A,Bahamas,Trinidad and Tobago,Marco Antonio Ortíz Nava,2,0.00,1.00,0.00,1.40,1,7,8,4,0,4,"87","6,14,43,45,56,66,84",1,4,1,0,0,0,1,0,0,0,8,20,5,11,3,9,7,9,41,59,0.00,1.41,1.08,2.48,2.00,50,50,50,50,0,50,50,0,50,4.00,2.00,19.00,13.00,1.09,1.07,1.36,2.01,2.57,2.63,1.44,N/A
1717891200,Jun 09 2024 - 12:00am,complete,N/A,Aruba,Curaçao,César Arturo Ramos Palazuelos,2,0.00,3.00,0.50,2.40,0,2,2,0,0,0,"","58,90'6",1,9,2,0,0,0,0,2,0,0,3,19,2,5,1,14,11,4,24,76,0.00,1.33,0.65,2.13,2.50,50,50,50,50,50,0,50,50,50,4.00,2.00,11.00,5.75,1.25,1.17,1.48,2.40,4.20,1.95,1.80,N/A
1717891200,Jun 09 2024 - 12:00am,complete,N/A,Belize,Nicaragua,Bryan López,2,0.00,3.00,0.00,1.30,0,4,4,1,0,1,"","39,56,65,89",5,2,0,0,2,0,0,0,1,1,10,22,4,10,6,12,7,19,36,64,0.00,1.79,1.18,2.45,2.50,50,50,50,50,50,50,50,50,50,2.00,0.00,9.50,4.75,1.36,1.10,1.75,2.10,3.50,2.10,1.67,FFB Field
1717898400,Jun 09 2024 - 2:00am,complete,N/A,Cayman Islands,Antigua and Barbuda,Pierre Luce Lauziere,2,0.00,1.00,0.75,0.25,1,0,1,0,0,0,"90'1","",3,9,0,0,1,0,0,0,0,1,10,12,7,4,3,8,9,15,45,55,0.00,0.87,1.48,1.60,1.00,50,50,0,0,0,0,50,0,50,2.00,1.00,11.00,7.50,1.20,1.05,1.33,1.85,3.00,1.80,1.95,N/A
1717959600,Jun 09 2024 - 7:00pm,complete,N/A,Dominica,Jamaica,Fernando Guerrero Ramírez,2,0.00,3.00,0.75,2.30,2,3,5,2,0,2,"82,88","30,42,79",1,8,0,0,0,0,0,0,0,0,6,16,3,7,3,9,11,16,42,58,1.11,0.99,0.95,1.95,3.50,0,50,50,50,50,50,100,50,50,6.00,5.00,41.00,17.00,1.04,1.01,1.11,1.16,1.38,2.42,1.58,Windsor Park
1717959600,Jun 09 2024 - 7:00pm,complete,N/A,St. Vincent / Grenadines,El Salvador,Shavin Greene,2,0.00,1.00,0.75,1.10,1,3,4,2,1,1,"43","10,60,83",7,12,1,0,1,0,0,1,1,0,6,14,4,5,2,9,11,14,41,59,1.05,1.11,0.83,1.68,2.50,50,50,50,50,50,50,50,50,50,13.00,3.00,9.00,7.00,1.25,1.10,1.50,1.99,3.10,2.00,1.75,N/A
1717966800,Jun 09 2024 - 9:00pm,complete,N/A,Grenada,Costa Rica,Steffon Dewar,2,1.00,3.00,1.75,1.90,0,3,3,2,0,2,"","9,34,70",5,5,3,0,1,0,1,2,0,1,3,9,0,6,3,3,17,24,60,40,1.60,1.94,0.77,1.30,4.00,50,100,100,100,0,50,100,50,100,7.00,2.00,19.00,9.50,1.11,1.09,1.36,1.87,2.80,2.48,1.61,N/A
1717966800,Jun 09 2024 - 9:00pm,complete,N/A,Barbados,Haiti,Keylor Herrera,2,0.00,3.00,0.25,2.00,1,3,4,2,0,2,"73","12,45'1,84",1,4,2,0,1,0,2,0,0,1,5,16,3,5,2,11,10,15,32,68,0.92,2.26,0.76,1.82,4.00,100,100,100,50,50,0,100,100,100,12.00,3.00,34.00,13.00,1.05,1.08,1.25,1.77,2.70,2.96,1.44,N/A
1717974000,Jun 09 2024 - 11:00pm,complete,N/A,Bermuda,Honduras,Karen Hernández Andrade,2,1.00,3.00,0.80,2.10,1,6,7,2,1,1,"45'4","14,49,53,56,62,90'1",2,6,1,0,0,0,0,1,0,0,3,23,3,14,0,9,5,8,40,60,2.41,2.23,0.59,2.82,3.00,100,100,50,50,0,50,100,0,100,18.00,3.00,13.00,7.00,1.20,1.14,1.40,2.10,3.50,1.95,1.80,Bermuda National Stadium
1717981200,Jun 10 2024 - 1:00am,complete,N/A,Montserrat,Panama,Ismael Alexander Cornejo,2,0.00,3.00,0.75,2.40,1,3,4,1,0,1,"48","40,61,70",3,8,1,0,0,0,0,1,0,0,2,16,1,8,1,8,10,12,27,73,0.86,1.78,0.51,2.46,3.50,50,100,50,50,50,50,50,100,100,9.00,5.00,41.00,15.00,1.05,1.01,1.18,1.17,1.40,2.38,1.53,Estadio Olimpico del IND Managua
1718132400,Jun 11 2024 - 7:00pm,complete,N/A,St. Lucia,Aruba,Selvin Brown,3,0.00,0.00,1.00,0.50,2,2,4,3,1,2,"45'2,67","21,43",5,4,1,0,1,0,0,1,0,1,14,10,9,8,5,2,18,15,57,43,0.53,0.65,2.00,1.49,2.50,50,100,50,0,0,0,50,100,100,4.00,4.00,2.10,3.60,3.40,1.26,1.75,2.32,2.32,1.67,2.10,N/A
1718134200,Jun 11 2024 - 7:30pm,complete,N/A,Cuba,Cayman Islands,Fernando Morón,3,0.00,3.00,1.50,0.75,3,0,3,0,0,0,"","",-1,-1,-1,-1,-1,-1,-1,-1,-1,-1,-1,-1,-1,-1,-1,-1,-1,-1,-1,-1,0.45,1.48,0.00,0.00,2.50,50,50,50,50,0,50,50,0,100,6.00,3.00,1.08,12.00,21.00,1.07,1.33,1.83,2.65,2.50,1.50,N/A
1718136000,Jun 11 2024 - 8:00pm,complete,N/A,St. Kitts and Nevis,Bahamas,Walter Alexander López Castellanos,3,0.00,0.00,0.75,0.00,1,0,1,1,1,0,"12","",15,3,2,0,2,1,0,2,2,1,20,4,9,2,11,2,16,13,68,32,0.58,1.08,2.49,0.62,6.00,50,100,100,100,50,50,100,100,100,4.00,4.00,1.20,7.00,11.00,1.01,1.48,2.05,2.24,2.05,1.70,Warner Park Football Stadium
1718143200,Jun 11 2024 - 10:00pm,complete,N/A,Guyana,Belize,Reon Radix,3,0.00,0.00,1.50,0.00,3,1,4,0,0,0,"66,67,72","88",10,2,0,0,1,0,0,0,0,1,17,2,8,1,9,1,8,13,64,36,0.87,1.18,2.20,0.41,3.00,0,100,50,50,0,0,50,100,100,8.00,4.00,1.53,4.33,5.75,1.01,1.57,2.14,3.70,1.70,2.05,N/A
1718150400,Jun 12 2024 - 12:00am,complete,N/A,Puerto Rico,Anguilla,Oshane Nation,3,1.00,0.67,1.75,0.33,8,0,8,2,2,0,"21,33,49,51,58,66,70,90'1","",6,0,1,0,1,0,0,1,1,0,22,2,11,1,11,1,11,11,73,27,0.59,0.26,2.71,0.26,1.00,17,34,17,17,0,17,34,17,17,4.00,4.33,1.02,21.00,51.00,1.01,1.08,1.12,1.40,3.00,1.36,Estadio Juán Rámon Loubriel
1718150400,Jun 12 2024 - 12:00am,complete,N/A,Dominican Republic,British Virgin Islands,Adonai Escobedo González,3,0.00,0.67,1.50,0.33,4,0,4,3,3,0,"2,14,31,90'2","",5,1,0,0,0,0,0,0,0,0,17,4,8,2,9,2,11,11,77,23,0.84,0.53,1.96,0.49,1.34,17,34,17,0,0,17,67,0,17,7.00,6.33,1.05,13.00,41.00,1.01,1.22,1.33,1.76,2.75,1.40,N/A
1749063600,Jun 04 2025 - 7:00pm,complete,N/A,Dominica,British Virgin Islands,Karen Hernández Andrade,3,0.00,0.50,0.75,0.33,3,0,3,2,2,0,"29,35,75","",5,5,0,0,1,0,0,0,0,1,13,12,5,2,8,10,10,10,50,50,1.03,0.51,1.48,1.26,3.88,38,88,75,63,50,75,75,50,75,3.50,1.50,1.45,4.20,7.50,1.21,1.90,3.10,5.50,2.00,1.75,Windsor Park
1749070800,Jun 04 2025 - 9:00pm,complete,N/A,Montserrat,Belize,N/A,3,0.00,0.00,0.75,0.00,1,0,1,1,1,0,"2","",1,2,1,0,2,0,0,1,1,1,7,8,3,4,4,4,17,16,29,71,0.69,0.80,0.99,1.21,4.25,75,100,100,100,25,25,75,100,100,6.50,2.00,2.35,3.25,3.07,1.36,2.05,3.50,7.50,1.72,1.85,Ato Boldon Stadium
1749070800,Jun 04 2025 - 9:00pm,complete,N/A,Barbados,Aruba,Andrew Samuel,3,0.00,0.50,0.25,0.50,1,1,2,2,1,1,"7","15",11,1,2,0,1,0,0,2,0,1,19,8,8,4,11,4,13,23,66,34,0.84,1.07,2.50,1.16,3.75,75,100,75,75,25,50,75,75,100,4.50,3.00,2.05,3.50,3.50,1.17,1.66,2.35,4.20,1.50,2.17,N/A
1749078000,Jun 04 2025 - 11:00pm,complete,N/A,St. Vincent / Grenadines,Anguilla,Steffon Dewar,3,0.00,0.50,0.75,0.33,6,0,6,2,2,0,"21,25,70,85,59,61","",4,0,0,0,0,0,0,0,0,0,3,1,2,0,1,1,3,5,67,33,0.94,0.26,0.70,0.17,4.00,63,88,75,75,38,75,88,75,75,7.50,2.25,1.06,7.75,18.00,1.11,1.40,1.99,3.00,2.10,1.74,N/A
1749078000,Jun 04 2025 - 11:00pm,complete,N/A,Bermuda,Cayman Islands,Rubiel Vazquez,3,0.50,1.50,0.80,0.75,5,0,5,1,1,0,"13,85,54,65,79","",1,0,0,0,0,0,0,0,0,0,2,0,1,0,1,0,9,9,71,29,1.50,1.48,0.53,0.10,3.25,50,75,50,25,25,25,50,25,75,7.00,1.50,1.17,6.55,11.00,1.09,1.39,1.96,3.14,1.93,1.80,N/A
1749078000,Jun 04 2025 - 11:00pm,complete,N/A,Grenada,Bahamas,N/A,3,0.50,0.00,1.75,0.00,6,0,6,2,2,0,"15,36,72,90,58,78","",2,0,1,0,0,0,0,1,0,0,5,0,3,0,2,0,11,2,77,23,1.19,0.85,1.03,0.16,4.00,50,75,75,50,25,75,100,25,75,5.50,4.00,1.03,12.00,19.71,1.05,1.25,1.73,2.45,2.17,1.62,N/A
1749236400,Jun 06 2025 - 7:00pm,complete,N/A,Antigua and Barbuda,Cuba,Kwinsi Williams,4,0.50,1.50,0.25,1.50,0,1,1,1,0,1,"","45'8",3,6,0,1,1,0,0,1,1,0,4,19,1,3,3,16,9,12,27,73,1.23,0.45,0.56,1.94,2.50,50,75,50,25,0,25,50,0,75,8.50,2.00,5.50,4.08,1.56,1.20,1.67,2.85,4.75,1.65,1.93,N/A
1749247200,Jun 06 2025 - 10:00pm,complete,N/A,Suriname,Puerto Rico,Nelson Salgado,4,3.00,2.00,1.90,1.75,1,0,1,0,0,0,"79","",6,4,1,0,0,0,0,1,0,0,15,3,3,0,12,3,11,12,63,37,2.37,1.65,1.74,0.42,4.25,25,75,75,75,50,50,75,75,75,13.50,4.50,1.20,6.50,12.07,1.15,1.65,2.45,4.80,2.27,1.60,N/A
1749252600,Jun 06 2025 - 11:30pm,complete,N/A,Curaçao,St. Lucia,Jose Torres,4,3.00,0.50,2.40,1.00,4,0,4,1,1,0,"52,57,37,74","",8,2,1,0,0,0,0,1,0,0,26,6,10,1,16,5,4,3,66,34,1.73,1.27,2.52,0.54,3.50,75,100,75,50,25,25,75,75,100,10.50,2.50,1.16,9.10,11.00,1.10,1.36,1.94,3.30,1.95,1.75,N/A
1749252600,Jun 06 2025 - 11:30pm,complete,N/A,Trinidad and Tobago,St. Kitts and Nevis,Natalie Simon,4,2.00,1.50,1.40,0.75,6,2,8,4,2,2,"9,85,48,66,89,29","45,27",6,3,0,0,1,0,0,0,0,1,23,10,15,6,8,4,2,3,66,34,1.95,1.54,2.58,1.12,4.25,50,75,75,75,25,50,100,50,75,13.00,3.50,1.01,23.00,49.00,1.02,1.18,1.50,1.91,1.93,1.81,Hasely Crawford Stadium
1749261600,Jun 07 2025 - 2:00am,complete,N/A,Nicaragua,Guyana,Ekaterina Koroleva,4,3.00,1.50,1.30,1.50,1,0,1,1,1,0,"41","",6,3,2,0,4,0,0,2,3,1,25,13,4,3,21,10,19,18,54,46,2.12,1.53,2.31,1.22,3.75,50,100,75,75,25,25,50,100,100,8.50,3.00,1.44,3.95,6.90,1.30,2.04,3.40,5.80,2.05,1.75,N/A
1749263400,Jun 07 2025 - 2:30am,complete,N/A,Guatemala,Dominican Republic,N/A,4,3.00,1.50,1.70,1.50,4,2,6,3,1,2,"6,58,61,52","17,36",4,3,1,0,2,0,0,1,0,2,12,18,6,8,6,10,10,13,52,48,2.96,1.40,1.27,1.74,3.50,0,75,75,50,25,75,100,25,75,17.00,3.00,2.00,2.98,3.40,1.33,2.05,3.30,6.50,1.80,1.95,N/A
1749322800,Jun 07 2025 - 7:00pm,complete,N/A,British Virgin Islands,Jamaica,Bryan Hamed López Castellanos,4,0.40,3.00,0.33,2.30,0,1,1,1,0,1,"","17",0,5,0,0,1,0,0,0,0,1,2,15,2,5,0,10,10,12,30,70,0.76,1.47,0.38,1.62,2.70,35,65,55,35,25,55,80,25,55,8.17,3.00,0.00,0.00,0.00,0.00,0.00,0.00,0.00,0.00,0.00,N/A
1749322800,Jun 07 2025 - 7:00pm,complete,N/A,Anguilla,El Salvador,N/A,4,0.40,2.00,0.33,1.10,0,3,3,2,0,2,"","45'5,3,77",0,14,0,0,0,0,0,0,0,0,0,24,0,14,0,10,4,6,14,86,0.23,1.40,0.07,3.48,3.00,35,65,55,55,20,55,65,55,55,8.50,2.50,0.00,0.00,0.00,0.00,0.00,0.00,0.00,0.00,0.00,N/A
1749322800,Jun 07 2025 - 7:00pm,complete,N/A,Cayman Islands,Honduras,N/A,4,1.00,3.00,0.75,2.10,0,1,1,0,0,0,"","86",0,15,0,0,1,0,0,0,0,1,1,31,0,8,1,23,15,5,15,85,0.79,2.52,0.16,3.36,4.25,50,84,84,67,42,50,67,42,84,10.50,-0.33,67.00,23.00,1.01,1.00,1.11,1.30,1.70,4.00,1.14,Truman Bodden Stadium
1749330000,Jun 07 2025 - 9:00pm,complete,N/A,Aruba,Haiti,Luis Enrique Santander Aguirre,4,0.67,3.00,0.50,2.00,0,5,5,2,0,2,"","29,35,61,67,87",2,2,0,0,0,0,0,0,0,0,7,24,3,10,4,14,15,13,29,71,1.10,2.04,0.85,2.69,3.09,84,100,67,42,0,59,84,67,84,8.50,2.83,18.09,11.00,1.09,1.06,1.18,1.62,2.40,2.05,1.79,N/A
1749337200,Jun 07 2025 - 11:00pm,complete,N/A,Bahamas,Costa Rica,Reon Radix,4,0.00,3.00,0.00,1.90,0,8,8,3,0,3,"","20,48,38,45'2,90,64,51,79",0,10,1,0,0,0,1,0,0,0,1,47,1,19,0,28,4,4,24,76,0.62,1.62,0.16,4.53,4.25,17,84,84,59,34,59,100,59,84,6.33,2.33,71.00,20.00,1.01,1.01,1.05,1.12,1.28,5.80,1.18,N/A
1749344400,Jun 08 2025 - 1:00am,complete,N/A,Belize,Panama,Julio Luna Guzmán,4,0.00,3.00,0.00,2.40,0,2,2,1,0,1,"","10,50",2,8,1,0,3,0,1,0,2,1,5,17,0,5,5,12,7,15,28,72,0.93,2.12,0.40,1.67,3.00,42,84,59,59,0,0,59,84,84,10.00,2.50,80.00,14.00,1.01,1.06,1.22,1.54,2.23,3.85,1.29,N/A
1749582000,Jun 10 2025 - 7:00pm,complete,N/A,St. Kitts and Nevis,Grenada,N/A,5,1.00,1.33,0.75,1.75,2,3,5,1,1,0,"34,90'4","49,76,90'1",5,5,2,0,0,0,1,1,0,0,23,18,7,8,16,10,11,11,49,51,1.40,1.13,2.17,1.90,4.33,33,84,84,67,33,67,100,50,84,10.00,3.67,3.93,4.20,1.68,1.18,1.60,2.45,3.90,1.57,2.30,N/A
1749585600,Jun 10 2025 - 8:00pm,complete,N/A,Cuba,Bermuda,Oliver Amet Vergara Rodriguez,5,2.00,1.33,1.50,0.80,1,2,3,1,0,1,"59","6,74",8,7,2,0,4,0,2,0,2,2,8,5,2,3,6,2,14,16,60,40,1.20,1.18,0.85,0.71,3.67,50,84,67,50,34,33,84,34,67,7.50,2.33,1.50,4.64,4.98,1.17,1.57,2.23,3.80,1.70,2.05,N/A
1749592800,Jun 10 2025 - 10:00pm,complete,N/A,Haiti,Curaçao,N/A,5,3.00,3.00,2.00,2.40,1,5,6,2,0,2,"61","12,15,89,69,90'3",6,0,0,0,1,0,0,0,1,0,21,11,5,9,16,2,10,19,60,40,2.26,1.99,2.08,1.57,3.84,50,100,84,67,33,34,84,100,100,12.00,2.00,2.21,3.26,3.21,1.24,1.85,3.25,6.10,1.66,2.06,N/A
1749592800,Jun 10 2025 - 10:00pm,complete,N/A,St. Lucia,Barbados,Sergio Armando Reyna Moller,5,0.33,0.33,1.00,0.25,2,1,3,2,1,1,"42,90","12",7,2,0,0,2,0,0,0,0,2,17,10,7,2,10,8,12,15,54,46,1.02,1.39,1.85,0.95,3.67,84,100,84,67,17,50,100,67,84,8.33,2.67,1.85,4.10,3.45,1.11,1.41,2.00,3.50,1.47,2.63,N/A
1749596400,Jun 10 2025 - 11:00pm,complete,N/A,Dominican Republic,Dominica,Marianela Araya Cruz,5,1.00,1.00,1.50,0.75,5,0,5,4,4,0,"16,39,33,44,89","",8,3,1,0,0,0,0,1,0,0,38,4,18,1,20,3,4,5,69,31,1.51,1.18,3.91,0.34,4.17,33,84,84,67,50,84,100,50,84,7.33,2.66,1.08,12.00,53.00,1.06,1.18,1.70,2.08,2.32,1.53,N/A
1749596400,Jun 10 2025 - 11:00pm,complete,N/A,Jamaica,Guatemala,N/A,5,3.00,3.00,2.30,1.70,3,0,3,2,2,0,"26,37,73","",5,1,0,0,0,0,0,0,0,0,18,5,8,2,10,3,6,5,62,38,1.52,2.40,1.81,0.49,3.67,33,67,67,50,50,67,100,50,67,14.66,2.34,2.00,3.35,3.70,1.32,2.05,3.80,6.75,1.83,1.84,N/A
1749600000,Jun 11 2025 - 12:00am,complete,N/A,Guyana,Montserrat,Ricangel de Leça,5,1.00,1.00,1.50,0.75,3,0,3,2,2,0,"36,38,72","",4,2,0,0,2,0,0,0,2,0,17,7,11,2,6,5,13,9,51,49,1.43,0.79,2.06,0.84,2.83,50,67,50,50,17,17,67,67,67,7.66,4.00,1.50,4.10,7.50,1.36,2.07,3.90,7.60,2.38,1.53,Jalan Besar Stadium
1749600000,Jun 11 2025 - 12:00am,complete,N/A,Panama,Nicaragua,Ismael Rosario Lopez Peñuelas,5,3.00,3.00,2.40,1.30,3,0,3,0,0,0,"56,88,90'3","",5,5,1,0,0,0,1,0,0,0,12,7,6,1,6,6,14,12,54,46,1.97,2.19,1.48,0.69,3.00,33,84,50,50,17,17,84,67,84,10.66,3.33,1.32,4.50,8.50,1.21,1.85,3.00,5.80,1.97,1.75,Estadio Rommel Fernández Gutiérrez
1749603600,Jun 11 2025 - 1:00am,complete,N/A,El Salvador,Suriname,Jon Freemon,5,2.33,3.00,1.10,1.90,1,1,2,2,1,1,"32","19",3,4,3,0,4,0,1,2,3,1,9,5,3,1,6,4,20,10,34,66,2.09,2.16,1.03,0.61,2.83,33,67,67,50,17,50,67,50,84,18.00,3.00,2.30,2.79,2.86,1.45,2.35,4.40,10.00,1.95,1.75,Estadio Cuscatlán
1749603600,Jun 11 2025 - 1:00am,complete,N/A,Puerto Rico,St. Vincent / Grenadines,Randy Encarnación,5,1.33,1.00,1.75,0.75,2,1,3,1,1,0,"77,11","47",3,5,2,0,2,0,1,1,0,2,10,9,6,5,4,4,18,12,54,46,1.24,0.86,1.26,1.09,4.00,34,67,67,67,50,67,67,67,84,11.00,2.00,1.28,4.80,9.40,1.13,1.50,2.20,3.70,1.75,2.00,N/A
1749603600,Jun 11 2025 - 1:00am,complete,N/A,Costa Rica,Trinidad and Tobago,Daniel Quintero Huittrón,5,3.00,2.33,1.90,1.40,2,1,3,2,2,0,"23,38","58",8,3,1,0,5,1,1,0,1,5,19,14,10,4,9,10,10,16,66,34,2.59,2.16,2.20,1.31,5.84,50,100,100,84,50,84,100,67,100,11.34,1.34,1.29,4.75,8.30,1.20,1.70,2.62,4.60,1.98,1.75,Estadio Nacional de Costa Rica
1749607200,Jun 11 2025 - 2:00am,complete,N/A,Honduras,Antigua and Barbuda,José Meléndez,5,3.00,0.33,2.10,0.25,2,0,2,0,0,0,"49,80","",16,1,0,0,2,0,0,0,0,2,26,1,11,1,15,0,10,7,82,18,2.80,1.01,2.99,0.23,2.67,50,50,34,34,17,34,67,17,84,15.67,1.66,1.05,15.00,31.99,1.06,1.19,1.60,2.40,2.75,1.36,Estadio Tiburcio Carías Andino
1757021400,Sep 04 2025 - 9:30pm,complete,2685,Suriname,Panama,Kwinsi Williams,1,2.50,3.00,1.90,2.40,0,0,0,0,0,0,"","",3,11,2,0,1,0,0,2,0,1,9,15,3,4,6,11,7,10,44,56,1.77,1.85,1.12,1.85,2.88,38,88,50,38,13,25,63,63,88,13.50,4.25,4.70,3.50,1.75,1.33,2.18,3.95,7.50,1.91,1.85,N/A
1757037600,Sep 05 2025 - 2:00am,complete,5000,Guatemala,El Salvador,Juan Calderón,1,2.25,2.00,1.70,1.10,0,1,1,0,0,0,"","79",10,1,2,0,3,0,2,0,3,0,19,10,5,1,14,9,10,12,72,28,1.92,1.83,2.04,0.86,3.38,38,88,75,38,25,88,88,38,75,15.75,2.00,1.74,3.20,4.75,1.41,2.40,4.25,9.50,2.04,1.68,N/A
1757109600,Sep 05 2025 - 10:00pm,complete,4100,Bermuda,Jamaica,Keylor Herrera,1,1.75,3.00,0.80,2.30,0,4,4,2,0,2,"","6,26,58,90",2,5,0,0,2,0,0,0,1,1,8,18,3,7,5,11,7,12,54,46,1.06,1.59,1.15,2.03,3.38,50,75,63,38,38,38,100,50,75,9.25,3.25,9.50,5.75,1.30,1.13,1.53,2.35,4.20,1.93,1.83,Bermuda National Stadium
1757116800,Sep 06 2025 - 12:00am,complete,8500,Trinidad and Tobago,Curaçao,Katia Itzel García,1,1.75,3.00,1.40,2.40,0,0,0,0,0,0,"","",4,3,5,0,1,0,2,3,1,0,14,5,7,2,7,3,13,10,49,51,1.95,1.88,1.94,0.81,5.00,75,100,88,75,50,63,88,75,100,9.50,3.00,3.30,3.16,2.15,1.36,2.07,3.60,8.00,1.91,1.83,Hasely Crawford Stadium
1757116800,Sep 06 2025 - 12:00am,complete,4254,Haiti,Honduras,Pierre Luce Lauziere,1,2.25,3.00,2.00,2.10,0,0,0,0,0,0,"","",8,5,0,0,0,0,0,0,0,0,15,14,7,3,8,11,12,7,45,55,2.21,2.85,1.90,1.49,4.00,63,88,75,63,38,63,75,75,100,17.50,1.00,2.58,3.00,2.88,1.42,2.25,3.78,7.00,1.91,1.85,N/A
1757124000,Sep 06 2025 - 2:00am,complete,19532,Nicaragua,Costa Rica,Marco Antonio Ortíz Nava,1,2.25,3.00,1.30,1.90,1,1,2,0,0,0,"81","60",4,6,1,1,2,0,1,1,0,2,9,11,2,2,7,9,6,13,41,59,1.81,2.49,1.00,1.26,3.88,25,88,88,50,25,50,88,63,88,10.75,1.75,5.05,3.40,1.61,1.35,2.12,3.88,8.50,2.05,1.75,N/A
1757377800,Sep 09 2025 - 12:30am,complete,20675,El Salvador,Suriname,N/A,2,2.20,2.20,1.10,1.90,1,2,3,1,0,1,"73","12,81",7,4,3,0,1,0,1,2,0,1,11,10,2,4,9,6,15,14,46,54,1.63,1.64,1.10,1.15,2.20,40,60,40,30,10,50,60,30,60,13.00,4.20,2.01,3.00,3.30,1.51,2.69,4.90,10.00,2.12,1.62,Estadio Cuscatlán
1757381400,Sep 09 2025 - 1:30am,complete,8575,Panama,Guatemala,Hector Martinez,2,2.60,1.80,2.40,1.70,1,1,2,2,1,1,"37","35",6,2,3,0,2,0,1,2,1,1,18,7,6,1,12,6,22,11,72,28,1.85,1.94,2.05,0.65,3.00,20,80,60,30,20,40,60,50,90,15.40,2.40,1.48,4.20,6.50,1.21,1.81,2.89,5.40,1.95,1.73,Estadio Rommel Fernández Gutiérrez
1757462400,Sep 10 2025 - 12:00am,complete,25016,Jamaica,Trinidad and Tobago,Mario Alberto Escobar Toca,2,3.00,1.60,2.30,1.40,2,0,2,1,1,0,"36,57","",7,6,4,0,0,0,2,2,0,0,10,13,4,2,6,11,7,4,46,54,1.68,1.94,1.37,1.42,3.70,50,70,70,50,30,70,90,40,70,9.40,4.00,1.42,4.50,8.75,1.25,1.73,2.70,4.90,2.10,1.68,N/A
1757462400,Sep 10 2025 - 12:00am,complete,9474,Curaçao,Bermuda,Adonis Carrasco Garcia,2,2.60,1.40,2.40,0.80,3,2,5,4,2,2,"26,14,75","42,35",10,3,0,0,0,0,0,0,0,0,22,6,10,3,12,3,11,16,50,50,1.67,1.08,0.00,0.00,3.80,50,90,70,60,40,30,80,80,90,8.40,2.60,0.00,0.00,0.00,0.00,0.00,0.00,0.00,0.00,0.00,N/A
1757469600,Sep 10 2025 - 2:00am,complete,N/A,Honduras,Nicaragua,Armando Villarreal,2,2.60,2.00,2.10,1.30,2,0,2,0,0,0,"47,90'1","",6,3,1,0,1,0,1,0,1,0,15,9,5,1,10,8,11,13,57,43,2.58,1.65,1.96,1.04,2.90,40,70,50,40,20,30,50,60,80,14.60,1.60,1.37,4.88,8.41,1.26,1.96,3.15,5.75,2.19,1.57,Estadio Tiburcio Carías Andino
1757469600,Sep 10 2025 - 2:00am,complete,N/A,Costa Rica,Haiti,Tori Penso,2,2.60,2.00,1.90,2.00,3,3,6,2,2,0,"1,35,90'1","58,55,86",10,4,2,0,3,0,0,2,1,2,24,11,11,8,13,3,13,9,46,54,2.25,2.15,2.95,1.53,3.80,50,90,80,50,30,60,80,70,90,12.60,1.60,1.66,3.84,5.60,1.30,1.87,3.14,6.60,1.83,1.79,Estadio Nacional de Costa Rica
1760054400,Oct 10 2025 - 12:00am,complete,N/A,Nicaragua,Haiti,N/A,3,1.67,1.83,1.30,2.00,0,3,3,2,0,2,"","12,35,90'2",7,7,1,0,2,0,1,0,0,2,13,10,3,6,10,4,11,15,56,44,1.55,2.05,1.41,1.28,3.42,50,83,67,50,34,42,67,83,83,9.17,2.33,3.05,3.00,2.20,1.36,2.04,3.68,8.00,1.74,1.83,N/A
1760061600,Oct 10 2025 - 2:00am,complete,N/A,Honduras,Costa Rica,N/A,3,2.67,2.33,2.10,1.90,0,0,0,0,0,0,"","",2,0,2,0,3,0,1,1,2,1,11,5,1,1,10,4,17,16,72,28,2.48,2.36,1.05,0.56,3.50,42,84,58,42,25,50,58,59,92,17.33,1.50,2.90,3.10,2.45,1.40,2.20,4.20,8.90,1.85,1.85,Estadio Francisco Morazán
1760130000,Oct 10 2025 - 9:00pm,complete,N/A,Suriname,Guatemala,N/A,3,2.33,1.67,1.90,1.70,1,1,2,0,0,0,"90'4","75",6,3,1,0,1,0,0,1,0,1,14,8,5,2,9,6,11,10,64,36,1.56,1.73,1.63,0.86,3.00,42,75,59,33,25,58,75,42,75,12.50,3.17,2.58,2.98,2.82,1.50,2.50,5.00,11.00,2.05,1.73,N/A
1760133600,Oct 10 2025 - 10:00pm,complete,N/A,Bermuda,Trinidad and Tobago,N/A,3,1.17,1.33,0.80,1.40,0,3,3,2,0,2,"","49,30,10",3,3,1,0,1,0,1,0,1,0,10,22,4,8,6,14,12,14,47,53,1.08,1.86,1.15,2.28,4.25,67,92,75,59,42,59,92,50,92,8.00,3.50,4.20,3.65,1.61,1.20,1.66,2.50,4.60,1.62,2.20,Bermuda National Stadium
1760137200,Oct 10 2025 - 11:00pm,complete,N/A,Curaçao,Jamaica,N/A,3,2.67,3.00,2.40,2.30,2,0,2,1,1,0,"14,68","",0,4,0,0,1,0,0,0,0,1,7,18,4,7,3,11,10,7,42,58,1.67,1.63,0.89,1.77,3.17,34,75,59,50,34,42,84,50,75,11.17,2.66,2.90,2.90,2.26,1.40,2.25,4.50,9.50,1.95,1.80,N/A
1760144400,Oct 11 2025 - 1:00am,complete,N/A,El Salvador,Panama,N/A,3,1.83,2.33,1.10,2.40,0,1,1,0,0,0,"","55",3,5,3,0,0,0,2,1,0,0,10,7,2,2,8,5,21,14,42,58,1.55,1.88,1.36,1.28,2.17,42,75,42,17,0,34,59,42,67,14.33,3.83,5.10,3.20,1.60,1.53,2.60,5.50,12.00,2.30,1.53,Estadio Cuscatlán
1760400000,Oct 14 2025 - 12:00am,complete,N/A,Honduras,Haiti,Oshane Nation,4,2.43,2.00,2.10,2.00,3,0,3,3,3,0,"40,26,18","",7,2,2,0,0,0,0,2,0,0,20,12,8,3,12,9,18,16,43,57,2.27,1.94,2.15,1.32,3.08,43,72,58,43,29,50,58,57,79,14.57,1.71,2.12,2.92,3.40,1.42,2.48,4.50,8.00,2.04,1.68,Estadio Tiburcio Carías Andino
1760407200,Oct 14 2025 - 2:00am,complete,N/A,Costa Rica,Nicaragua,Ismael Alexander Cornejo,4,2.14,1.43,1.90,1.30,4,1,5,3,2,1,"49,90'4,28,12","26",7,3,2,0,2,0,1,1,1,1,21,7,10,2,11,5,17,11,35,65,2.11,1.53,2.32,0.75,3.29,36,86,64,36,22,43,64,64,86,10.43,2.72,1.08,6.70,20.00,1.16,1.69,2.49,4.40,2.79,1.38,Estadio Nacional de Costa Rica
1760482800,Oct 14 2025 - 11:00pm,complete,10000,Curaçao,Trinidad and Tobago,N/A,4,2.71,1.57,2.40,1.40,1,1,2,1,1,0,"19","58",4,7,3,0,1,0,1,2,1,0,9,17,1,7,8,10,7,3,48,52,1.54,1.92,0.70,1.71,3.72,50,86,64,50,36,50,79,43,86,9.15,2.71,1.66,3.45,5.00,1.31,2.02,3.34,7.30,1.91,1.76,N/A
1760486400,Oct 15 2025 - 12:00am,complete,N/A,Jamaica,Bermuda,N/A,4,2.57,1.00,2.30,0.80,4,0,4,3,3,0,"24,26,35,76","",9,2,0,0,3,0,0,0,1,2,28,5,12,2,16,3,6,10,75,25,1.65,1.09,3.33,0.69,3.36,36,86,65,43,29,50,100,43,86,8.72,3.00,1.05,13.00,29.00,1.08,1.39,1.89,2.69,3.00,1.31,N/A
1760490000,Oct 15 2025 - 1:00am,complete,N/A,Panama,Suriname,N/A,4,2.43,2.14,2.40,1.90,1,1,2,1,0,1,"90'6","21",7,3,0,0,1,0,0,0,0,1,28,8,8,4,20,4,14,11,68,32,1.80,1.57,3.04,1.01,2.22,43,71,36,22,7,22,50,50,71,12.71,3.57,1.44,4.20,8.00,1.25,1.92,3.14,5.80,2.10,1.70,Estadio Rommel Fernández Gutiérrez
1760493600,Oct 15 2025 - 2:00am,complete,N/A,El Salvador,Guatemala,N/A,4,1.57,1.57,1.10,1.70,0,1,1,0,0,0,"","46",3,0,1,0,2,0,0,1,1,1,5,4,1,2,4,2,17,17,58,42,1.52,1.60,0.81,0.56,2.65,43,72,50,22,15,57,64,36,79,12.72,3.14,2.80,2.90,2.50,1.50,2.50,4.75,11.00,2.12,1.70,Estadio Cuscatlán
1763071200,Nov 13 2025 - 10:00pm,complete,N/A,Suriname,El Salvador,N/A,5,2.00,1.38,1.90,1.10,4,0,4,1,1,0,"76,44,74,83","",2,3,1,0,3,0,1,0,3,0,13,10,4,3,9,7,15,25,50,50,1.50,1.43,1.47,0.99,2.13,51,63,38,19,7,32,57,38,75,11.38,3.88,1.54,3.46,5.80,1.42,2.49,4.75,8.50,2.29,1.53,N/A
1763078400,Nov 14 2025 - 12:00am,complete,N/A,Bermuda,Curaçao,Tori Penso,5,0.88,2.50,0.80,2.40,0,7,7,2,0,2,"","6,32,48,63,59,82,90'2",3,7,4,0,1,0,1,3,1,0,5,27,1,15,4,12,20,8,31,69,1.03,1.42,0.54,3.25,3.69,50,94,69,57,38,44,88,50,94,8.00,2.50,9.30,6.00,1.26,1.11,1.44,2.06,3.45,1.97,1.72,N/A
1763078400,Nov 14 2025 - 12:00am,complete,N/A,Trinidad and Tobago,Jamaica,N/A,5,1.50,2.63,1.40,2.30,1,1,2,0,0,0,"85","53",3,4,0,0,4,0,0,0,0,4,17,6,6,1,11,5,10,13,62,38,1.89,1.86,1.83,0.65,3.25,38,82,57,38,19,57,94,25,82,10.38,3.38,3.46,3.20,2.20,1.28,1.95,3.28,6.50,1.75,1.88,Hasely Crawford Stadium
1763085600,Nov 14 2025 - 2:00am,complete,N/A,Nicaragua,Honduras,Ismail Elfath,5,1.25,2.50,1.30,2.10,2,0,2,1,1,0,"12,82","",5,10,1,0,2,0,0,1,0,2,11,15,3,5,8,10,11,8,37,63,1.43,2.26,1.16,1.87,2.76,32,76,51,32,19,38,51,57,76,12.63,2.13,6.50,3.85,1.47,1.34,2.10,3.72,8.00,2.16,1.59,N/A
1763085600,Nov 14 2025 - 2:00am,complete,N/A,Haiti,Costa Rica,N/A,5,1.75,2.25,2.00,1.90,1,0,1,1,1,0,"44","",1,7,2,0,1,0,0,2,0,1,8,14,3,6,5,8,20,12,47,53,1.86,2.13,0.96,1.67,3.82,50,88,82,50,38,69,82,63,82,11.63,2.50,3.80,3.30,2.01,1.30,1.96,3.35,6.50,1.75,1.93,N/A
1763085600,Nov 14 2025 - 2:00am,complete,N/A,Guatemala,Panama,César Arturo Ramos Palazuelos,5,1.75,2.25,1.70,2.40,2,3,5,2,0,2,"69,72","30,44,78",9,2,0,0,2,0,0,0,0,2,24,9,8,5,16,4,11,10,62,38,1.47,1.95,2.52,1.08,2.50,38,75,38,19,13,38,57,38,82,12.50,2.51,3.50,2.94,2.04,1.38,2.27,4.20,5.15,1.95,1.71,Estadio El Trébol
1763514000,Nov 19 2025 - 1:00am,complete,N/A,Trinidad and Tobago,Bermuda,Jose Torres,6,1.44,0.78,1.40,0.80,2,2,4,1,1,0,"9,66","60,65",17,2,0,0,0,0,0,0,0,0,21,12,8,8,13,4,7,7,68,32,1.88,0.97,2.68,1.61,4.00,56,95,73,50,33,62,89,45,95,7.66,3.45,1.07,11.00,31.00,1.08,1.38,1.81,2.70,2.25,1.60,Hasely Crawford Stadium
1763514000,Nov 19 2025 - 1:00am,complete,N/A,Costa Rica,Honduras,N/A,6,2.00,2.22,1.90,2.10,0,0,0,0,0,0,"","",8,6,2,1,3,0,1,2,0,3,13,16,4,2,9,14,15,19,57,43,2.08,2.21,1.60,1.59,2.95,33,73,50,33,22,45,61,45,73,15.22,2.33,1.76,3.60,4.50,1.33,2.08,3.50,7.50,1.91,1.75,Estadio Nacional de Costa Rica
1763514000,Nov 19 2025 - 1:00am,complete,N/A,Panama,El Salvador,N/A,6,2.33,1.22,2.40,1.10,3,0,3,2,2,0,"85,17,45'4","",4,1,1,0,2,0,1,0,2,0,21,7,10,2,11,5,22,17,69,31,1.86,1.38,2.57,0.83,2.22,39,67,39,22,6,28,56,39,78,12.11,3.55,1.13,6.50,15.51,1.13,1.53,2.40,4.33,2.50,1.45,Estadio Rommel Fernández Gutiérrez
1763514000,Nov 19 2025 - 1:00am,complete,N/A,Haiti,Nicaragua,N/A,6,1.89,1.44,2.00,1.30,2,0,2,2,2,0,"9,45'1","",3,4,4,0,3,0,1,3,1,2,9,9,4,3,5,6,20,13,51,49,1.76,1.40,1.22,1.15,3.22,39,84,67,39,28,50,78,62,78,8.89,2.44,1.25,5.75,8.50,1.18,1.63,2.52,4.60,2.25,1.65,N/A
1763514000,Nov 19 2025 - 1:00am,complete,N/A,Guatemala,Suriname,N/A,6,1.56,2.11,1.70,1.90,3,1,4,0,0,0,"49,57,65","90'3",12,2,0,0,1,0,0,0,0,1,22,9,8,3,14,6,9,8,49,51,1.59,1.50,2.53,1.22,2.89,50,78,50,33,22,45,67,50,84,10.89,2.78,2.70,3.10,2.37,1.35,2.27,4.10,9.60,1.92,1.70,Estadio El Trébol
1763514000,Nov 19 2025 - 1:00am,complete,N/A,Jamaica,Curaçao,Ivan Barton,6,2.44,2.56,2.30,2.40,0,0,0,0,0,0,"","",3,3,3,1,2,0,0,4,0,2,13,16,1,4,12,12,17,19,60,40,1.72,1.65,1.44,1.71,3.17,33,84,50,45,28,39,84,45,84,10.56,2.78,1.95,3.25,4.24,1.40,2.18,3.95,8.00,1.95,1.75,N/A
1694125800,Sep 07 2023 - 10:30pm,complete,N/A,Paraguay,Peru,Andrés Matonte,1,0.00,0.00,1.56,0.67,0,0,0,0,0,0,"","",11,1,0,0,2,1,0,0,3,0,15,3,6,0,9,3,19,13,59,41,0.00,0.00,1.94,0.34,0.00,0,0,0,0,0,0,0,0,0,0.00,0.00,1.85,3.40,4.50,1.40,2.50,3.80,7.50,2.25,1.57,Estadio Antonio Aranda
1694127600,Sep 07 2023 - 11:00pm,complete,N/A,Colombia,Venezuela,Anderson Daronco,1,0.00,0.00,1.56,1.00,1,0,1,0,0,0,"46","",2,4,0,0,1,0,0,0,1,0,10,6,4,2,6,4,13,19,70,30,0.00,0.00,1.36,0.73,0.00,0,0,0,0,0,0,0,0,0,0.00,0.00,1.29,5.00,15.00,1.30,2.05,3.50,7.00,2.75,1.40,Estadio Metropolitano Roberto Meléndez
1694131200,Sep 08 2023 - 12:00am,complete,N/A,Argentina,Ecuador,Wilmar Alexander Roldán Pérez,1,0.00,0.00,2.11,1.78,1,0,1,0,0,0,"78","",4,2,1,0,1,0,0,1,0,1,9,5,4,3,5,2,9,13,71,29,0.00,0.00,1.41,0.77,0.00,0,0,0,0,0,0,0,0,0,0.00,0.00,1.36,4.50,11.00,1.42,2.08,3.96,7.63,2.50,1.50,Estadio Monumental Antonio Vespucio Liberti
1694214000,Sep 08 2023 - 11:00pm,complete,N/A,Uruguay,Chile,Darío Herrera,1,0.00,0.00,1.56,0.61,3,1,4,2,2,0,"38,45'2,71","74",3,3,4,0,5,0,0,4,1,4,16,5,7,2,9,3,17,16,50,50,0.00,0.00,1.81,0.67,0.00,0,0,0,0,0,0,0,0,0,0.00,0.00,1.65,3.25,5.75,1.41,2.25,4.22,9.50,2.10,1.67,Estadio Centenario
1694220300,Sep 09 2023 - 12:45am,complete,43188,Brazil,Bolivia,Juan Gabriel Benítez,1,0.00,0.00,1.56,1.11,5,1,6,1,1,0,"24,47,53,61,90'3","78",6,1,1,0,2,0,1,0,1,1,18,4,11,3,7,1,6,14,80,20,0.00,0.00,2.29,0.60,0.00,0,0,0,0,0,0,0,0,0,0.00,0.00,1.05,13.00,34.00,1.03,1.20,2.12,2.05,2.20,1.62,N/A
1694548800,Sep 12 2023 - 8:00pm,complete,N/A,Bolivia,Argentina,Esteban Ostojich,2,0.00,3.00,1.11,2.11,0,3,3,2,0,2,"","31,42,83",1,4,4,1,0,0,3,2,0,0,3,14,2,8,1,6,23,10,40,60,0.60,1.41,0.44,1.70,3.50,50,50,50,50,50,0,50,50,100,5.00,3.00,5.00,4.00,1.50,1.23,1.70,2.83,5.20,1.95,1.80,N/A
1694552400,Sep 12 2023 - 9:00pm,complete,N/A,Ecuador,Uruguay,Wilton Pereira Sampaio,2,0.00,3.00,1.78,1.56,2,1,3,2,1,1,"45'5,61","38",10,2,2,0,3,0,0,2,1,2,13,3,4,2,9,1,12,18,50,50,0.77,1.81,1.40,0.57,2.50,50,50,50,50,0,50,50,50,100,5.00,5.00,2.15,3.05,3.00,1.36,2.10,3.72,7.30,2.20,1.62,Estadio de Liga Deportiva Universitaria
1694556000,Sep 12 2023 - 10:00pm,complete,N/A,Venezuela,Paraguay,Andrés José Rojas Noguera,2,0.00,1.00,1.00,1.56,1,0,1,0,0,0,"90'3","",7,5,3,0,4,0,1,2,1,3,8,13,3,5,5,8,13,14,54,46,0.73,1.94,0.96,1.57,0.50,0,0,0,0,0,0,0,0,50,15.00,1.00,2.38,2.88,3.40,1.50,2.60,4.25,8.40,2.20,1.62,Estadio Monumental de Maturín
1694565000,Sep 13 2023 - 12:30am,complete,N/A,Chile,Colombia,Jesús Valenzuela Sáez,2,0.00,3.00,0.61,1.56,0,0,0,0,0,0,"","",6,3,1,0,5,0,1,0,1,4,8,6,5,2,3,4,13,19,51,49,0.67,1.36,1.11,0.82,2.50,50,50,50,50,0,50,50,50,100,5.00,5.00,3.30,3.00,2.38,1.44,2.40,4.50,9.50,2.00,1.75,Estadio Monumental David Arellano
1694570400,Sep 13 2023 - 2:00am,complete,N/A,Peru,Brazil,Fernando Rapallini,2,1.00,3.00,0.67,1.56,0,1,1,0,0,0,"","90",4,4,3,0,2,0,1,2,1,1,3,7,0,3,3,4,20,14,38,62,0.34,2.29,0.47,0.95,3.00,50,50,50,50,50,0,50,50,50,7.00,4.00,9.00,5.00,1.33,1.26,2.00,3.10,6.00,2.50,1.50,Estadio Nacional de Lima
1697142600,Oct 12 2023 - 8:30pm,complete,N/A,Colombia,Uruguay,Piero Maza Gomez,3,2.00,1.50,1.56,1.56,2,2,4,1,1,0,"35,52","47,90'1",3,2,1,1,0,0,1,1,0,0,9,13,4,6,5,7,17,10,49,51,1.09,1.19,1.17,1.53,2.00,50,50,50,25,0,50,50,25,75,5.00,6.00,1.91,3.30,3.75,1.42,2.18,4.33,9.00,2.00,1.75,Estadio Metropolitano Roberto Meléndez
1697151600,Oct 12 2023 - 11:00pm,complete,N/A,Bolivia,Ecuador,Cristián Garay,3,0.00,1.50,1.11,1.78,1,2,3,1,0,1,"83","45,90'6",5,0,1,0,0,0,0,1,0,0,13,7,5,4,8,3,8,7,46,54,0.52,1.09,1.16,0.73,3.25,50,75,75,25,25,50,75,25,100,7.00,5.00,5.25,3.50,1.70,1.33,2.25,3.60,7.00,2.20,1.62,N/A
1697151600,Oct 12 2023 - 11:00pm,complete,N/A,Argentina,Paraguay,Raphael Claus,3,3.00,0.50,2.11,1.56,1,0,1,1,1,0,"3","",9,1,1,0,2,0,1,0,1,1,11,2,4,1,7,1,10,19,75,25,1.56,1.76,1.49,0.29,1.25,0,25,25,0,0,25,25,0,75,12.00,2.50,1.22,6.00,13.00,1.25,1.75,3.10,6.00,2.63,1.44,Estadio Monumental Antonio Vespucio Liberti
1697155200,Oct 13 2023 - 12:00am,complete,N/A,Chile,Peru,Wilmar Alexander Roldán Pérez,3,0.50,0.50,0.61,0.67,2,0,2,0,0,0,"74,90'1","",8,6,2,0,2,0,0,2,1,1,13,3,7,0,6,3,10,16,64,36,0.89,0.41,1.69,0.65,1.25,25,25,25,25,0,25,25,25,50,7.00,6.00,1.70,3.50,6.00,1.44,2.40,4.50,9.50,2.38,1.53,Nacional
1697157000,Oct 13 2023 - 12:30am,complete,40020,Brazil,Venezuela,Kevin Ortega,3,3.00,1.50,1.56,1.00,1,1,2,0,0,0,"50","85",7,5,2,0,2,0,0,2,2,0,10,7,6,2,4,5,13,11,70,30,1.62,0.84,1.54,0.81,2.25,25,25,25,25,25,0,25,25,100,10.50,3.50,1.08,11.00,23.00,1.15,1.44,2.22,4.00,3.25,1.33,N/A
1697576400,Oct 17 2023 - 9:00pm,complete,N/A,Venezuela,Chile,Flavio Rodrigues De Souza,4,1.33,1.33,1.00,0.61,3,0,3,1,1,0,"45'1,72,79","",2,3,1,0,2,1,0,1,0,3,10,7,6,1,4,6,14,13,42,58,0.83,1.16,1.29,0.76,1.67,33,50,17,17,0,17,17,50,84,11.00,4.67,2.65,2.90,2.55,1.45,2.30,4.75,10.00,2.00,1.75,Estadio Monumental de Maturín
1697581800,Oct 17 2023 - 10:30pm,complete,N/A,Paraguay,Bolivia,Gustavo Tejera,4,0.33,0.00,1.56,1.11,1,0,1,0,0,0,"69","",8,1,2,0,5,0,1,1,3,2,11,5,7,0,4,5,12,12,62,38,1.27,0.74,1.66,0.48,2.34,34,50,50,17,17,17,67,34,67,8.00,4.67,1.30,5.00,11.00,1.25,1.85,3.10,6.00,2.20,1.62,General Pablo Rojas
1697585400,Oct 17 2023 - 11:30pm,complete,N/A,Ecuador,Colombia,Facundo Tello Figueroa,4,2.00,1.67,1.78,1.56,0,0,0,0,0,0,"","",3,6,2,0,4,0,2,0,3,1,8,4,3,3,5,1,15,17,54,46,0.97,1.12,0.94,0.69,2.00,50,50,50,17,0,17,50,33,84,6.67,3.33,2.10,3.10,4.00,1.50,2.60,4.50,9.50,2.20,1.62,Estadio de Liga Deportiva Universitaria
1697587200,Oct 18 2023 - 12:00am,complete,N/A,Uruguay,Brazil,Alexis Herrera,4,1.33,2.33,1.56,1.56,2,0,2,1,1,0,"42,77","",2,2,3,0,5,0,2,1,1,4,4,2,2,0,2,2,18,16,39,61,1.30,1.59,0.61,0.42,3.34,84,84,67,50,17,34,67,67,100,8.00,4.00,4.50,3.40,1.91,1.37,2.10,4.06,8.00,1.95,1.80,Estadio Centenario
1697594400,Oct 18 2023 - 2:00am,complete,N/A,Peru,Argentina,Jesús Valenzuela Sáez,4,0.33,3.00,0.67,2.11,0,2,2,2,0,2,"","32,42",1,1,2,0,0,0,1,1,0,0,4,8,0,6,4,2,19,10,34,66,0.49,1.53,0.46,1.13,1.34,0,33,17,0,0,17,34,17,67,9.34,3.34,8.50,4.33,1.40,1.36,2.25,4.00,8.00,2.50,1.50,Estadio Nacional de Lima
1700164800,Nov 16 2023 - 8:00pm,complete,N/A,Bolivia,Peru,Guillermo Enrique Guerrero Alcivar,5,0.00,0.25,1.11,0.67,2,0,2,1,1,0,"20,87","",4,3,2,0,4,0,2,0,1,3,11,3,5,2,6,1,16,6,45,55,0.67,0.48,1.31,0.70,2.25,25,63,38,13,13,25,50,38,75,5.00,5.75,2.05,3.00,3.40,1.45,2.20,4.50,9.50,2.10,1.67,N/A
1700172000,Nov 16 2023 - 10:00pm,complete,N/A,Venezuela,Ecuador,Juan Gabriel Benítez,5,1.75,1.75,1.00,1.78,0,0,0,0,0,0,"","",4,3,2,0,3,0,1,1,2,1,5,5,2,1,3,4,8,14,50,50,0.95,0.96,0.68,0.55,1.75,38,50,38,0,0,13,38,38,88,8.25,3.00,2.80,2.88,2.88,1.50,3.10,4.75,10.00,2.25,1.57,Estadio Monumental de Maturín
1700179200,Nov 17 2023 - 12:00am,complete,N/A,Colombia,Brazil,Andrés Matonte,5,1.50,1.75,1.56,1.56,2,1,3,1,0,1,"75,79","4",3,7,1,0,2,0,1,0,0,2,18,11,10,3,8,8,16,12,40,60,1.01,1.30,2.23,1.20,2.00,38,50,25,25,13,0,38,38,75,8.25,5.25,3.50,3.20,2.25,1.50,2.50,4.75,10.00,2.10,1.67,Estadio Metropolitano Roberto Meléndez
1700179200,Nov 17 2023 - 12:00am,complete,N/A,Argentina,Uruguay,Wilmar Alexander Roldán Pérez,5,3.00,1.75,2.11,1.56,0,2,2,1,0,1,"","41,87",8,1,4,0,3,0,1,3,1,2,6,4,3,2,3,2,11,22,63,37,1.43,1.13,0.98,0.62,2.50,38,75,50,25,0,50,88,25,75,6.75,3.00,1.53,3.80,7.00,1.36,2.15,3.75,7.50,2.20,1.62,Estadio Monumental Antonio Vespucio Liberti
1700181000,Nov 17 2023 - 12:30am,complete,N/A,Chile,Paraguay,Fernando Rapallini,5,1.00,1.00,0.61,1.56,0,0,0,0,0,0,"","",7,1,2,1,3,1,1,2,2,2,11,10,5,3,6,7,8,18,71,29,1.06,1.37,1.60,0.99,1.50,13,38,25,13,0,13,38,38,63,11.25,4.75,1.67,3.60,5.75,1.48,2.40,5.00,11.00,2.38,1.53,Nacional
1700607600,Nov 21 2023 - 11:00pm,complete,N/A,Paraguay,Colombia,Jesús Valenzuela Sáez,6,1.00,1.80,1.56,1.56,0,1,1,1,0,1,"","11",4,3,2,0,4,0,1,1,2,2,7,11,2,4,5,7,10,14,41,59,1.29,1.25,0.99,1.31,1.10,20,20,20,10,0,0,30,20,50,8.60,5.00,3.50,2.90,2.30,1.50,2.50,4.50,9.50,2.05,1.70,General Pablo Rojas
1700609400,Nov 21 2023 - 11:30pm,complete,N/A,Ecuador,Chile,Anderson Daronco,6,1.60,1.00,1.78,0.61,1,0,1,1,1,0,"21","",5,4,2,0,2,0,1,1,1,1,11,7,5,3,6,4,13,14,53,47,0.88,1.17,1.28,0.83,1.60,30,50,40,10,0,20,40,40,60,9.00,4.60,1.55,3.80,6.00,1.42,2.35,4.33,9.00,2.50,1.50,Estadio de Liga Deportiva Universitaria
1700609400,Nov 21 2023 - 11:30pm,complete,N/A,Uruguay,Bolivia,Kevin Ortega,6,2.00,0.60,1.56,1.11,2,1,3,2,1,1,"15,71","39",7,1,0,0,2,0,0,0,0,2,14,3,4,0,10,3,10,11,69,31,1.03,0.80,1.59,0.28,3.00,50,90,60,30,10,30,90,40,100,4.40,5.60,1.07,11.00,29.00,1.13,1.40,2.16,3.60,2.75,1.40,Estadio Centenario
1700613000,Nov 22 2023 - 12:30am,complete,N/A,Brazil,Argentina,Piero Maza Gomez,6,1.40,2.40,1.56,2.11,0,1,1,0,0,0,"","63",4,3,3,1,0,0,3,1,0,0,5,4,4,2,1,2,26,16,50,50,1.28,1.34,1.01,0.52,2.30,30,70,30,10,10,20,70,30,80,10.40,3.60,2.45,3.00,3.20,1.51,2.60,5.00,10.00,2.10,1.67,N/A
1700618400,Nov 22 2023 - 2:00am,complete,N/A,Peru,Venezuela,Darío Herrera,6,0.20,1.60,0.67,1.00,1,1,2,1,1,0,"17","54",2,4,2,0,3,0,1,1,2,1,9,7,5,3,4,4,19,18,47,53,0.52,0.89,1.13,1.02,1.40,10,50,10,0,0,10,30,30,70,7.40,4.60,2.45,2.90,3.30,1.55,2.88,5.50,11.00,2.25,1.57,Estadio Nacional de Lima
1725566400,Sep 05 2024 - 8:00pm,complete,N/A,Bolivia,Venezuela,Wilmar Alexander Roldán Pérez,7,0.50,1.50,1.11,1.00,4,0,4,2,2,0,"13,45'5,46,89","",2,5,3,0,2,0,2,1,0,2,15,9,8,3,7,6,13,9,57,43,0.71,0.91,1.72,1.10,2.25,42,67,42,9,9,17,58,33,92,6.50,4.83,2.00,3.40,3.80,1.35,2.25,3.75,7.50,2.00,1.75,Estadio Municipal El Alto
1725580800,Sep 06 2024 - 12:00am,complete,N/A,Argentina,Chile,Jesús Valenzuela Sáez,7,2.50,0.83,2.11,0.61,3,0,3,0,0,0,"48,84,90'1","",4,4,2,0,3,0,1,1,2,1,13,3,8,1,5,2,8,14,65,35,1.21,1.11,1.77,0.48,1.67,9,50,25,9,0,25,59,25,59,10.00,3.83,1.29,5.00,13.00,1.30,2.05,3.40,6.50,2.75,1.40,Estadio Monumental Antonio Vespucio Liberti
1725665400,Sep 06 2024 - 11:30pm,complete,N/A,Uruguay,Paraguay,Darío Herrera,7,2.17,0.83,1.56,1.56,0,0,0,0,0,0,"","",8,0,4,0,2,0,1,3,2,0,7,7,1,3,6,4,13,11,65,35,1.12,1.24,0.99,0.83,1.84,34,50,34,17,0,25,67,17,67,7.83,4.67,1.45,4.10,8.00,1.28,2.10,3.20,6.00,2.25,1.57,N/A
1725670800,Sep 07 2024 - 1:00am,complete,N/A,Brazil,Ecuador,Facundo Tello Figueroa,7,1.17,1.83,1.56,1.78,1,0,1,1,1,0,"30","",4,2,1,0,0,0,0,1,0,0,6,8,3,2,3,6,8,17,57,43,1.24,0.95,0.87,0.75,1.92,42,50,33,9,9,9,50,34,75,8.83,4.50,1.36,4.50,10.00,1.30,1.95,3.40,6.50,2.25,1.57,Estádio Major Antônio Couto Pereira
1725672600,Sep 07 2024 - 1:30am,complete,N/A,Peru,Colombia,Esteban Ostojich,7,0.33,2.00,0.67,1.56,1,1,2,0,0,0,"68","82",5,10,0,0,2,0,0,0,1,1,6,13,3,5,3,8,9,13,31,69,0.63,1.26,0.80,1.59,1.50,25,50,17,9,0,9,50,25,59,6.16,5.34,5.75,3.10,1.80,1.40,2.88,4.00,8.50,2.63,1.44,Estadio Nacional de Lima
1726000200,Sep 10 2024 - 8:30pm,complete,N/A,Colombia,Argentina,Piero Maza Gomez,8,1.86,2.57,1.56,2.11,2,1,3,1,1,0,"25,60","48",2,4,2,0,2,0,0,2,1,1,9,10,5,1,4,9,8,10,47,53,1.31,1.29,1.13,0.91,1.72,22,50,29,7,0,15,50,29,64,9.00,3.71,2.88,2.90,2.70,1.50,2.88,5.50,11.00,2.25,1.57,Estadio Metropolitano Roberto Meléndez
1726002000,Sep 10 2024 - 9:00pm,complete,N/A,Ecuador,Peru,Andrés José Rojas Noguera,8,1.57,0.43,1.78,0.67,1,0,1,0,0,0,"54","",8,0,1,0,4,0,0,1,3,1,7,2,4,1,3,1,20,9,69,31,0.92,0.65,1.09,0.35,1.43,29,50,15,0,0,14,50,22,57,6.71,3.72,1.40,3.90,10.00,1.29,2.40,3.40,6.50,3.00,1.36,Estadio de Liga Deportiva Universitaria
1726002000,Sep 10 2024 - 9:00pm,complete,N/A,Chile,Bolivia,Juan Gabriel Benítez,8,0.71,0.86,0.61,1.11,1,2,3,3,1,2,"39","13,45'1",10,2,4,0,3,0,2,2,2,1,15,3,5,2,10,1,11,10,75,25,1.02,0.86,1.89,0.42,2.50,29,72,57,22,7,29,65,50,79,7.14,5.72,1.25,6.00,12.00,1.22,1.67,3.10,6.00,2.38,1.53,Nacional
1726005600,Sep 10 2024 - 10:00pm,complete,N/A,Venezuela,Uruguay,Raphael Claus,8,1.29,2.00,1.00,1.56,0,0,0,0,0,0,"","",5,5,3,0,4,0,1,2,1,3,13,4,6,2,7,2,7,17,45,55,0.94,1.10,1.64,0.66,2.22,43,72,43,22,0,29,65,36,86,8.00,4.43,3.25,3.00,2.45,1.47,2.70,4.80,9.00,2.10,1.67,Estadio Monumental de Maturín
1726014600,Sep 11 2024 - 12:30am,complete,N/A,Paraguay,Brazil,Andrés Matonte,8,0.86,1.43,1.56,1.56,1,0,1,1,1,0,"20","",4,6,4,0,2,0,2,2,1,1,4,9,3,3,1,6,13,8,29,71,1.18,1.18,0.66,1.23,1.43,22,29,15,7,7,0,43,22,58,9.15,5.00,7.00,3.90,1.53,1.40,2.20,4.50,9.00,2.25,1.57,Estadio La Asunción
1728590400,Oct 10 2024 - 8:00pm,complete,N/A,Bolivia,Colombia,Wilton Pereira Sampaio,9,1.13,2.00,1.11,1.56,1,0,1,0,0,0,"58","",5,9,1,1,1,0,1,1,0,1,11,18,8,9,3,9,9,8,35,65,0.80,1.29,1.42,2.18,2.44,50,69,57,19,7,25,69,44,76,6.13,5.38,3.30,3.20,2.30,1.40,2.40,4.20,8.50,2.05,1.70,Estadio Municipal El Alto
1728594000,Oct 10 2024 - 9:00pm,complete,N/A,Ecuador,Paraguay,Raphael Claus,9,1.75,1.13,1.78,1.56,0,0,0,0,0,0,"","",4,3,1,0,1,0,1,0,0,1,11,2,5,2,6,0,6,10,77,23,0.94,1.12,1.51,0.46,0.94,13,13,13,0,0,7,44,7,38,8.38,4.01,1.53,3.60,9.00,1.50,2.70,5.25,10.00,2.75,1.40,Estadio de Liga Deportiva Universitaria
1728594000,Oct 10 2024 - 9:00pm,complete,N/A,Venezuela,Argentina,Gustavo Tejera,9,1.25,2.25,1.00,2.11,1,1,2,1,0,1,"65","13",8,4,1,0,1,0,1,0,0,1,10,6,7,4,3,2,20,13,40,60,1.03,1.24,1.46,0.97,1.82,19,57,32,7,0,19,51,32,75,9.13,3.38,6.25,3.70,1.62,1.35,2.35,3.85,8.00,2.25,1.57,Estadio Monumental de Maturín
1728604800,Oct 11 2024 - 12:00am,complete,N/A,Chile,Brazil,Darío Herrera,9,0.63,1.25,0.61,1.56,1,2,3,2,1,1,"2","45'1,89",4,7,2,0,2,0,1,1,1,1,6,8,1,4,5,4,14,12,29,71,1.13,1.19,0.66,1.12,2.07,32,57,38,13,7,13,57,44,63,10.63,5.50,5.50,3.90,1.55,1.33,2.09,3.55,7.00,2.38,1.53,Nacional
1728696600,Oct 12 2024 - 1:30am,complete,N/A,Peru,Uruguay,Facundo Tello Figueroa,9,0.38,1.88,0.67,1.56,1,0,1,0,0,0,"88","",5,2,0,0,1,0,0,0,0,1,5,5,3,3,2,2,17,7,38,62,0.61,1.05,0.79,0.83,1.88,38,69,25,13,0,26,57,25,75,6.50,5.13,5.10,3.13,1.93,1.50,2.40,5.50,12.00,2.38,1.53,Estadio Nacional de Lima
1729024200,Oct 15 2024 - 8:30pm,complete,N/A,Colombia,Chile,Jesús Valenzuela Sáez,10,1.78,0.56,1.56,0.61,4,0,4,1,1,0,"34,52,82,90'3","",5,2,2,0,2,0,1,1,0,2,13,7,9,2,4,5,16,15,62,38,1.39,1.08,1.95,0.79,1.89,39,56,45,11,0,17,50,44,62,10.00,5.22,1.36,4.50,10.00,1.42,2.20,4.50,9.50,2.63,1.44,Estadio Metropolitano Roberto Meléndez
1729033200,Oct 15 2024 - 11:00pm,complete,N/A,Paraguay,Venezuela,Piero Maza Gomez,10,1.11,1.22,1.56,1.00,2,1,3,1,0,1,"59,74","25",5,1,2,0,6,0,1,1,3,3,10,5,6,3,4,2,10,17,61,39,1.05,1.08,1.38,0.70,1.12,17,28,11,6,0,6,39,17,50,9.00,4.44,2.10,3.00,4.00,1.57,3.10,5.00,11.00,2.50,1.50,Estadio La Asunción
1729035000,Oct 15 2024 - 11:30pm,complete,N/A,Uruguay,Ecuador,Cristián Garay,10,1.67,1.67,1.56,1.78,0,0,0,0,0,0,"","",6,5,1,0,1,0,0,1,1,0,9,5,4,4,5,1,14,12,55,45,1.02,1.00,1.12,0.85,1.61,33,45,33,11,0,22,56,17,61,7.67,3.77,1.73,3.30,5.75,1.42,2.70,4.33,9.00,2.50,1.50,N/A
1729036800,Oct 16 2024 - 12:00am,complete,N/A,Argentina,Bolivia,Kevin Ortega,10,2.11,1.33,2.11,1.11,6,0,6,3,3,0,"19,43,45'3,69,84,86","",4,0,0,0,1,0,0,0,0,1,12,1,10,1,2,0,10,13,72,28,1.21,0.87,1.82,0.22,2.45,33,73,50,11,6,33,73,28,84,7.00,4.11,1.06,15.00,21.00,1.07,1.25,1.79,2.65,2.50,1.50,Estadio Monumental Antonio Vespucio Liberti
1729039500,Oct 16 2024 - 12:45am,complete,N/A,Brazil,Peru,Esteban Ostojich,10,1.44,0.67,1.56,0.67,4,0,4,1,1,0,"38,54,71,74","",6,1,1,0,5,0,0,1,2,3,14,3,8,2,6,1,10,17,68,32,1.18,0.63,1.76,0.53,1.83,33,56,17,6,6,11,50,28,78,8.22,4.66,1.20,6.50,15.00,1.18,1.75,2.50,4.33,2.75,1.40,N/A
1731618000,Nov 14 2024 - 9:00pm,complete,N/A,Venezuela,Brazil,Andrés José Rojas Noguera,11,1.10,1.60,1.00,1.56,1,1,2,1,0,1,"46","43",3,9,4,1,2,0,1,4,1,1,6,8,5,4,1,4,14,12,33,67,1.04,1.24,0.94,1.10,2.10,40,60,35,15,5,10,60,40,80,9.80,4.70,7.00,3.75,1.55,1.33,2.20,3.50,6.80,2.25,1.57,Estadio Monumental de Maturín
1731627000,Nov 14 2024 - 11:30pm,complete,N/A,Paraguay,Argentina,Anderson Daronco,11,1.30,2.20,1.56,2.11,2,1,3,2,1,1,"19,47","11",6,2,3,0,1,0,1,2,0,1,4,7,2,1,2,6,17,9,23,77,1.08,1.27,0.61,0.86,1.60,15,40,25,5,5,15,55,20,55,8.70,3.50,4.75,3.25,1.85,1.48,2.88,5.00,10.00,2.50,1.50,General Pablo Rojas
1731628800,Nov 15 2024 - 12:00am,complete,N/A,Ecuador,Bolivia,Maximiliano Ramírez,11,1.60,1.20,1.78,1.11,4,0,4,2,2,0,"26,28,49,61","",12,1,0,0,1,1,0,0,1,1,23,2,15,1,8,1,13,5,79,21,0.99,0.81,3.10,0.23,2.10,30,50,45,15,10,30,60,25,65,6.40,4.00,1.17,7.00,19.00,1.16,1.60,2.16,3.80,2.63,1.44,N/A
1731715200,Nov 16 2024 - 12:00am,complete,33400,Uruguay,Colombia,Kevin Ortega,11,1.60,1.90,1.56,1.56,3,2,5,1,0,1,"57,60,90'11","31,90'6",6,1,4,0,2,0,2,2,1,1,10,10,5,4,5,6,18,14,45,55,1.03,1.44,1.29,1.08,1.90,40,55,40,20,0,15,55,35,70,8.40,4.60,2.10,3.10,3.90,1.51,2.50,5.00,10.00,2.10,1.67,N/A
1731720600,Nov 16 2024 - 1:30am,complete,N/A,Peru,Chile,Wilton Pereira Sampaio,11,0.60,0.50,0.67,0.61,0,0,0,0,0,0,"","",4,8,2,0,3,0,0,2,1,2,9,10,6,5,3,5,10,12,41,59,0.62,1.05,1.32,1.25,2.00,25,65,35,15,0,20,50,40,70,7.90,5.30,2.40,2.63,3.70,1.51,3.60,5.40,11.00,2.63,1.44,Estadio Monumental
1732046400,Nov 19 2024 - 8:00pm,complete,N/A,Bolivia,Paraguay,Andrés Matonte,12,1.09,1.45,1.11,1.56,2,2,4,1,1,0,"15,80","71,90'1",4,1,0,0,0,1,0,0,0,1,9,10,5,4,4,6,7,10,65,35,0.75,1.04,1.14,1.07,2.14,27,50,46,18,9,32,64,27,64,6.45,5.18,1.90,3.00,4.75,1.45,2.88,4.50,9.00,2.38,1.53,Estadio Municipal El Alto
1732057200,Nov 19 2024 - 11:00pm,complete,N/A,Colombia,Ecuador,Esteban Ostojich,12,1.73,1.73,1.56,1.78,0,1,1,1,0,1,"","7",5,2,3,0,2,1,0,3,1,2,17,1,7,1,10,0,12,11,67,33,1.41,1.18,2.15,0.30,1.73,32,41,36,18,5,9,50,37,59,9.18,3.45,1.58,3.90,6.25,1.50,2.46,5.50,11.00,2.50,1.50,Estadio Metropolitano Roberto Meléndez
1732060800,Nov 20 2024 - 12:00am,complete,31906,Chile,Venezuela,Facundo Tello Figueroa,12,0.55,1.09,0.61,1.00,4,2,6,5,3,2,"20,29,38,47","13,22",1,4,1,0,3,0,1,0,1,2,8,8,5,3,3,5,9,13,61,39,1.07,1.03,1.15,0.92,1.96,36,64,41,14,0,18,55,41,69,9.72,5.55,1.91,3.48,4.17,1.51,2.12,5.00,10.00,2.20,1.62,Nacional
1732060800,Nov 20 2024 - 12:00am,complete,N/A,Argentina,Peru,Wilmar Alexander Roldán Pérez,12,2.00,0.64,2.11,0.67,1,0,1,0,0,0,"55","",2,1,0,0,3,0,0,0,1,2,9,2,3,0,6,2,10,18,74,26,1.23,0.69,1.07,0.23,2.00,23,64,27,9,5,23,55,27,78,7.18,3.54,1.19,6.65,17.75,1.25,1.72,2.90,5.40,3.00,1.36,Estadio Alberto José Armando
1732063500,Nov 20 2024 - 12:45am,complete,N/A,Brazil,Uruguay,Piero Maza Gomez,12,1.55,1.73,1.56,1.56,1,1,2,0,0,0,"62","55",4,2,3,0,2,0,0,3,1,1,13,6,3,2,10,4,15,11,62,38,1.23,1.06,1.53,0.76,2.27,45,64,41,23,9,18,69,32,78,9.64,4.72,1.54,4.10,6.40,1.39,2.12,4.00,8.00,2.25,1.57,Arena Fonte Nova
1742511600,Mar 20 2025 - 11:00pm,complete,31193,Paraguay,Chile,Raphael Claus,13,1.42,0.75,1.56,0.61,1,0,1,0,0,0,"60","",6,4,0,0,0,0,0,0,0,0,16,9,5,3,11,6,10,11,36,64,1.04,1.07,1.65,1.08,1.84,29,46,42,17,4,21,54,30,50,9.08,5.09,1.80,3.25,5.50,1.49,2.50,4.60,10.00,2.25,1.57,General Pablo Rojas
1742517900,Mar 21 2025 - 12:45am,complete,70027,Brazil,Colombia,Alexis Herrera,13,1.50,1.58,1.56,1.56,2,1,3,2,1,1,"6,90'9","41",4,2,3,0,1,0,2,1,0,1,17,10,7,3,10,7,15,24,52,48,1.25,1.47,1.83,1.15,2.21,46,59,38,21,8,4,63,46,75,9.83,4.66,1.76,3.37,5.24,1.42,2.30,4.33,8.50,2.10,1.67,N/A
1742520600,Mar 21 2025 - 1:30am,complete,N/A,Peru,Bolivia,Yael Falcón Pérez,13,0.58,1.08,0.67,1.11,3,1,4,2,2,0,"45,37,82","58",3,4,0,0,0,0,0,0,0,0,12,15,7,5,5,10,10,17,51,49,0.65,0.79,1.47,1.55,2.42,30,67,42,25,9,29,58,38,84,5.00,5.00,1.38,4.50,8.97,1.35,2.08,3.85,8.00,2.38,1.53,Estadio Nacional de Lima
1742590800,Mar 21 2025 - 9:00pm,complete,N/A,Ecuador,Venezuela,Ramon Abatti,13,1.83,1.00,1.78,1.00,2,1,3,1,1,0,"39,46","90'1",5,2,1,0,2,0,0,1,0,2,16,10,6,6,10,4,13,13,71,29,1.11,1.02,1.79,1.20,1.71,34,46,29,13,4,17,54,25,63,9.00,4.17,1.41,4.33,8.29,1.40,2.15,4.20,8.50,2.50,1.50,Estadio de Liga Deportiva Universitaria
1742599800,Mar 21 2025 - 11:30pm,complete,55000,Uruguay,Argentina,Juan Gabriel Benítez,13,1.67,2.08,1.56,2.11,0,1,1,0,0,0,"","68",4,3,2,0,1,1,0,2,0,2,6,12,2,4,4,8,11,11,55,45,1.03,1.22,0.85,1.26,2.25,38,67,42,17,8,29,63,29,79,7.91,3.42,2.49,2.82,3.37,1.55,2.70,5.25,10.00,2.10,1.67,N/A
1742932800,Mar 25 2025 - 8:00pm,complete,10723,Bolivia,Uruguay,Augusto Bergelio Aragón Bautista,14,1.00,1.54,1.11,1.56,0,0,0,0,0,0,"","",16,3,1,0,2,0,0,1,1,1,32,11,7,0,25,11,10,5,66,34,0.84,1.02,2.87,0.95,2.73,46,74,58,35,12,39,70,43,85,6.23,4.69,2.20,3.26,3.41,1.40,2.20,4.00,8.00,1.95,1.80,Estadio Municipal El Alto
1742947200,Mar 26 2025 - 12:00am,complete,38996,Chile,Ecuador,Gustavo Tejera,14,0.69,1.92,0.61,1.78,0,0,0,0,0,0,"","",2,2,1,0,2,0,0,1,0,2,16,7,2,2,14,5,15,15,60,40,1.07,1.16,1.44,0.83,1.85,27,47,43,16,4,23,54,31,54,9.61,3.84,2.60,3.01,2.97,1.55,2.70,5.50,10.00,2.20,1.62,Nacional
1742947200,Mar 26 2025 - 12:00am,complete,85015,Argentina,Brazil,Andrés José Rojas Noguera,14,2.15,1.62,2.11,1.56,4,1,5,4,3,1,"12,4,37,71","26",6,0,5,0,5,0,2,3,2,3,12,3,7,1,5,2,12,19,56,44,1.22,1.30,1.52,0.43,2.31,39,66,38,12,8,23,66,31,85,9.38,3.53,2.25,3.09,3.71,1.50,2.50,5.00,9.50,2.10,1.67,Estadio Monumental Antonio Vespucio Liberti
1742947200,Mar 26 2025 - 12:00am,complete,33683,Venezuela,Peru,Cristián Garay,14,0.92,0.77,1.00,0.67,1,0,1,1,1,0,"41","",4,1,3,0,2,0,1,2,2,0,12,11,5,1,7,10,15,14,39,61,1.03,0.71,1.37,1.10,1.96,39,62,27,15,4,15,50,35,81,6.92,5.00,2.11,3.02,4.01,1.55,2.70,5.50,10.00,2.25,1.57,Estadio Monumental de Maturín
1742947200,Mar 26 2025 - 12:00am,complete,42262,Colombia,Paraguay,Facundo Tello Figueroa,14,1.46,1.54,1.56,1.56,2,2,4,3,2,1,"1,13","62,45'4",5,4,2,0,4,0,0,2,0,4,10,21,5,6,5,15,13,13,61,39,1.45,1.09,1.24,1.98,1.69,35,39,35,16,4,8,54,31,58,8.38,4.46,1.54,3.79,6.86,1.42,2.35,4.33,8.50,2.38,1.53,Estadio Metropolitano Roberto Meléndez
1749164400,Jun 05 2025 - 11:00pm,complete,N/A,Ecuador,Brazil,Piero Maza Gomez,15,1.86,1.50,1.78,1.56,0,0,0,0,0,0,"","",4,3,0,0,0,0,0,0,0,0,7,3,3,2,4,1,14,9,52,48,1.14,1.24,0.82,0.49,1.93,39,50,36,14,7,18,61,29,65,9.50,4.00,4.30,3.15,2.08,1.66,3.00,5.50,15.00,2.30,1.53,N/A
1749164400,Jun 05 2025 - 11:00pm,complete,N/A,Paraguay,Uruguay,Darío Herrera,15,1.50,1.50,1.56,1.56,2,0,2,1,1,0,"13,81","",5,7,2,0,0,0,1,1,0,0,12,5,5,1,7,4,18,10,29,71,1.15,1.01,1.29,0.55,1.68,36,43,33,18,4,18,50,22,61,8.00,4.72,2.70,2.66,2.87,1.63,3.20,6.25,11.00,2.40,1.53,General Pablo Rojas
1749171600,Jun 06 2025 - 1:00am,complete,N/A,Chile,Argentina,Jesús Valenzuela Sáez,15,0.71,2.21,0.61,2.11,0,1,1,1,0,1,"","16",1,4,4,0,2,0,1,3,0,2,7,10,3,4,4,6,9,9,34,66,1.10,1.24,0.94,1.14,2.29,29,61,47,18,11,33,57,29,72,8.85,3.79,5.05,3.30,1.80,1.44,2.42,4.60,10.00,2.10,1.67,Nacional
1749241800,Jun 06 2025 - 8:30pm,complete,N/A,Colombia,Peru,Wilton Pereira Sampaio,15,1.43,0.71,1.56,0.67,0,0,0,0,0,0,"","",2,4,1,0,1,0,1,0,1,0,15,4,0,1,15,3,10,5,71,29,1.43,0.74,1.47,0.56,1.97,36,54,32,22,4,14,54,36,71,6.85,4.50,1.23,4.80,11.00,1.30,1.85,3.20,6.00,2.61,1.52,Estadio Metropolitano Roberto Meléndez
1749247200,Jun 06 2025 - 10:00pm,complete,46741,Venezuela,Bolivia,N/A,15,1.07,1.00,1.00,1.11,2,0,2,2,2,0,"5,30","",5,2,1,0,2,0,0,1,0,2,10,9,5,2,5,7,12,18,41,59,1.06,0.99,1.20,1.08,2.64,47,72,54,29,11,32,72,43,83,7.50,4.92,1.33,4.80,8.00,1.26,1.85,3.45,6.25,2.25,1.55,Estadio Monumental de Maturín
1749585600,Jun 10 2025 - 8:00pm,complete,N/A,Bolivia,Chile,Esteban Ostojich,16,0.93,0.67,1.11,0.61,2,0,2,1,1,0,"5,90","",6,6,1,1,3,1,1,1,1,3,17,12,7,2,10,10,7,13,47,53,0.99,1.09,1.70,1.06,2.57,34,67,57,30,10,40,67,40,67,7.74,4.67,1.67,3.60,5.00,1.28,2.03,3.30,7.41,1.80,1.90,Estadio Municipal El Alto
1749596400,Jun 10 2025 - 11:00pm,complete,N/A,Uruguay,Venezuela,Raphael Claus,16,1.40,1.20,1.56,1.00,2,0,2,1,1,0,"43,47","",10,1,2,0,3,0,2,0,2,1,12,10,5,1,7,9,15,10,59,41,0.98,1.07,1.45,0.73,2.03,44,64,33,17,7,20,60,30,73,8.20,4.80,1.48,4.10,7.83,1.47,2.25,4.00,8.25,2.58,1.53,N/A
1749600000,Jun 11 2025 - 12:00am,complete,N/A,Argentina,Colombia,Juan Gabriel Benítez,16,2.27,1.40,2.11,1.56,1,1,2,1,0,1,"81","24",4,6,2,1,4,0,1,2,1,3,10,11,3,5,7,6,16,12,64,36,1.24,1.43,1.24,1.21,2.23,37,57,44,20,10,23,64,30,74,8.20,3.60,1.48,3.50,6.00,1.45,2.38,4.00,10.00,2.31,1.65,Estadio Monumental Antonio Vespucio Liberti
1749602700,Jun 11 2025 - 12:45am,complete,N/A,Brazil,Paraguay,Facundo Tello Figueroa,16,1.47,1.60,1.56,1.56,1,0,1,1,1,0,"44","",11,3,2,0,1,0,2,0,1,0,11,5,4,1,7,4,11,16,73,27,1.19,1.16,1.51,0.63,1.94,40,50,34,17,7,17,60,23,67,9.14,4.73,1.40,4.45,8.88,1.33,2.12,3.50,7.50,2.38,1.53,Arena Corinthians
1749605400,Jun 11 2025 - 1:30am,complete,N/A,Peru,Ecuador,Andrés José Rojas Noguera,16,0.73,1.80,0.67,1.78,0,0,0,0,0,0,"","",2,0,4,0,1,1,2,2,1,1,13,10,5,3,8,7,11,13,53,47,0.73,1.11,1.55,1.10,1.37,20,37,20,10,0,13,44,24,54,7.20,3.53,3.30,2.75,2.40,1.76,3.10,6.50,17.00,2.45,1.55,Estadio Alejandro Villanueva
1757028600,Sep 04 2025 - 11:30pm,complete,45000,Colombia,Bolivia,Darío Herrera,17,1.38,1.06,1.56,1.11,3,0,3,1,1,0,"31,74,83","",4,2,1,0,1,0,0,1,0,1,12,9,8,3,4,6,10,7,64,36,1.42,1.04,1.79,1.00,2.57,44,69,54,32,10,32,72,41,75,7.63,4.50,1.08,9.80,18.00,1.14,1.44,2.10,3.32,2.50,1.47,Estadio Metropolitano Roberto Meléndez
1757028600,Sep 04 2025 - 11:30pm,complete,N/A,Uruguay,Peru,Facundo Tello Figueroa,17,1.50,0.75,1.56,0.67,3,0,3,1,1,0,"14,58,80","",6,1,2,0,3,0,0,2,2,1,24,11,7,3,17,8,8,14,63,37,1.01,0.78,2.44,1.04,1.69,29,54,22,16,3,16,47,25,69,7.07,4.50,1.43,4.15,9.50,1.49,2.50,5.11,9.97,2.80,1.47,N/A
1757028600,Sep 04 2025 - 11:30pm,complete,N/A,Paraguay,Ecuador,Raphael Claus,17,1.50,1.75,1.56,1.78,0,0,0,0,0,0,"","",6,1,3,0,1,0,1,2,0,1,7,6,3,1,4,5,15,8,38,62,1.13,1.11,0.89,0.64,1.29,22,28,25,10,0,13,50,16,44,8.38,3.63,2.68,2.72,3.50,1.72,3.48,8.00,17.00,2.50,1.44,General Pablo Rojas
1757028600,Sep 04 2025 - 11:30pm,complete,76490,Argentina,Venezuela,Piero Maza Gomez,17,2.19,1.13,2.11,1.00,3,0,3,1,1,0,"76,39,80","",4,0,1,0,2,0,0,1,1,1,17,5,9,0,8,5,9,13,76,24,1.24,1.05,2.05,0.50,2.22,38,66,35,13,10,25,69,25,78,8.13,4.26,1.25,5.50,13.00,1.24,1.90,3.08,6.10,2.65,1.43,Estadio Monumental Antonio Vespucio Liberti
1757032200,Sep 05 2025 - 12:30am,complete,19729,Brazil,Chile,Alexis Herrera,17,1.56,0.63,1.56,0.61,3,0,3,1,1,0,"38,72,76","",4,3,1,0,1,0,1,0,1,0,22,3,7,0,15,3,14,11,64,36,1.21,1.09,2.31,0.34,2.19,38,60,41,19,10,22,63,31,66,9.81,5.01,1.20,6.50,16.50,1.25,1.85,2.88,5.05,2.84,1.38,N/A
1757458800,Sep 09 2025 - 11:00pm,complete,30758,Ecuador,Argentina,Wilmar Alexander Roldán Pérez,18,1.71,2.24,1.78,2.11,1,0,1,1,1,0,"45'13","",2,8,3,1,3,1,3,1,2,2,11,8,4,0,7,8,13,10,43,57,1.09,1.28,1.17,0.97,1.71,24,45,33,9,6,21,56,21,59,8.12,2.94,3.20,2.70,2.70,1.77,3.10,6.10,12.00,2.40,1.50,N/A
1757460600,Sep 09 2025 - 11:30pm,complete,17191,Bolivia,Brazil,Cristián Garay,18,1.00,1.65,1.11,1.56,1,0,1,1,1,0,"45'4","",5,4,0,0,2,0,0,0,0,2,23,10,10,3,13,7,18,9,42,58,1.04,1.27,2.52,1.09,2.68,41,74,53,27,12,33,77,41,79,8.53,4.47,3.20,3.30,2.28,1.37,2.31,4.30,10.50,1.91,1.85,Estadio Municipal El Alto
1757460600,Sep 09 2025 - 11:30pm,complete,4100,Venezuela,Colombia,Wilton Pereira Sampaio,18,1.06,1.47,1.00,1.56,3,6,9,4,2,2,"3,12,76","50,42,59,67,10,78",3,2,1,0,0,0,0,1,0,0,11,13,8,9,3,4,14,16,36,64,1.01,1.44,1.55,1.63,2.18,44,65,41,18,6,15,68,38,74,7.94,4.77,2.62,3.10,3.05,1.41,2.25,4.38,8.25,1.90,1.82,Estadio Monumental de Maturín
1757460600,Sep 09 2025 - 11:30pm,complete,35345,Chile,Uruguay,Anderson Daronco,18,0.59,1.59,0.61,1.56,0,0,0,0,0,0,"","",8,3,1,0,1,0,1,0,0,1,16,6,3,3,13,3,8,14,50,50,1.04,1.10,1.45,0.97,2.06,30,62,41,18,6,21,59,32,68,8.94,4.71,3.35,3.00,1.95,1.47,2.50,4.80,12.00,2.27,1.64,Nacional
1757460600,Sep 09 2025 - 11:30pm,complete,27323,Peru,Paraguay,Maximiliano Ramírez,18,0.71,1.47,0.67,1.56,0,1,1,0,0,0,"","78",6,7,0,0,1,0,0,0,1,0,12,7,3,5,9,2,6,12,55,45,0.79,1.11,1.32,1.03,1.44,21,38,21,12,0,12,47,21,56,6.88,4.64,2.52,2.75,3.45,1.86,3.48,7.80,17.00,2.38,1.41,Estadio Nacional de Lima
1768705200,Jan 18 2026 - 3:00am,complete,N/A,Canada,Guatemala,Rosendo Mendoza,N/A,0.00,0.00,1.80,0.00,1,0,1,0,0,0,"66","",12,5,2,0,1,0,1,1,1,0,14,6,7,3,7,3,12,6,58,42,0.00,0.00,0.00,0.00,0.00,0,0,0,0,0,0,0,0,0,0.00,0.00,0.00,0.00,0.00,0.00,0.00,0.00,0.00,0.00,0.00,Banc of California Stadium
1768770000,Jan 18 2026 - 9:00pm,complete,N/A,Bolivia,Panama,N/A,N/A,0.00,0.00,0.80,1.29,1,1,2,1,0,1,"69","5",13,0,1,0,3,0,0,1,2,1,-1,-1,-1,-1,-1,-1,-1,-1,-1,-1,0.00,0.00,0.00,0.00,0.00,0,0,0,0,0,0,0,0,0,0.00,0.00,1.57,3.80,5.75,1.33,2.10,3.49,6.40,2.02,1.71,N/A
1768770000,Jan 18 2026 - 9:00pm,complete,N/A,Grenada,Jamaica,Reon Radix,N/A,0.00,0.00,0.00,1.75,0,1,1,0,0,0,"","80",1,6,-1,-1,-1,-1,-1,-1,-1,-1,2,12,0,6,2,6,-1,-1,42,58,0.00,0.00,0.40,1.70,0.00,0,0,0,0,0,0,0,0,0,0.00,0.00,7.60,4.90,1.44,1.19,1.72,2.80,5.14,1.94,1.77,Cricket National Stadium
1769130000,Jan 23 2026 - 1:00am,complete,N/A,Panama,Mexico,N/A,N/A,1.00,0.00,1.29,2.50,0,1,1,0,0,0,"","90'3",1,9,1,0,2,0,1,0,1,1,4,9,1,3,3,6,4,9,28,72,0.00,0.00,0.37,1.20,1.00,50,50,0,0,0,0,50,0,50,0.00,3.00,5.25,3.68,1.73,1.30,2.15,3.58,7.40,1.85,1.80,Estadio Rommel Fernández Gutiérrez
1769369400,Jan 25 2026 - 7:30pm,complete,N/A,Bolivia,Mexico,Carlos Andrés Betancur Gutiérrez,N/A,1.00,3.00,0.80,2.50,0,1,1,0,0,0,"","68",4,4,1,1,5,0,0,2,2,3,13,3,4,2,9,1,13,4,47,53,0.00,1.20,1.31,0.43,1.50,50,50,0,0,0,0,50,0,100,22.00,3.00,3.75,3.30,1.91,1.41,2.37,4.26,6.68,1.99,1.73,N/A
1772071200,Feb 26 2026 - 2:00am,complete,N/A,Mexico,Iceland,Steven Madrigal,N/A,3.00,0.00,2.50,0.40,4,0,4,2,2,0,"22,24,59,90'2","",8,2,1,0,1,0,0,1,0,1,24,4,11,2,13,2,24,4,57,43,0.82,0.00,2.94,0.68,0.50,0,0,0,0,0,0,0,0,50,6.50,3.50,1.22,5.73,9.19,1.13,1.57,2.30,4.05,1.95,1.75,Estadio La Corregidora
1773604800,Mar 15 2026 - 8:00pm,complete,N/A,Bolivia,Trinidad and Tobago,Guillermo Enrique Guerrero Alcivar,N/A,0.50,0.00,0.80,0.20,3,0,3,2,2,0,"38,23,51","",6,4,0,0,1,0,0,0,1,0,23,4,12,0,11,4,9,6,50,50,1.31,0.00,2.86,0.40,0.75,25,25,0,0,0,0,25,0,50,8.50,2.00,1.02,17.00,47.00,1.03,1.10,1.40,1.80,2.50,1.44,N/A
1774440000,Mar 25 2026 - 12:00pm,complete,N/A,Kazakhstan,Namibia,Viktor Shimusik,N/A,0.00,0.00,1.33,0.50,2,0,2,1,1,0,"12,79","",8,3,-1,-1,-1,-1,-1,-1,-1,-1,13,10,5,2,8,8,-1,-1,50,50,0.00,0.00,1.56,1.27,0.00,0,0,0,0,0,0,0,0,0,0.00,0.00,1.91,3.50,4.20,0.00,2.15,0.00,0.00,0.00,0.00,Astana Arena
1774447200,Mar 25 2026 - 2:00pm,complete,N/A,Kyrgyzstan,Equatorial Guinea,N/A,N/A,0.00,0.00,0.50,2.00,0,1,1,1,0,1,"","40",-1,-1,-1,-1,-1,-1,-1,-1,-1,-1,-1,-1,-1,-1,-1,-1,-1,-1,-1,-1,0.00,0.00,0.00,0.00,0.00,0,0,0,0,0,0,0,0,0,0.00,0.00,2.99,2.77,2.20,1.33,2.26,3.72,7.40,1.84,1.86,N/A
1774468800,Mar 25 2026 - 8:00pm,complete,N/A,US Virgin Islands,American Samoa,N/A,N/A,0.00,0.00,1.50,0.00,5,2,7,3,3,0,"7,53,20,90'2,19","80,82",-1,-1,-1,-1,-1,-1,-1,-1,-1,-1,-1,-1,-1,-1,-1,-1,-1,-1,-1,-1,0.00,0.00,0.00,0.00,0.00,0,0,0,0,0,0,0,0,0,0.00,0.00,1.90,3.90,3.45,0.00,0.00,0.00,0.00,0.00,0.00,N/A
1774472400,Mar 25 2026 - 9:00pm,complete,N/A,Bermuda,Congo DR,Daniel Quintero Huittrón,N/A,0.00,0.00,0.00,2.00,0,2,2,1,0,1,"","45,51",-1,-1,-1,-1,-1,-1,-1,-1,-1,-1,-1,-1,-1,-1,-1,-1,-1,-1,-1,-1,0.00,0.00,0.00,0.00,0.00,0,0,0,0,0,0,0,0,0,0.00,0.00,0.00,0.00,0.00,1.10,1.42,2.18,3.28,2.35,1.53,N/A
1774483200,Mar 26 2026 - 12:00am,complete,N/A,Puerto Rico,Guam,Jose Corporan,N/A,0.00,0.00,2.00,0.75,4,0,4,0,0,0,"52,62,57,76","",-1,-1,-1,-1,-1,-1,-1,-1,-1,-1,-1,-1,-1,-1,-1,-1,-1,-1,-1,-1,0.00,0.00,0.00,0.00,0.00,0,0,0,0,0,0,0,0,0,0.00,0.00,1.15,7.00,16.00,0.00,0.00,0.00,0.00,0.00,0.00,Estadio Juán Rámon Loubriel
1774524600,Mar 26 2026 - 11:30am,complete,N/A,Aruba,Macau,Samuel Uwikunda,N/A,0.00,0.00,2.00,0.00,4,1,5,3,3,0,"5,16,13,66","88",3,2,-1,-1,-1,-1,-1,-1,-1,-1,14,6,9,2,5,4,-1,-1,56,44,0.00,0.00,2.18,0.92,0.00,0,0,0,0,0,0,0,0,0,0.00,0.00,1.36,5.40,9.40,0.00,1.72,0.00,0.00,0.00,0.00,N/A
1774526400,Mar 26 2026 - 12:00pm,complete,N/A,Vietnam,Bangladesh,N/A,N/A,0.00,0.00,3.00,1.50,3,0,3,3,3,0,"8,18,38","",9,2,0,0,2,0,0,0,0,2,19,9,7,2,12,7,-1,-1,49,51,0.00,0.00,2.08,1.05,0.00,0,0,0,0,0,0,0,0,0,0.00,0.00,1.12,9.00,21.00,1.15,1.47,2.21,3.82,2.30,1.33,N/A
1774535400,Mar 26 2026 - 2:30pm,complete,N/A,Tanzania,Liechtenstein,Mohamed Diraneh Guedi,N/A,0.00,0.00,1.50,0.75,0,1,1,0,0,0,"","55",5,3,0,0,1,0,0,0,0,1,14,3,2,2,12,1,-1,-1,68,32,0.00,0.00,1.97,0.66,0.00,0,0,0,0,0,0,0,0,0,0.00,0.00,1.14,6.83,19.00,0.00,1.57,0.00,0.00,0.00,0.00,N/A
1774537200,Mar 26 2026 - 3:00pm,complete,N/A,Moldova,Lithuania,Henrik Nalbandyan,N/A,0.00,0.00,0.50,1.50,0,2,2,1,0,1,"","33,71",3,7,2,0,2,0,0,2,0,2,5,9,4,3,1,6,17,12,47,53,0.00,0.00,1.04,1.35,0.00,0,0,0,0,0,0,0,0,0,0.00,0.00,2.88,2.88,2.67,1.48,2.53,4.50,9.20,1.95,1.68,Stadionul Zimbru
1774544400,Mar 26 2026 - 5:00pm,complete,N/A,Georgia,Israel,Julian Weinberger,N/A,0.00,0.00,2.00,2.00,2,2,4,1,1,0,"36,54","60,64",6,7,1,0,1,0,0,1,1,0,9,10,3,3,6,7,11,9,40,60,0.00,0.00,1.06,1.32,0.00,0,0,0,0,0,0,0,0,0,0.00,0.00,1.98,3.67,3.52,1.28,1.85,3.00,6.21,1.67,2.12,Mikheil Meskhis Sakhelobis Stadionis Satadarigo Moedani
1774544400,Mar 26 2026 - 5:00pm,complete,N/A,Cyprus,Belarus,Miloš Milanović,N/A,0.00,0.00,1.75,2.50,0,1,1,1,0,1,"","24",5,4,1,0,4,0,0,1,1,3,8,13,2,3,6,10,6,16,66,34,0.00,0.00,1.15,1.32,0.00,0,0,0,0,0,0,0,0,0,0.00,0.00,2.30,3.30,2.92,1.37,2.15,3.90,7.30,1.89,1.89,N/A
1774555200,Mar 26 2026 - 8:00pm,complete,66215,Brazil,France,Guido Gonzalez,N/A,0.00,0.00,2.25,2.25,1,2,3,1,0,1,"78","32,65",5,2,4,0,3,1,2,2,0,4,17,7,4,3,13,4,12,11,46,54,0.00,0.00,1.69,0.99,0.00,0,0,0,0,0,0,0,0,0,0.00,0.00,2.90,3.50,2.30,1.22,1.75,2.75,4.75,1.53,2.38,Gillette Stadium
1774560600,Mar 26 2026 - 9:30pm,complete,N/A,Bahamas,Anguilla,N/A,N/A,0.00,0.00,0.00,1.00,1,3,4,2,1,1,"28","45,52,83",1,2,-1,-1,-1,-1,-1,-1,-1,-1,1,4,1,4,0,0,-1,-1,50,50,0.00,0.00,0.00,0.00,0.00,0,0,0,0,0,0,0,0,0,0.00,0.00,2.30,3.60,2.75,0.00,1.80,0.00,0.00,0.00,0.00,N/A
1774567800,Mar 26 2026 - 11:30pm,complete,50000,Colombia,Croatia,Rubiel Vazquez,N/A,0.00,0.00,1.50,1.50,1,2,3,3,1,2,"3","6,42",6,4,0,0,3,0,0,0,1,2,14,12,5,3,9,9,7,18,58,42,0.00,0.00,1.70,1.17,0.00,0,0,0,0,0,0,0,0,0,0.00,0.00,2.14,3.35,3.15,1.28,1.85,3.00,6.10,1.71,2.10,N/A
1774569600,Mar 27 2026 - 12:00am,complete,N/A,Dominican Republic,El Salvador,Oliver Amet Vergara Rodriguez,N/A,0.00,0.00,0.67,0.67,2,2,4,1,1,0,"15,90'4","62,79",7,2,0,0,0,0,0,0,0,0,18,7,7,3,11,4,10,15,50,50,0.00,0.00,2.06,0.86,0.00,0,0,0,0,0,0,0,0,0,0.00,0.00,1.87,3.00,3.70,0.00,2.15,0.00,0.00,0.00,0.00,N/A
1774569600,Mar 27 2026 - 12:00am,complete,N/A,Cayman Islands,British Virgin Islands,N/A,N/A,0.00,0.00,1.33,1.33,1,1,2,2,1,1,"7","20",2,8,-1,-1,-1,-1,-1,-1,-1,-1,1,2,1,2,0,0,-1,-1,45,55,0.00,0.00,0.00,0.00,0.00,0,0,0,0,0,0,0,0,0,0.00,0.00,2.06,3.00,3.83,0.00,1.95,0.00,0.00,0.00,0.00,Truman Bodden Stadium
1774580400,Mar 27 2026 - 3:00am,complete,N/A,Chile,Cape Verde Islands,Calvin Berg,N/A,0.00,0.00,1.00,1.75,4,2,6,3,1,2,"16,58,67,79","21,45'3",1,3,0,0,0,1,0,0,1,0,9,9,5,3,4,6,15,9,52,48,0.00,0.00,1.24,1.05,0.00,0,0,0,0,0,0,0,0,0,0.00,0.00,1.66,3.25,4.50,0.00,2.20,0.00,0.00,0.00,0.00,N/A
1774591200,Mar 27 2026 - 6:00am,complete,N/A,China,Curaçao,Alex King,N/A,0.00,0.00,1.75,0.75,2,0,2,0,0,0,"","",3,4,0,0,0,0,0,0,0,0,12,7,4,1,8,6,16,12,35,65,0.00,0.00,1.30,0.75,0.00,0,0,0,0,0,0,0,0,0,0.00,0.00,4.15,3.20,1.72,0.00,2.10,0.00,0.00,0.00,0.00,Beijing National Stadium
1774592100,Mar 27 2026 - 6:15am,complete,N/A,New Zealand,Finland,Casey Reibelt,N/A,0.00,0.00,0.75,1.00,0,2,2,1,0,1,"","25,85",2,7,0,0,0,0,0,0,0,0,11,10,2,3,9,7,12,10,50,50,0.00,0.00,1.07,1.11,0.00,0,0,0,0,0,0,0,0,0,0.00,0.00,2.06,2.98,3.20,0.00,2.15,0.00,0.00,0.00,0.00,N/A
1774600200,Mar 27 2026 - 8:30am,complete,N/A,Solomon Islands,Bulgaria,Naufal Adya Fairuski,N/A,0.00,0.00,1.00,1.75,2,10,12,0,0,0,"","",4,7,-1,-1,-1,-1,-1,-1,-1,-1,8,24,6,20,2,4,-1,-1,42,58,0.00,0.00,1.02,3.26,0.00,0,0,0,0,0,0,0,0,0,0.00,0.00,34.00,18.00,1.03,0.00,1.22,0.00,0.00,0.00,0.00,Lawson Tama Stadium
1774602600,Mar 27 2026 - 9:10am,complete,N/A,Australia,Cameroon,Robert Jones,N/A,0.00,0.00,1.75,1.50,1,0,1,0,0,0,"85","",3,4,0,0,0,0,0,0,0,0,8,7,4,1,4,6,16,19,50,50,0.00,0.00,0.94,0.73,0.00,0,0,0,0,0,0,0,0,0,0.00,0.00,1.60,3.40,4.65,0.00,2.00,0.00,0.00,0.00,0.00,N/A
1774605600,Mar 27 2026 - 10:00am,complete,N/A,Venezuela,Trinidad and Tobago,Rustam Lutfullin,N/A,0.00,0.00,1.75,0.20,4,1,5,0,0,0,"67,60,81,85","52",6,1,-1,-1,-1,-1,-1,-1,-1,-1,16,2,6,1,10,1,-1,-1,55,45,0.00,0.40,1.98,0.46,1.50,0,50,50,0,0,50,50,0,50,4.00,1.00,1.24,6.98,13.80,0.00,1.65,0.00,0.00,0.00,0.00,Estadio Polideportivo de Pueblo Nuevo
1774614600,Mar 27 2026 - 12:30pm,complete,N/A,Iran,Nigeria,Cihan Aydın,N/A,0.00,0.00,2.25,1.83,1,2,3,1,0,1,"67","6,51",2,1,2,0,0,0,0,2,0,0,0,1,0,1,0,0,-1,-1,50,50,0.00,0.00,0.00,0.00,0.00,0,0,0,0,0,0,0,0,0,0.00,0.00,2.95,3.10,2.30,1.39,2.46,4.40,8.70,1.97,1.75,Antalya Stadyumu
1774616400,Mar 27 2026 - 1:00pm,complete,26703,Indonesia,St. Kitts and Nevis,Muhammad Taqi Aljaafari bin Jahari,N/A,0.00,0.00,2.25,1.50,4,0,4,2,2,0,"15,25,53,75","",5,5,-1,-1,-1,-1,-1,-1,-1,-1,16,1,10,0,6,1,-1,-1,61,39,0.00,0.00,2.10,0.22,0.00,0,0,0,0,0,0,0,0,0,0.00,0.00,1.07,13.00,23.00,0.00,1.30,1.95,0.00,0.00,0.00,Patriot Chandrabhaga Stadium
1774620000,Mar 27 2026 - 2:00pm,complete,28840,Uzbekistan,Gabon,N/A,N/A,0.00,0.00,1.00,0.50,3,1,4,0,0,0,"","",14,6,-1,-1,-1,-1,-1,-1,-1,-1,15,11,8,5,7,6,-1,-1,55,45,0.00,0.00,2.10,1.50,0.00,0,0,0,0,0,0,0,0,0,0.00,0.00,1.50,3.55,5.40,0.00,2.15,0.00,0.00,0.00,0.00,Milliy Stadion
1774623600,Mar 27 2026 - 3:00pm,complete,N/A,Azerbaijan,St. Lucia,Giorgi Kruashvili,N/A,0.00,0.00,2.00,0.00,6,1,7,3,3,0,"2,21,37,64,86,89","52",10,0,0,0,0,0,0,0,0,0,14,6,8,3,6,3,11,6,70,30,0.00,0.00,2.35,0.96,0.00,0,0,0,0,0,0,0,0,0,0.00,0.00,1.08,10.23,23.10,0.00,1.40,2.15,0.00,0.00,0.00,Bakı Olimpiya Stadionu
1774623600,Mar 27 2026 - 3:00pm,complete,N/A,Togo,Guinea,N/A,N/A,0.00,0.00,2.00,0.33,2,2,4,0,0,0,"","",-1,-1,-1,-1,-1,-1,-1,-1,-1,-1,-1,-1,-1,-1,-1,-1,-1,-1,-1,-1,0.00,0.00,0.00,0.00,0.00,0,0,0,0,0,0,0,0,0,0.00,0.00,0.00,0.00,0.00,1.42,2.51,4.40,8.60,2.05,1.69,Alexandria Stadium
1774623600,Mar 27 2026 - 3:00pm,complete,N/A,Benin,Liberia,N/A,N/A,0.00,0.00,1.75,1.00,1,0,1,0,0,0,"86","",3,5,-1,-1,-1,-1,-1,-1,-1,-1,11,8,6,0,5,8,-1,-1,53,47,0.00,0.00,1.44,0.79,0.00,0,0,0,0,0,0,0,0,0,0.00,0.00,1.85,3.25,4.50,1.44,2.61,4.70,10.50,2.18,1.61,Stade de l'Amitié
1774627200,Mar 27 2026 - 4:00pm,complete,N/A,Kenya,Estonia,Georges Gatogato,N/A,0.00,0.00,2.00,0.50,1,1,2,1,0,1,"51","21",5,1,1,0,0,0,1,0,0,0,9,4,5,1,4,3,-1,-1,61,39,0.00,0.00,1.58,0.72,0.00,0,0,0,0,0,0,0,0,0,0.00,0.00,2.30,3.10,3.10,1.47,2.40,0.00,0.00,0.00,0.00,Nyayo National Stadium
1774629000,Mar 27 2026 - 4:30pm,complete,31625,Russia,Nicaragua,Abdurashid Khudoyberganov,N/A,0.00,0.00,2.00,0.33,3,1,4,3,2,1,"3,45'3,83","16",6,3,1,0,1,1,0,1,1,1,23,5,7,1,16,4,7,8,67,33,0.00,0.00,2.32,0.51,0.00,0,0,0,0,0,0,0,0,0,0.00,0.00,1.02,18.00,46.00,1.05,1.27,1.84,2.54,3.74,1.23,Stadion FK Krasnodar
1774630800,Mar 27 2026 - 5:00pm,complete,40200,Austria,Ghana,Mohammed Al Hoaish,N/A,0.00,0.00,3.00,0.25,5,1,6,1,1,0,"12,59,51,79,90'2","77",5,3,1,0,2,0,0,1,1,1,11,5,7,1,4,4,17,6,60,40,0.00,0.00,1.49,0.56,0.00,0,0,0,0,0,0,0,0,0,0.00,0.00,1.46,3.85,5.30,1.22,1.89,2.92,6.02,1.83,1.87,Ernst-Happel-Stadion
1774630800,Mar 27 2026 - 5:00pm,complete,N/A,Montenegro,Andorra,Enea Jorgji,N/A,0.00,0.00,1.75,0.80,2,0,2,1,1,0,"41,80","",9,1,0,0,1,0,0,0,1,0,10,8,5,2,5,6,-1,-1,50,50,0.00,0.00,1.53,1.05,0.00,0,0,0,0,0,0,0,0,0,0.00,0.00,1.30,5.20,13.00,1.27,2.01,3.14,5.90,2.53,1.46,Stadion Pod Goricom
1774630800,Mar 27 2026 - 5:00pm,complete,14000,South Africa,Panama,N/A,N/A,0.00,0.50,0.75,1.29,1,1,2,1,0,1,"48","23",5,1,1,0,2,0,1,0,1,1,12,3,5,2,7,1,12,16,64,36,0.00,0.37,1.43,0.41,0.75,25,25,0,0,0,0,25,0,50,0.50,2.00,2.20,3.20,3.40,1.36,2.33,4.20,8.90,1.95,1.76,N/A
1774632600,Mar 27 2026 - 5:30pm,complete,25000,Saudi Arabia,Egypt,Abdulla Ali Al-Marri,N/A,0.00,0.00,0.80,1.75,0,4,4,3,0,3,"","16,4,44,56",4,1,2,0,0,0,1,1,0,0,7,13,0,8,7,5,12,12,61,39,0.00,0.00,1.25,2.03,0.00,0,0,0,0,0,0,0,0,0,0.00,0.00,3.00,3.00,2.51,1.40,2.48,4.40,9.10,1.97,1.75,King Abdullah Sports City
1774632600,Mar 27 2026 - 5:30pm,complete,N/A,Jordan,Costa Rica,Kadir Sağlam,N/A,0.00,0.00,0.50,0.25,2,2,4,0,0,0,"76,50","84,90'1",7,2,2,0,2,0,0,2,1,1,6,4,3,3,3,1,-1,-1,49,51,0.00,0.00,1.08,0.94,0.00,0,0,0,0,0,0,0,0,0,0.00,0.00,2.85,3.15,2.45,1.34,2.29,3.80,7.60,1.85,1.86,N/A
1774634400,Mar 27 2026 - 6:00pm,complete,N/A,Libya,Niger,N/A,N/A,0.00,0.00,1.00,0.50,0,0,0,0,0,0,"","",4,4,-1,-1,-1,-1,-1,-1,-1,-1,10,8,2,3,8,5,-1,-1,54,46,0.00,0.00,1.01,0.90,0.00,0,0,0,0,0,0,0,0,0,0.00,0.00,2.05,3.10,3.70,1.45,2.61,5.06,9.00,2.11,1.65,Stade Mohamed V
1774638000,Mar 27 2026 - 7:00pm,complete,N/A,Greece,Paraguay,Daniele Chiffi,N/A,0.00,0.00,0.50,2.00,0,1,1,0,0,0,"","52",6,3,1,0,0,0,0,1,0,0,12,9,3,3,9,6,9,12,58,42,0.00,0.00,1.44,1.01,0.00,0,0,0,0,0,0,0,0,0,0.00,0.00,1.90,3.10,3.50,1.32,2.08,3.75,6.25,1.86,1.84,Stadio Georgios Karaiskáki
1774638000,Mar 27 2026 - 7:00pm,complete,N/A,Rwanda,Grenada,N/A,N/A,0.00,0.00,3.00,0.00,4,0,4,2,2,0,"45'2,45'6,69,83","",4,6,-1,-1,-1,-1,-1,-1,-1,-1,17,2,7,1,10,1,-1,-1,53,47,0.00,0.40,2.26,0.56,0.50,0,0,0,0,0,0,0,0,50,1.00,-1.00,1.58,3.90,6.50,0.00,2.15,0.00,0.00,0.00,0.00,Stade Régional de Nyamirambo
1774638000,Mar 27 2026 - 7:00pm,complete,N/A,Guyana,Dominica,Patrick Senecharles,N/A,0.00,0.00,3.00,1.50,2,0,2,2,2,0,"33,8","",-1,-1,-1,-1,-1,-1,-1,-1,-1,-1,-1,-1,-1,-1,-1,-1,-1,-1,-1,-1,0.00,0.00,0.00,0.00,0.00,0,0,0,0,0,0,0,0,0,0.00,0.00,1.44,4.80,6.75,0.00,1.60,0.00,0.00,0.00,0.00,N/A
1774639800,Mar 27 2026 - 7:30pm,complete,N/A,Algeria,Guatemala,Andrea Colombo,N/A,0.00,0.00,2.50,0.00,7,0,7,3,3,0,"19,47,31,45'1,76,82,60","",8,4,0,0,0,0,0,0,0,0,25,5,9,3,16,2,9,6,63,37,0.00,0.00,2.76,0.67,0.50,0,0,0,0,0,0,0,0,50,5.00,1.00,1.30,4.70,8.40,1.28,2.07,3.70,6.60,2.68,1.41,Stadio Comunale Luigi Ferraris
1774640700,Mar 27 2026 - 7:45pm,complete,80581,England,Uruguay,Sven Jablonski,N/A,0.00,0.00,1.75,1.00,1,1,2,0,0,0,"81","90'4",7,0,1,0,2,0,0,1,0,2,13,9,5,1,8,8,7,12,54,46,0.00,0.00,1.55,0.85,0.00,0,0,0,0,0,0,0,0,0,0.00,0.00,1.47,3.65,5.60,1.27,1.98,3.50,6.70,1.95,1.75,Wembley Stadium
1774640700,Mar 27 2026 - 7:45pm,complete,50327,Netherlands,Norway,Lawrence Visser,N/A,0.00,0.00,1.75,1.25,2,1,3,2,1,1,"35,51","24",8,2,0,0,1,0,0,0,0,1,14,5,5,2,9,3,11,9,48,52,0.00,0.00,1.65,0.71,0.00,0,0,0,0,0,0,0,0,0,0.00,0.00,1.76,3.80,3.90,1.13,1.55,2.42,4.00,1.65,2.38,Johan Cruijff Arena
1774640700,Mar 27 2026 - 7:45pm,complete,34316,Switzerland,Germany,Chris Kavanagh,N/A,0.00,0.00,1.25,3.00,3,4,7,4,2,2,"41,79,17","45'2,26,85,61",0,10,0,0,0,0,0,0,0,0,7,22,3,9,4,13,6,12,46,54,0.00,0.00,0.83,2.54,0.00,0,0,0,0,0,0,0,0,0,0.00,0.00,2.78,3.60,2.15,1.20,1.70,2.60,4.50,1.53,2.30,St. Jakob-Park
1774641600,Mar 27 2026 - 8:00pm,complete,20482,Spain,Serbia,Luis Miguel Branco Godinho,N/A,0.00,0.00,2.00,0.75,3,0,3,2,2,0,"16,72,43","",5,1,0,0,0,0,0,0,0,0,14,2,8,2,6,0,12,8,71,29,0.00,0.00,1.97,0.40,0.00,0,0,0,0,0,0,0,0,0,0.00,0.00,1.17,8.00,17.00,1.06,1.36,1.95,2.94,1.99,1.73,Estadio de la Cerámica
1774642500,Mar 27 2026 - 8:15pm,complete,61622,Morocco,Ecuador,José Luis Munuera Montero,N/A,0.00,0.00,2.20,2.00,1,1,2,0,0,0,"88","48",2,1,1,0,0,0,0,1,0,0,12,8,3,2,9,6,15,17,53,47,0.00,0.00,1.25,0.84,0.00,0,0,0,0,0,0,0,0,0,0.00,0.00,2.69,2.75,3.11,1.61,2.87,5.50,11.00,2.15,1.62,Estadio Wanda Metropolitano
1774653300,Mar 27 2026 - 11:15pm,complete,45760,Argentina,Mauritania,Derlis Fabián López López,N/A,0.00,0.00,3.00,1.33,2,1,3,2,2,0,"32,17","90'4",4,2,1,0,1,0,0,1,1,0,7,11,4,4,3,7,19,11,64,36,0.00,0.00,1.11,1.15,0.00,0,0,0,0,0,0,0,0,0,0.00,0.00,1.01,16.00,60.00,1.03,1.10,1.42,1.90,4.50,1.25,Estadio Alberto José Armando
1774699200,Mar 28 2026 - 12:00pm,complete,N/A,Namibia,Comoros,N/A,N/A,0.00,0.00,0.50,1.00,0,0,0,0,0,0,"","",4,5,-1,-1,-1,-1,-1,-1,-1,-1,14,9,7,6,7,3,-1,-1,51,49,1.27,0.00,1.67,1.30,1.00,0,50,0,0,0,0,50,0,50,3.00,-1.00,2.80,3.10,2.75,0.00,2.40,0.00,0.00,0.00,0.00,N/A
1774702800,Mar 28 2026 - 1:00pm,complete,N/A,Zambia,Malawi,Keabetswe Dintwa,N/A,0.00,0.00,0.33,0.50,0,0,0,0,0,0,"","",-1,-1,-1,-1,-1,-1,-1,-1,-1,-1,-1,-1,-1,-1,-1,-1,-1,-1,-1,-1,0.00,0.00,0.00,0.00,0.00,0,0,0,0,0,0,0,0,0,0.00,0.00,0.00,0.00,0.00,0.00,0.00,0.00,0.00,0.00,0.00,Konkola Stadium
1774706400,Mar 28 2026 - 2:00pm,complete,5917,South Korea,Ivory Coast,Ian McNabb,N/A,0.00,0.00,1.50,3.00,0,4,4,2,0,2,"","45'1,35,62,90'3",7,5,0,0,0,0,0,0,0,0,12,13,2,8,10,5,9,7,51,49,0.00,0.00,1.20,1.64,0.00,0,0,0,0,0,0,0,0,0,0.00,0.00,2.90,3.25,2.45,1.31,2.18,3.58,7.30,1.82,1.88,Stadium mk
1774706400,Mar 28 2026 - 2:00pm,complete,N/A,Kyrgyzstan,Madagascar,N/A,N/A,0.00,0.00,0.50,1.33,2,5,7,4,0,4,"58,62","79,42,17,5,24",-1,-1,-1,-1,-1,-1,-1,-1,-1,-1,-1,-1,-1,-1,-1,-1,-1,-1,-1,-1,0.00,0.00,0.00,0.00,0.50,0,0,0,0,0,0,50,0,0,0.00,-1.00,3.64,3.20,1.91,0.00,0.00,0.00,0.00,0.00,0.00,Stadion im. Dolena Omurzakova
1774706400,Mar 28 2026 - 2:00pm,complete,N/A,San Marino,Faroe Islands,Kyriakos Athanasiou,N/A,0.00,0.00,0.25,3.00,1,2,3,2,1,1,"22","65,45'1",1,4,4,0,1,0,2,2,0,1,4,11,1,4,3,7,5,8,50,50,0.00,0.00,0.64,1.44,0.00,0,0,0,0,0,0,0,0,0,0.00,0.00,16.00,6.25,1.20,1.23,1.95,3.05,5.90,2.72,1.40,Stadio Olimpico di Serravalle
1774713600,Mar 28 2026 - 4:00pm,complete,70000,Senegal,Peru,Jérémie Pignard,N/A,0.00,0.00,1.75,1.00,2,0,2,1,1,0,"54,41","",7,6,1,0,1,0,0,1,1,0,12,7,6,2,6,5,9,10,60,40,0.00,0.00,1.48,0.86,0.00,0,0,0,0,0,0,0,0,0,0.00,0.00,1.47,4.10,7.03,1.27,2.00,3.28,6.60,2.13,1.64,Stade de France
1774713600,Mar 28 2026 - 4:00pm,complete,N/A,Botswana,Zimbabwe,N/A,N/A,0.00,0.00,1.50,2.25,0,3,3,3,0,3,"","24,45,33",-1,-1,-1,-1,-1,-1,-1,-1,-1,-1,-1,-1,-1,-1,-1,-1,-1,-1,-1,-1,0.00,0.00,0.00,0.00,0.00,0,0,0,0,0,0,0,0,0,0.00,0.00,0.00,0.00,0.00,0.00,0.00,0.00,0.00,0.00,0.00,N/A
1774717200,Mar 28 2026 - 5:00pm,complete,26328,Canada,Iceland,Jon Freemon,N/A,3.00,0.00,1.80,0.40,2,2,4,2,0,2,"67,75","9,21",8,1,0,1,2,0,0,1,1,1,15,4,5,3,10,1,12,17,56,44,0.00,0.68,1.79,0.60,2.50,0,50,50,50,0,50,50,50,100,14.00,3.00,1.37,4.00,5.90,1.22,1.85,3.05,5.90,1.92,1.79,N/A
1774717200,Mar 28 2026 - 5:00pm,complete,44644,Scotland,Japan,Shaun Evans,N/A,0.00,0.00,1.50,3.00,0,1,1,0,0,0,"","84",3,8,0,0,2,0,0,0,0,2,8,18,3,7,5,11,7,16,45,55,0.00,0.00,0.91,1.94,0.00,0,0,0,0,0,0,0,0,0,0.00,0.00,3.20,3.40,2.20,1.28,2.00,3.63,7.26,1.75,1.97,Hampden Park
1774717200,Mar 28 2026 - 5:00pm,complete,50252,Hungary,Slovenia,Rohit Saggi,N/A,0.00,0.00,2.50,1.00,1,0,1,0,0,0,"79","",9,1,1,0,3,0,0,1,1,2,16,5,6,2,10,3,10,14,52,48,0.00,0.00,1.70,0.65,0.00,0,0,0,0,0,0,0,0,0,0.00,0.00,1.74,3.40,4.60,1.33,2.18,3.95,7.50,1.95,1.74,N/A
1774720800,Mar 28 2026 - 6:00pm,complete,N/A,Burkina,Guinea-Bissau,N/A,N/A,0.00,0.00,1.25,0.50,5,0,5,2,2,0,"26,41,61,74,89","",4,1,-1,-1,-1,-1,-1,-1,-1,-1,15,4,11,3,4,1,-1,-1,50,50,0.00,0.00,2.01,0.59,0.00,0,0,0,0,0,0,0,0,0,0.00,0.00,1.40,4.58,8.20,1.25,2.00,3.14,6.10,2.15,1.63,Stade du 4 Août
1774726200,Mar 28 2026 - 7:30pm,complete,66867,USMNT,Belgium,Esteban Ostojich,N/A,0.00,0.00,0.75,2.50,2,5,7,2,1,1,"39,87","45,53,59,68,82",6,6,2,0,0,0,1,1,0,0,12,21,5,10,7,11,8,10,52,48,0.00,0.00,1.51,2.31,0.00,0,0,0,0,0,0,0,0,0,0.00,0.00,2.94,3.72,2.24,1.16,1.65,2.44,4.90,1.50,2.45,Mercedes-Benz Stadium
1774728000,Mar 28 2026 - 8:00pm,complete,N/A,American Samoa,Guam,N/A,N/A,0.00,0.00,0.00,0.75,0,6,6,0,0,0,"","",-1,-1,-1,-1,-1,-1,-1,-1,-1,-1,-1,-1,-1,-1,-1,-1,-1,-1,-1,-1,0.00,0.00,0.00,0.00,5.50,50,100,100,100,50,50,50,100,100,0.00,-2.00,0.00,0.00,0.00,0.00,0.00,0.00,0.00,0.00,0.00,N/A
1774742400,Mar 29 2026 - 12:00am,complete,N/A,Haiti,Tunisia,Pierre Luce Lauziere,N/A,0.00,0.00,1.00,1.00,0,1,1,1,0,1,"","7",7,3,3,1,2,0,2,2,0,2,9,7,2,3,7,4,-1,-1,67,33,0.00,0.00,1.27,1.07,0.00,0,0,0,0,0,0,0,0,0,0.00,0.00,4.20,3.30,1.77,1.47,2.35,4.64,8.50,2.05,1.69,N/A
1774742400,Mar 29 2026 - 12:00am,complete,N/A,Puerto Rico,US Virgin Islands,Randy Solano,N/A,3.00,3.00,2.00,1.50,2,0,2,0,0,0,"","",-1,-1,-1,-1,-1,-1,-1,-1,-1,-1,-1,-1,-1,-1,-1,-1,-1,-1,-1,-1,0.00,0.00,0.00,0.00,5.50,50,100,100,100,50,50,50,100,100,0.00,-2.00,0.00,0.00,0.00,0.00,0.00,0.00,0.00,0.00,0.00,Estadio Juán Rámon Loubriel
1774746000,Mar 29 2026 - 1:00am,complete,N/A,Mexico,Portugal,Walter Alexander López Castellanos,N/A,3.00,0.00,2.50,2.50,0,0,0,0,0,0,"","",0,4,1,0,1,0,0,1,0,1,7,10,1,2,6,8,12,9,33,67,1.52,0.00,0.71,1.24,1.00,0,17,17,17,0,17,17,17,50,7.00,2.67,4.20,3.50,1.75,1.23,1.80,2.94,6.32,1.72,2.01,Estadio Azteca
1774789200,Mar 29 2026 - 1:00pm,complete,N/A,Lithuania,Georgia,Vitālijs Spasjoņņikovs,N/A,3.00,1.00,1.50,2.00,0,2,2,0,0,0,"","84,70",7,4,4,1,1,0,1,4,1,0,10,10,3,5,7,5,13,21,50,50,1.35,1.06,1.20,1.33,3.00,50,100,50,50,0,0,100,50,100,13.00,3.00,5.50,3.75,1.57,1.36,2.05,3.80,7.10,1.90,1.80,S. Dariaus ir S. Gireno stadionas
1774789200,Mar 29 2026 - 1:00pm,complete,N/A,Macau,Tanzania,N/A,N/A,0.00,0.00,0.00,1.50,0,6,6,3,0,3,"","16,26,45,56,74,87",1,9,-1,-1,-1,-1,-1,-1,-1,-1,1,27,0,10,1,17,-1,-1,26,74,0.92,1.97,0.25,3.52,3.00,50,50,50,50,50,50,50,50,100,7.00,-1.00,26.84,8.37,1.01,0.00,1.16,0.00,0.00,0.00,0.00,Stade Régional de Nyamirambo
1774792800,Mar 29 2026 - 2:00pm,complete,N/A,Armenia,Belarus,N/A,N/A,0.00,3.00,0.67,2.50,1,2,3,1,0,1,"88","8,72",11,5,3,0,6,0,0,3,3,3,13,8,4,4,9,4,9,15,50,50,0.00,1.32,1.81,1.23,0.50,0,0,0,0,0,0,50,0,0,4.00,4.00,1.94,3.10,3.40,1.36,2.17,3.85,7.70,1.88,1.82,Vazgen Sargsyan anvan Hanrapetakan Marzadasht
1774800000,Mar 29 2026 - 4:00pm,complete,N/A,Aruba,Liechtenstein,N/A,N/A,3.00,3.00,2.00,0.75,4,1,5,2,2,0,"18,25,69,90'4","53",3,5,-1,-1,-1,-1,-1,-1,-1,-1,11,11,5,2,6,9,-1,-1,52,48,2.18,0.66,1.66,1.44,3.00,50,50,50,50,50,50,50,50,100,6.00,0.00,3.90,3.40,1.95,0.00,2.35,0.00,0.00,0.00,0.00,Stade Régional de Nyamirambo
1774810800,Mar 29 2026 - 7:00pm,complete,60734,Colombia,France,Víctor Rivas,N/A,0.00,3.00,1.50,2.25,1,3,4,2,0,2,"77","41,29,56",9,5,1,0,3,0,0,1,1,2,13,14,5,5,8,9,13,14,45,55,1.70,0.99,1.53,1.52,3.00,100,100,100,0,0,50,100,50,50,8.00,5.00,4.93,3.89,1.67,1.21,1.81,2.73,5.00,1.70,2.03,Morumbí
1774814400,Mar 29 2026 - 8:00pm,complete,N/A,Barbados,St. Vincent / Grenadines,Evens Julmis,N/A,0.00,0.00,0.00,3.00,2,3,5,2,0,2,"60,51","39,28,80",6,2,-1,-1,-1,-1,-1,-1,-1,-1,10,7,6,3,4,4,-1,-1,52,48,0.00,0.00,1.40,0.99,0.00,0,0,0,0,0,0,0,0,0,0.00,0.00,2.96,3.76,2.16,0.00,1.66,0.00,0.00,0.00,0.00,Barbados National Stadium
1774819800,Mar 29 2026 - 9:30pm,complete,N/A,British Virgin Islands,Anguilla,N/A,N/A,1.00,3.00,1.33,1.00,4,0,4,3,3,0,"6,31,39,78","",6,0,-1,-1,-1,-1,-1,-1,-1,-1,4,4,4,1,0,3,-1,-1,72,28,0.00,0.00,0.94,0.67,3.00,100,100,50,50,0,100,100,50,50,10.00,-2.00,2.10,3.35,3.05,0.00,2.05,0.00,0.00,0.00,0.00,N/A
1774821600,Mar 29 2026 - 10:00pm,complete,N/A,Dominican Republic,Cuba,Roger Meléndez,N/A,1.00,0.00,0.67,1.00,1,1,2,0,0,0,"53","50",4,3,-1,-1,-1,-1,-1,-1,-1,-1,9,6,4,4,5,2,-1,-1,50,50,2.06,0.00,1.32,0.97,2.00,50,50,50,50,0,0,50,50,50,7.00,0.00,1.28,5.75,10.00,0.00,1.80,0.00,0.00,0.00,0.00,N/A
1774828800,Mar 30 2026 - 12:00am,complete,N/A,Cayman Islands,Bahamas,N/A,N/A,1.00,0.00,1.33,0.00,1,0,1,0,0,0,"59","",5,2,-1,-1,-1,-1,-1,-1,-1,-1,1,0,1,0,0,0,-1,-1,50,50,0.00,0.00,0.00,0.00,3.00,100,100,50,50,0,100,100,50,50,3.00,-2.00,1.40,5.00,7.00,0.00,1.60,0.00,0.00,0.00,0.00,N/A
1774839600,Mar 30 2026 - 3:00am,complete,N/A,Cape Verde Islands,Finland,Anna-Marie Keighley,N/A,0.00,3.00,1.75,1.00,1,1,2,1,0,1,"67","45'4",8,6,2,0,0,0,1,1,0,0,15,12,3,6,12,6,13,9,52,48,1.05,1.11,1.45,1.50,4.00,50,100,50,50,50,50,100,50,100,10.00,2.00,2.65,3.25,2.38,0.00,2.15,0.00,0.00,0.00,0.00,N/A
1774850400,Mar 30 2026 - 6:00am,complete,N/A,New Zealand,Chile,Jack Morgan,N/A,0.00,3.00,0.75,1.00,4,1,5,2,2,0,"32,40,60,71","83",7,2,0,0,0,1,0,0,1,0,12,5,7,4,5,1,8,8,62,38,1.07,1.24,1.50,0.76,4.00,50,100,50,50,50,50,100,50,100,3.00,0.00,4.92,3.55,1.85,0.00,2.15,0.00,0.00,0.00,0.00,N/A
1774859400,Mar 30 2026 - 8:30am,complete,N/A,St. Kitts and Nevis,Solomon Islands,N/A,N/A,0.00,0.00,1.50,1.00,4,2,6,3,2,1,"30,43,75,87","36,85",2,3,-1,-1,-1,-1,-1,-1,-1,-1,12,16,6,10,6,6,-1,-1,42,58,0.22,1.02,1.55,2.10,8.00,50,100,100,100,50,50,50,50,50,9.00,-2.00,0.00,0.00,0.00,0.00,0.00,0.00,0.00,0.00,0.00,Patriot Chandrabhaga Stadium
1774864800,Mar 30 2026 - 10:00am,complete,N/A,Gabon,Trinidad and Tobago,Ilgiz Tantashev,N/A,0.00,0.00,0.50,0.20,2,2,4,1,1,0,"33,54","90,53",10,5,-1,-1,-1,-1,-1,-1,-1,-1,10,15,5,5,5,10,-1,-1,50,50,1.50,0.43,1.51,1.80,4.00,75,100,100,75,25,25,25,25,50,8.50,-1.00,1.95,3.65,3.95,0.00,1.85,0.00,0.00,0.00,0.00,Hasely Crawford Stadium
1774875600,Mar 30 2026 - 1:00pm,complete,24174,Indonesia,Bulgaria,Muhammad Nazmi bin Nasaruddin,N/A,3.00,3.00,2.25,1.75,0,1,1,1,0,1,"","38",6,5,0,0,1,0,0,0,1,0,4,7,1,4,3,3,-1,-1,58,42,2.10,3.26,0.63,0.96,8.00,50,100,100,100,50,50,50,50,50,12.00,-2.00,2.45,2.95,2.62,0.00,1.85,0.00,0.00,0.00,0.00,Patriot Chandrabhaga Stadium
1774879200,Mar 30 2026 - 2:00pm,complete,29225,Uzbekistan,Venezuela,Mederbek Taichev,N/A,3.00,3.00,1.00,1.75,0,0,0,0,0,0,"","",9,0,0,0,1,0,0,0,1,0,7,7,3,1,4,6,-1,-1,50,50,2.10,1.98,1.16,0.82,4.50,100,100,100,100,50,0,0,50,50,20.00,-2.00,2.15,3.45,3.50,0.00,2.15,0.00,0.00,0.00,0.00,Milliy Stadion
1774879200,Mar 30 2026 - 2:00pm,complete,N/A,Grenada,Kenya,N/A,N/A,0.00,1.00,0.00,2.00,0,3,3,2,0,2,"","13,18,81",1,4,-1,-1,-1,-1,-1,-1,-1,-1,1,17,0,6,1,11,-1,-1,50,50,0.48,1.58,0.61,2.25,2.25,50,75,25,25,0,25,75,25,100,8.50,0.00,7.80,4.70,1.28,0.00,1.72,0.00,0.00,0.00,0.00,Stade Amahoro
1774882800,Mar 30 2026 - 3:00pm,complete,N/A,Azerbaijan,Sierra Leone,Asker Nadjafaliev,N/A,3.00,0.00,2.00,1.33,1,1,2,1,0,1,"72","28",3,3,0,0,0,0,0,0,0,0,7,7,2,2,5,5,5,13,59,41,2.35,0.00,1.04,0.82,3.50,50,50,50,50,50,50,50,50,50,10.00,0.00,1.59,3.55,4.66,0.00,2.35,0.00,0.00,0.00,0.00,Bakı Olimpiya Stadionu
1774886400,Mar 30 2026 - 4:00pm,complete,N/A,Cyprus,Moldova,Marian Alexandru Barbu,N/A,0.00,0.00,1.75,0.50,3,2,5,3,3,0,"5,30,44","56,88",4,1,1,0,1,0,0,1,0,1,12,5,6,4,6,1,-1,-1,50,50,1.15,1.04,1.53,0.92,1.50,0,50,0,0,0,0,100,0,50,8.00,3.00,1.53,3.95,6.50,1.29,2.01,3.05,5.95,2.01,1.72,N/A
1774891800,Mar 30 2026 - 5:30pm,complete,N/A,Rwanda,Estonia,Ahmed Hassan Hussein,N/A,3.00,1.00,3.00,0.50,2,0,2,1,1,0,"30,51","",3,5,1,0,0,0,1,0,0,0,4,5,2,1,2,4,-1,-1,47,53,2.26,0.72,0.84,1.09,3.00,50,100,50,50,0,50,100,50,100,5.00,-1.00,1.56,3.35,5.10,0.00,2.50,0.00,0.00,0.00,0.00,N/A
1774896300,Mar 30 2026 - 6:45pm,complete,52723,Germany,Ghana,Stuart Attwell,N/A,3.00,0.00,3.00,0.25,2,1,3,1,1,0,"88,45'3","70",9,4,1,0,3,0,0,1,1,2,23,6,6,1,17,5,8,10,69,31,2.54,0.56,2.50,0.60,6.50,100,100,100,100,100,50,100,100,100,13.00,2.00,1.19,8.50,13.00,1.10,1.33,1.88,2.88,1.90,1.88,Mercedes-Benz-Arena
1774902600,Mar 30 2026 - 8:30pm,complete,N/A,Guyana,Belize,N/A,N/A,3.00,0.00,3.00,0.00,3,1,4,3,2,1,"2,22,90'3","8",5,3,-1,-1,-1,-1,-1,-1,-1,-1,8,11,4,3,4,8,-1,-1,50,50,0.00,0.00,0.99,1.18,1.00,0,50,0,0,0,50,50,0,0,0.00,-1.00,1.50,4.34,5.25,0.00,1.70,0.00,0.00,0.00,0.00,N/A
1774936800,Mar 31 2026 - 6:00am,complete,N/A,Cameroon,China,Alireza Faghani,N/A,0.00,3.00,1.50,1.75,2,0,2,2,2,0,"3,9","",5,5,3,1,2,0,0,4,0,2,17,6,6,1,11,5,14,13,58,42,0.73,1.30,1.55,0.50,1.50,0,50,0,0,0,0,0,0,50,7.00,0.00,1.36,3.95,6.50,0.00,1.90,0.00,0.00,0.00,0.00,Beijing National Stadium
1774947600,Mar 31 2026 - 9:00am,complete,N/A,Equatorial Guinea,Madagascar,N/A,N/A,3.00,3.00,2.00,1.33,1,1,2,1,1,0,"45'3","62",-1,-1,-1,-1,-1,-1,-1,-1,-1,-1,-1,-1,-1,-1,-1,-1,-1,-1,-1,-1,0.00,0.00,0.00,0.00,4.00,50,50,50,50,50,50,100,50,50,0.00,-2.00,2.63,3.00,2.50,1.33,2.22,3.72,7.10,1.84,1.86,N/A
1774948200,Mar 31 2026 - 9:10am,complete,16764,Australia,Curaçao,Andrew Madley,N/A,3.00,0.00,1.75,0.75,5,1,6,1,1,0,"67,80,84,71,23","50",1,2,0,0,0,0,0,0,0,0,11,7,6,4,5,3,18,7,47,53,0.94,0.75,1.31,0.97,1.50,0,50,0,0,0,0,0,0,50,7.00,0.00,1.32,5.00,8.50,0.00,2.00,0.00,0.00,0.00,0.00,N/A
1774958400,Mar 31 2026 - 12:00pm,canceled,5341,Kazakhstan,Comoros,N/A,N/A,3.00,1.00,1.33,1.00,0,0,0,0,0,0,"","",-1,-1,-1,-1,-1,-1,-1,-1,-1,-1,-1,-1,-1,-1,-1,-1,-1,-1,-1,-1,1.56,1.30,0.00,0.00,1.00,0,50,0,0,0,0,50,0,50,13.00,-2.00,1.85,3.40,4.20,0.00,2.40,0.00,0.00,0.00,0.00,Stadion Karasay
1774962000,Mar 31 2026 - 1:00pm,complete,N/A,Iran,Costa Rica,Cihan Aydın,N/A,0.00,1.00,2.25,0.25,5,0,5,4,4,0,"19,34,11,31,54","",3,3,1,0,4,0,0,1,2,2,3,3,1,0,2,3,0,0,50,50,0.00,0.94,0.48,0.46,3.50,100,100,100,50,0,0,50,100,100,4.00,4.00,1.95,3.10,3.80,1.36,2.33,3.98,8.10,1.95,1.76,Antalya Stadyumu
1774962000,Mar 31 2026 - 1:00pm,complete,N/A,Botswana,Malawi,N/A,N/A,0.00,1.00,1.50,0.50,1,0,1,0,0,0,"","",-1,-1,-1,-1,-1,-1,-1,-1,-1,-1,-1,-1,-1,-1,-1,-1,-1,-1,-1,-1,0.00,0.00,0.00,0.00,1.50,0,50,50,0,0,50,50,0,0,0.00,-2.00,0.00,0.00,0.00,1.38,2.43,4.40,8.60,1.95,1.76,N/A
1774969200,Mar 31 2026 - 3:00pm,complete,N/A,Liberia,Libya,N/A,N/A,0.00,1.00,1.00,1.00,2,2,4,2,0,2,"82,76","45'2,45",4,0,-1,-1,-1,-1,-1,-1,-1,-1,8,7,4,6,4,1,-1,-1,53,47,0.79,1.01,1.14,1.11,0.50,0,0,0,0,0,0,0,0,50,9.00,-2.00,3.70,2.69,2.27,1.45,2.70,4.80,9.30,2.15,1.68,Stade Mohamed V
1774969200,Mar 31 2026 - 3:00pm,complete,N/A,Niger,Togo,N/A,N/A,1.00,1.00,0.50,2.00,0,1,1,1,0,1,"","5",-1,-1,-1,-1,-1,-1,-1,-1,-1,-1,-1,-1,-1,-1,-1,-1,-1,-1,-1,-1,0.90,0.00,0.00,0.00,2.00,50,50,50,50,0,0,0,0,0,4.00,-2.00,0.00,0.00,0.00,1.66,2.63,5.85,11.50,2.24,1.58,Stade de l'Amitié
1774972800,Mar 31 2026 - 4:00pm,complete,23913,Norway,Switzerland,Jasper Vergoote,N/A,0.00,0.00,1.25,1.25,0,0,0,0,0,0,"","",4,2,0,0,0,0,0,0,0,0,5,10,1,1,4,9,5,8,44,56,0.71,0.83,0.63,1.02,5.00,100,100,100,50,50,100,100,50,100,2.00,1.00,1.95,3.70,3.20,1.13,1.64,2.40,4.00,1.50,2.44,Ullevaal Stadion
1774972800,Mar 31 2026 - 4:00pm,complete,4101,Serbia,Saudi Arabia,Balazs Berke,N/A,0.00,0.00,0.75,0.80,2,1,3,1,0,1,"66,70","8",10,1,0,0,2,0,0,0,2,0,23,3,10,1,13,2,11,8,59,41,0.40,1.25,2.70,0.39,3.50,0,100,100,50,0,100,100,0,100,5.00,2.00,1.43,4.10,6.90,1.19,1.72,2.70,5.15,1.92,1.79,N/A
1774972800,Mar 31 2026 - 4:00pm,complete,1500,Montenegro,Slovenia,Duje Strukan,N/A,3.00,0.00,1.75,1.00,2,3,5,3,2,1,"20,44","55,41,47",11,6,3,0,2,0,0,3,0,2,12,9,6,4,6,5,10,16,50,50,1.53,0.65,1.66,1.34,1.50,0,50,0,0,0,0,50,0,100,10.00,3.00,2.98,3.25,2.37,1.33,2.16,3.70,7.10,1.99,1.85,Stadion Pod Goricom
1774972800,Mar 31 2026 - 4:00pm,complete,N/A,San Marino,Andorra,Kyriakos Athanasiou,N/A,0.00,0.00,0.25,0.80,0,0,0,0,0,0,"","",5,8,3,0,3,0,2,1,2,1,13,13,4,3,9,10,12,17,50,50,0.64,1.05,1.57,1.49,2.50,50,100,50,0,0,50,100,0,100,2.00,5.00,6.00,3.35,1.66,1.51,2.69,5.25,9.50,2.49,1.48,Stadio Olimpico di Serravalle
1774972800,Mar 31 2026 - 4:00pm,complete,N/A,Zimbabwe,Zambia,N/A,N/A,3.00,1.00,2.25,0.33,1,0,1,0,0,0,"88","",-1,-1,-1,-1,-1,-1,-1,-1,-1,-1,-1,-1,-1,-1,-1,-1,-1,-1,-1,-1,0.00,0.00,0.00,0.00,1.50,0,50,50,0,0,50,50,0,0,0.00,-2.00,0.00,0.00,0.00,0.00,0.00,0.00,0.00,0.00,0.00,N/A
1774976400,Mar 31 2026 - 5:00pm,complete,58000,Hungary,Greece,Florian Badstübner,N/A,3.00,0.00,2.50,0.50,0,0,0,0,0,0,"","",3,8,1,0,2,0,0,1,0,2,12,10,3,3,9,7,11,15,48,52,1.70,1.44,1.27,1.14,1.00,0,0,0,0,0,0,0,0,100,15.00,2.00,2.55,3.30,2.64,1.33,2.01,3.65,7.20,1.77,1.98,N/A
1774976400,Mar 31 2026 - 5:00pm,complete,N/A,Russia,Mali,Rustam Lutfullin,N/A,3.00,0.00,2.00,0.50,0,0,0,0,0,0,"","",8,5,2,0,2,0,1,1,0,2,17,10,7,2,10,8,9,11,63,37,2.32,0.00,1.97,0.99,2.00,50,50,50,50,0,50,50,0,50,6.00,1.00,1.48,4.18,6.10,1.27,2.01,3.24,6.05,2.02,1.71,N/A
1774978200,Mar 31 2026 - 5:30pm,complete,N/A,Haiti,Iceland,Carly Shaw-MacLaren,N/A,0.00,0.50,1.00,0.40,1,1,2,0,0,0,"88","61",1,0,2,0,0,0,1,1,0,0,10,5,3,1,7,4,16,12,50,50,1.27,0.64,1.04,0.62,2.50,25,50,50,50,0,50,100,50,50,8.50,5.50,3.35,3.35,1.84,1.32,2.02,3.25,6.35,1.76,1.96,N/A
1774978200,Mar 31 2026 - 5:30pm,complete,55000,South Africa,Panama,N/A,N/A,1.00,0.67,0.75,1.29,1,2,3,0,0,0,"64","58,77",1,1,3,0,4,0,0,3,2,2,6,8,1,4,5,4,11,13,55,45,1.43,0.39,0.00,0.00,1.84,84,84,0,0,0,0,84,0,100,5.67,3.00,2.05,3.30,3.10,1.33,2.24,3.93,7.40,1.87,1.83,Cape Town Stadium
1774978200,Mar 31 2026 - 5:30pm,complete,N/A,Jordan,Nigeria,Atilla Karaoğlan,N/A,1.00,3.00,0.50,1.83,2,2,4,3,1,2,"77,17","41,25",9,6,2,0,2,1,0,2,0,3,8,8,4,4,4,4,0,2,-1,-1,1.08,0.00,1.05,0.99,3.50,100,100,100,50,0,0,50,100,100,8.00,2.00,4.92,3.60,1.67,1.25,1.95,3.08,5.95,1.83,1.80,Amman International Stadium
1774980000,Mar 31 2026 - 6:00pm,complete,38000,Morocco,Paraguay,Eric Wattellier,N/A,1.00,3.00,2.20,2.00,2,1,3,0,0,0,"48,53","88",1,3,3,0,6,0,2,1,2,4,6,11,4,7,2,4,8,11,62,38,1.25,1.01,0.95,1.50,1.50,50,50,0,0,0,0,0,50,100,5.00,1.00,1.91,3.40,4.20,1.42,2.25,3.98,8.50,2.01,1.72,Stade Bollaert-Delelis
1774980000,Mar 31 2026 - 6:00pm,complete,N/A,Guinea,Benin,N/A,N/A,1.00,3.00,0.33,1.75,0,1,1,1,0,1,"","33",8,2,-1,-1,-1,-1,-1,-1,-1,-1,7,5,4,1,3,4,-1,-1,50,50,0.00,1.44,1.11,0.62,2.50,50,50,50,50,0,0,0,0,50,3.00,-2.00,2.10,3.10,3.70,1.39,2.33,4.15,8.30,1.95,1.73,Stade Mohamed V
1774980000,Mar 31 2026 - 6:00pm,complete,N/A,Peru,Honduras,Guillermo Cuadra Fernández,N/A,0.00,0.00,1.00,0.50,2,2,4,2,1,1,"58,6","44,90'4",5,7,3,0,2,0,2,1,1,1,8,12,2,3,6,9,15,12,55,45,0.86,0.00,0.87,1.24,1.00,0,50,0,0,0,0,50,0,50,6.00,1.00,1.95,3.03,3.45,1.46,2.46,4.15,7.00,2.00,1.75,Estadio Municipal de Butarque
1774981800,Mar 31 2026 - 6:30pm,complete,33034,Ivory Coast,Scotland,Daniel Elder,N/A,3.00,0.00,3.00,1.50,1,0,1,1,1,0,"12","",5,7,0,0,0,0,0,0,0,0,12,14,3,4,9,10,9,9,53,47,1.64,0.91,0.00,0.00,2.50,0,50,50,50,0,50,50,50,100,8.00,0.00,2.05,3.05,3.15,1.36,1.95,3.70,7.60,1.73,1.87,N/A
1774981800,Mar 31 2026 - 6:30pm,complete,11000,Algeria,Uruguay,Luca Pairetto,N/A,3.00,1.00,2.50,1.00,0,0,0,0,0,0,"","",5,6,4,0,3,0,2,2,1,2,6,11,0,1,6,10,12,16,41,59,2.76,0.85,0.59,1.01,4.50,50,100,50,50,50,50,50,100,100,8.00,2.00,3.89,3.45,1.87,1.41,2.37,4.20,8.50,1.95,1.75,N/A
1774982700,Mar 31 2026 - 6:45pm,complete,79233,England,Japan,Nick Walsh,N/A,1.00,3.00,1.75,3.00,0,1,1,1,0,1,"","23",11,1,0,0,2,0,0,0,0,2,19,7,4,2,15,5,7,13,70,30,1.55,1.94,2.00,0.78,1.50,50,50,0,0,0,0,0,50,100,15.00,3.00,1.60,3.90,5.30,1.17,1.87,2.85,5.00,1.76,1.90,Wembley Stadium
1774982700,Mar 31 2026 - 6:45pm,complete,29344,Netherlands,Ecuador,N/A,N/A,3.00,1.00,1.75,2.00,1,1,2,2,1,1,"3","24",2,10,0,1,2,0,1,0,1,1,2,16,1,3,1,13,6,16,29,71,1.65,0.84,0.31,1.73,2.50,100,100,50,0,0,50,50,50,100,9.00,0.00,1.57,3.96,5.00,1.23,1.89,3.20,5.50,1.88,1.91,Philips Stadion
1774982700,Mar 31 2026 - 6:45pm,complete,35300,Austria,South Korea,Sander van der Eijk,N/A,3.00,0.00,3.00,1.50,1,0,1,0,0,0,"48","",4,6,1,0,0,0,1,0,0,0,5,11,1,2,4,9,11,9,55,45,1.49,1.20,0.63,1.07,5.00,50,100,100,100,50,50,100,100,100,12.00,1.00,1.55,4.33,5.25,1.17,1.74,2.56,4.90,1.74,1.98,Ernst-Happel-Stadion
1774982700,Mar 31 2026 - 6:45pm,complete,8043,Slovakia,Romania,N/A,N/A,0.00,0.00,2.33,1.33,2,0,2,1,1,0,"7,46","",6,6,0,0,0,0,0,0,0,0,11,9,6,4,5,5,6,11,50,50,0.00,0.00,1.52,1.18,0.00,0,0,0,0,0,0,0,0,0,0.00,0.00,2.21,3.25,3.25,1.42,2.37,4.37,8.00,1.95,1.85,Štadión Tehelné pole
1774982700,Mar 31 2026 - 6:45pm,complete,39560,Republic of Ireland,FYR Macedonia,Iwan Griffith,N/A,0.00,0.00,2.00,0.67,0,0,0,0,0,0,"","",8,1,0,0,1,0,0,0,0,1,15,3,3,1,12,2,4,9,56,44,0.00,0.00,1.63,0.41,0.00,0,0,0,0,0,0,0,0,0,0.00,0.00,1.56,3.95,5.50,1.28,1.90,3.04,5.60,1.77,1.80,Aviva Stadium
1774982700,Mar 31 2026 - 6:45pm,complete,33280,Wales,Northern Ireland,Robert Hennessy,N/A,0.00,0.00,0.67,1.33,1,1,2,1,0,1,"46","22",5,2,1,0,1,0,1,0,0,1,13,10,3,4,10,6,13,8,66,34,0.00,0.00,1.48,1.15,0.00,0,0,0,0,0,0,0,0,0,0.00,0.00,1.72,3.70,4.80,1.29,1.97,3.14,6.10,1.83,1.95,N/A
1774982700,Mar 31 2026 - 6:45pm,complete,N/A,Ukraine,Albania,Juan Martínez Munuera,N/A,0.00,0.00,3.00,0.00,1,0,1,0,0,0,"46","",3,3,1,0,0,0,0,1,0,0,19,3,6,1,13,2,11,3,-1,-1,0.00,0.00,1.96,0.44,0.00,0,0,0,0,0,0,0,0,0,0.00,0.00,2.29,3.30,3.10,1.30,2.05,3.54,5.71,1.84,1.89,Estadio Ciudad de Valencia
1774983600,Mar 31 2026 - 7:00pm,complete,35895,Spain,Egypt,Georgi Kabakov,N/A,3.00,3.00,2.00,1.75,0,0,0,0,0,0,"","",11,0,0,0,4,1,0,0,0,5,25,4,6,1,19,3,11,9,61,39,1.97,2.03,2.70,0.40,3.50,0,100,100,50,0,100,100,0,100,6.00,0.00,1.15,9.80,15.00,1.10,1.38,2.13,3.12,2.30,1.57,RCDE Stadium
1774983600,Mar 31 2026 - 7:00pm,complete,N/A,Senegal,Gambia,Abdel Aziz Mohamed Bouh,N/A,3.00,0.00,1.75,0.00,3,1,4,1,1,0,"45'4,47,90'5","51",6,5,1,0,1,0,0,1,1,0,18,13,9,4,9,9,-1,-1,50,50,1.48,0.00,2.27,1.73,1.00,0,50,0,0,0,0,50,0,50,7.00,1.00,1.14,9.20,19.88,1.18,1.65,2.65,4.35,2.93,1.35,Stade Léopold Sédar Senghor
1774983600,Mar 31 2026 - 7:00pm,complete,N/A,Burkina,Guinea-Bissau,N/A,N/A,3.00,0.00,1.25,0.50,1,1,2,0,0,0,"85","90'7",4,2,-1,-1,-1,-1,-1,-1,-1,-1,10,5,4,3,6,2,-1,-1,50,50,2.01,0.59,1.15,0.72,5.00,0,100,100,100,100,100,100,100,100,5.00,-2.00,1.24,5.50,9.29,1.20,1.83,2.74,4.80,2.28,1.56,Stade du 4 Août
1774998000,Mar 31 2026 - 11:00pm,complete,72297,USMNT,Portugal,Sven Jablonski,N/A,0.00,1.00,0.75,2.50,0,2,2,1,0,1,"","37,59",2,8,1,0,1,0,1,0,1,0,12,11,3,5,9,6,15,6,38,62,1.51,1.24,1.25,1.32,3.50,50,50,50,50,50,50,50,50,50,10.00,3.00,3.70,3.90,1.88,1.12,1.54,2.42,4.09,1.55,2.25,Mercedes-Benz Stadium
1774999800,Mar 31 2026 - 11:30pm,complete,50000,Argentina,Zambia,N/A,N/A,3.00,0.50,3.00,0.33,5,0,5,2,2,0,"4,43,50,68,90'4","",6,4,0,0,1,0,0,0,0,1,9,3,5,1,4,2,6,9,76,24,1.11,0.00,1.33,0.44,1.75,50,50,50,0,0,50,50,0,75,4.00,0.00,1.02,15.00,30.00,1.00,1.20,1.55,2.28,3.10,1.37,Estadio Alberto José Armando
1775001600,Apr 01 2026 - 12:00am,complete,46398,Brazil,Croatia,Armando Villarreal,N/A,0.00,3.00,2.25,1.50,3,1,4,1,1,0,"88,90'2,45'2","84",2,2,1,0,3,0,1,0,2,1,13,12,7,3,6,9,12,13,46,54,1.69,1.17,1.54,1.25,3.00,100,100,100,0,0,50,100,50,50,9.00,7.00,1.75,3.90,4.10,1.20,1.52,2.65,4.70,1.62,2.32,N/A
1775005200,Apr 01 2026 - 1:00am,complete,N/A,Mexico,Belgium,Rosendo Mendoza,N/A,2.50,3.00,2.50,2.50,1,1,2,1,1,0,"19","46",3,2,2,0,3,0,1,1,1,2,10,5,3,2,7,3,14,20,48,52,1.32,2.31,1.10,0.75,4.25,50,63,63,63,50,63,63,63,88,11.25,2.25,3.45,3.55,1.98,1.28,1.88,3.10,5.75,1.68,2.06,N/A
1775005200,Apr 01 2026 - 1:00am,complete,22624,Canada,Tunisia,Keylor Herrera,N/A,2.00,3.00,1.80,1.00,0,0,0,0,0,0,"","",9,1,4,0,2,0,1,3,1,1,14,4,6,2,8,2,16,14,58,42,1.79,1.07,1.96,0.73,1.75,25,25,25,25,0,25,75,25,50,13.00,4.00,1.62,3.70,5.40,1.30,1.95,3.20,6.05,1.95,1.87,N/A
1778947200,May 16 2026 - 4:00pm,complete,862,Republic of Ireland,Grenada,Seth Galia,N/A,1.00,0.00,2.00,0.00,5,0,5,0,0,0,"46,56,84,80,62","",12,1,0,0,1,0,0,0,0,1,37,2,14,0,23,2,12,9,56,44,1.63,0.53,3.72,0.31,1.34,0,34,34,17,0,34,34,17,50,10.67,-1.00,1.05,11.50,32.00,1.02,1.21,1.62,2.49,2.70,1.40,N/A
1779501600,May 23 2026 - 2:00am,complete,N/A,Mexico,Ghana,Selvin Brown,N/A,2.20,0.00,2.50,0.25,2,0,2,1,1,0,"2,54","",9,3,1,0,1,0,0,1,1,0,16,7,8,3,8,4,18,9,60,40,1.28,0.58,1.91,0.79,3.05,60,70,60,35,25,10,70,60,90,8.30,4.70,1.27,4.60,9.25,1.22,1.70,2.80,5.00,2.22,1.67,Estadio Cuauhtémoc
1779793200,May 26 2026 - 11:00am,complete,N/A,Morocco,Burundi,N/A,N/A,2.00,0.00,2.20,0.00,5,0,5,0,0,0,"59,63,71,80,90","",-1,-1,-1,-1,-1,-1,-1,-1,-1,-1,-1,-1,-1,-1,-1,-1,-1,-1,-1,-1,1.10,0.00,0.00,0.00,1.25,50,50,25,0,0,0,0,50,50,1.50,2.00,1.17,6.40,18.50,1.14,1.68,2.40,4.25,2.38,1.52,Stade Mohamed V
1779820200,May 26 2026 - 6:30pm,complete,27000,Nigeria,Zimbabwe,John Brooks,N/A,2.00,3.00,1.83,2.25,2,0,2,1,1,0,"5,63","",0,5,3,0,1,0,1,2,0,1,7,10,5,2,2,8,20,14,50,50,0.99,0.00,0.99,1.09,2.75,50,75,75,25,0,50,75,25,75,3.50,1.00,1.54,3.60,5.10,1.36,2.15,4.00,8.50,2.10,1.67,The Valley
1779906600,May 27 2026 - 6:30pm,complete,N/A,India,Jamaica,Darren England,N/A,0.00,3.00,0.25,1.75,0,2,2,0,0,0,"","",2,6,-1,-1,-1,-1,-1,-1,-1,-1,6,10,0,5,6,5,-1,-1,50,50,0.00,1.70,0.60,1.36,0.50,0,0,0,0,0,0,0,0,50,6.00,-1.00,6.50,4.40,1.46,1.25,1.92,3.11,5.96,2.05,1.73,The Valley
1779991200,May 28 2026 - 6:00pm,complete,35000,Egypt,Russia,Lahlou Benbraham,N/A,2.00,2.00,1.75,2.00,1,0,1,0,0,0,"65","",5,6,1,0,2,0,0,1,1,1,11,8,4,1,7,7,13,19,54,46,1.22,2.15,1.24,0.76,2.00,25,50,50,50,0,50,50,0,50,7.50,4.00,2.14,3.20,2.90,1.38,2.33,4.20,9.00,1.92,1.80,N/A
1779993900,May 28 2026 - 6:45pm,complete,28981,Republic of Ireland,Qatar,Jamie Robinson,N/A,2.00,0.00,2.00,0.50,1,0,1,1,1,0,"5","",7,3,0,1,0,1,1,0,0,1,11,8,3,1,8,7,9,16,52,48,2.67,0.00,1.30,0.79,1.25,0,25,25,25,25,0,0,25,25,10.00,0.00,1.48,3.80,6.00,1.26,1.90,3.25,5.60,2.00,1.73,Aviva Stadium
1780068600,May 29 2026 - 3:30pm,complete,N/A,Iran,Gambia,N/A,N/A,1.50,0.00,2.25,0.00,3,1,4,1,0,1,"47,59,68","42",-1,-1,-1,-1,-1,-1,-1,-1,-1,-1,-1,-1,-1,-1,-1,-1,-1,-1,-1,-1,0.48,1.73,0.00,0.00,4.00,75,100,100,75,25,25,100,75,100,7.50,2.50,1.42,4.10,6.40,1.27,2.02,3.14,7.00,2.01,1.72,N/A
1780070400,May 29 2026 - 4:00pm,complete,32000,South Africa,Nicaragua,N/A,N/A,0.50,0.00,0.75,0.33,0,0,0,0,0,0,"","",6,1,0,0,2,0,0,0,0,2,22,3,6,0,16,3,8,10,86,14,1.43,0.51,2.37,0.21,3.25,100,100,75,50,0,50,75,25,100,6.00,5.00,1.12,6.80,15.00,1.13,1.50,2.40,4.19,2.38,1.52,N/A
1780070400,May 29 2026 - 4:00pm,complete,N/A,Andorra,Iraq,N/A,N/A,0.50,0.00,0.80,1.33,0,1,1,1,0,1,"","20",2,3,4,0,0,0,1,3,0,0,5,7,2,5,3,2,14,12,50,50,1.27,0.00,0.62,1.14,0.50,0,25,0,0,0,0,25,0,25,4.50,2.00,1.32,4.76,11.50,1.35,2.27,3.75,8.50,2.72,1.40,Estadi Municipal de Montilivi
1780070400,May 29 2026 - 4:00pm,canceled,N/A,Lebanon,Sudan,N/A,N/A,0.00,0.00,0.00,0.00,0,0,0,0,0,0,"","",-1,-1,-1,-1,-1,-1,-1,-1,-1,-1,-1,-1,-1,-1,-1,-1,-1,-1,-1,-1,0.00,0.00,0.00,0.00,0.00,0,0,0,0,0,0,0,0,0,0.00,0.00,0.00,0.00,0.00,0.00,0.00,0.00,0.00,0.00,0.00,Camille Chamoun Sports City Stadium
1780079400,May 29 2026 - 6:30pm,complete,30000,Bosnia and Herzegovina,FYR Macedonia,N/A,N/A,0.00,1.00,1.00,0.67,0,0,0,0,0,0,"","",2,1,0,0,1,0,0,0,0,1,13,2,3,1,10,1,12,19,69,31,0.00,0.41,1.70,0.48,0.00,0,0,0,0,0,0,0,0,0,1.00,1.00,1.68,3.70,5.00,1.32,2.13,4.10,8.00,2.02,1.71,Olimpijski Stadion Asim Ferhatović Hase
1780142400,May 30 2026 - 12:00pm,complete,44433,Scotland,Curaçao,N/A,N/A,0.00,0.00,1.50,0.75,4,1,5,2,1,1,"59,64,81,45","17",8,2,2,0,2,1,0,2,2,1,18,9,11,3,7,6,17,11,67,33,0.91,0.86,2.44,0.94,2.50,25,50,25,25,25,0,50,25,50,8.00,0.00,1.20,6.00,12.00,1.17,1.57,2.35,4.33,2.43,1.70,Hampden Park
1780147800,May 30 2026 - 1:30pm,complete,N/A,Zimbabwe,India,N/A,N/A,2.00,0.00,2.25,0.25,1,0,1,1,1,0,"35","",5,1,0,0,0,0,0,0,0,0,6,5,2,1,4,4,8,11,50,50,1.09,0.60,0.93,0.69,2.00,0,84,17,0,0,17,34,0,34,7.00,-1.33,6.48,4.00,1.44,1.36,2.16,3.58,8.00,2.10,1.57,The Valley
1780165800,May 30 2026 - 6:30pm,complete,N/A,Jamaica,Nigeria,N/A,N/A,3.00,2.33,1.75,1.83,0,3,3,0,0,0,"","",-1,-1,-1,-1,-1,-1,-1,-1,-1,-1,-1,-1,-1,-1,-1,-1,-1,-1,-1,-1,1.53,0.99,0.00,0.00,2.25,34,75,34,17,0,17,50,17,75,8.33,1.33,0.00,0.00,0.00,0.00,0.00,0.00,0.00,0.00,0.00,The Valley
1780185600,May 31 2026 - 12:00am,complete,N/A,Ecuador,Saudi Arabia,N/A,N/A,1.00,0.00,2.00,0.80,2,1,3,1,1,0,"35,51","87",2,2,1,0,1,0,1,0,0,1,11,12,6,2,5,10,16,11,42,58,1.28,0.82,1.31,1.10,2.75,75,100,50,25,0,50,75,50,75,8.00,3.00,1.44,4.20,7.50,1.42,2.31,3.70,8.30,2.45,1.50,Estadio Olímpico Atahualpa
1780189200,May 31 2026 - 1:00am,complete,N/A,South Korea,Trinidad and Tobago,N/A,N/A,0.00,0.33,1.50,0.20,5,0,5,2,2,0,"43,40,77,75,65","",7,1,1,0,3,0,1,0,0,3,19,2,11,1,8,1,13,8,72,28,1.13,0.88,2.45,0.24,3.25,34,75,75,59,17,42,59,59,100,9.83,-0.33,1.05,8.80,45.00,1.11,1.15,1.34,1.90,2.15,1.58,Seoul World Cup Stadium
1780192800,May 31 2026 - 2:00am,complete,N/A,Mexico,Australia,N/A,N/A,2.33,3.00,2.50,1.75,1,0,1,1,1,0,"28","",5,3,1,0,1,0,0,1,1,0,13,7,3,1,10,6,7,10,60,40,1.38,1.13,1.28,0.70,2.59,34,50,34,34,25,9,50,34,92,7.50,2.00,1.65,3.70,4.60,1.26,1.87,3.12,6.50,1.87,1.83,N/A
1780223100,May 31 2026 - 10:25am,complete,62212,Japan,Iceland,N/A,N/A,3.00,0.67,3.00,0.40,1,0,1,0,0,0,"87","",5,1,0,0,3,0,0,0,1,2,15,9,7,2,8,7,11,9,55,45,1.36,0.63,1.80,0.85,2.17,34,50,34,34,0,34,59,50,75,5.50,3.00,1.15,6.80,13.00,1.12,1.45,2.10,3.20,2.00,1.68,N/A
1780227000,May 31 2026 - 11:30am,complete,N/A,Singapore,Mongolia,N/A,N/A,0.00,0.00,1.50,0.00,4,0,4,2,2,0,"22,38,58,87","",4,3,0,0,0,0,0,0,0,0,14,3,9,0,5,3,9,5,63,37,0.00,0.00,1.94,0.33,0.00,0,0,0,0,0,0,0,0,0,0.00,0.00,1.15,11.00,15.00,1.07,1.36,1.95,3.05,2.25,1.55,Bishan Stadium
1780232400,May 31 2026 - 1:00pm,complete,13380,Switzerland,Jordan,N/A,N/A,0.50,1.00,1.25,0.50,4,1,5,3,3,0,"33,28,45'9,79","52",6,4,0,0,0,0,0,0,0,0,19,12,10,4,9,8,10,11,69,31,0.93,1.06,2.29,1.22,3.75,75,75,75,75,25,50,50,50,75,9.00,2.00,1.20,5.75,9.20,1.18,1.66,2.40,4.00,2.18,1.61,Kybunpark
1780236000,May 31 2026 - 2:00pm,complete,N/A,Czech Republic,Kosovo,N/A,N/A,0.00,0.00,3.00,1.50,2,1,3,2,2,0,"12,32","80",5,2,0,0,1,0,0,0,0,1,9,7,6,4,3,3,13,15,55,45,0.00,0.00,1.41,1.18,0.00,0,0,0,0,0,0,0,0,0,0.00,0.00,1.64,3.55,4.30,1.28,2.00,3.50,7.50,1.93,1.76,Generali Arena
1780239600,May 31 2026 - 3:00pm,complete,N/A,Cape Verde Islands,Serbia,N/A,N/A,0.50,1.50,1.75,0.75,3,0,3,1,1,0,"63,59,11","",3,5,3,0,3,0,2,1,1,2,10,9,5,1,5,8,10,14,55,45,1.25,1.55,1.13,1.00,3.50,75,100,75,25,25,50,100,50,100,11.00,2.00,2.80,3.40,2.30,1.29,2.00,3.55,7.00,1.74,2.00,N/A
1780241400,May 31 2026 - 3:30pm,complete,37904,Poland,Ukraine,N/A,N/A,0.00,3.00,0.50,3.00,0,2,2,2,0,2,"","44,34",6,6,0,0,2,0,0,0,0,2,12,6,2,4,10,2,5,11,47,53,0.00,1.96,1.42,1.01,0.50,0,0,0,0,0,0,0,0,50,3.00,1.00,1.97,3.23,3.60,1.33,2.07,3.80,6.50,1.81,1.90,N/A
1780253100,May 31 2026 - 6:45pm,complete,25122,Germany,Finland,N/A,N/A,3.00,2.00,3.00,1.00,4,0,4,1,1,0,"48,34,57,63","",10,3,0,0,0,0,0,0,0,0,22,8,12,0,10,8,12,6,65,35,2.52,1.31,2.78,0.69,3.50,75,100,50,25,25,25,100,50,100,16.00,0.50,1.13,7.90,15.00,1.07,1.24,1.70,2.26,1.87,1.84,N/A
1780255800,May 31 2026 - 7:30pm,complete,57741,USMNT,Senegal,N/A,N/A,0.00,3.00,0.75,1.75,3,2,5,3,2,1,"7,20,63","52,44",4,7,1,0,0,0,0,1,0,0,17,7,5,3,12,4,21,9,47,53,1.38,1.87,1.78,0.89,3.75,50,100,50,50,25,25,100,50,100,10.50,2.50,2.75,3.52,2.55,1.35,1.95,3.50,7.50,1.70,1.91,N/A
1780263000,May 31 2026 - 9:30pm,complete,72140,Brazil,Panama,N/A,N/A,1.50,1.25,2.25,1.29,6,2,8,3,2,1,"2,39,53,60,63,81","14,83",1,1,0,0,1,0,0,0,1,0,20,16,12,9,8,7,14,5,55,45,1.61,0.39,2.32,1.84,2.75,88,88,63,25,0,0,75,63,100,4.25,5.00,1.07,9.00,17.00,1.12,1.38,2.00,3.25,2.43,1.50,N/A
1780272000,Jun 01 2026 - 12:00am,canceled,N/A,Tajikistan,Palestine,N/A,N/A,0.00,0.00,1.33,1.00,0,0,0,0,0,0,"","",-1,-1,-1,-1,-1,-1,-1,-1,-1,-1,-1,-1,-1,-1,-1,-1,-1,-1,-1,-1,0.00,0.00,0.00,0.00,0.00,0,0,0,0,0,0,0,0,0,0.00,0.00,0.00,0.00,0.00,0.00,0.00,0.00,0.00,0.00,0.00,Respublikanskiy Stadion im. M.V. Frunze
1780329600,Jun 01 2026 - 4:00pm,complete,2323,Bulgaria,Montenegro,N/A,N/A,3.00,1.50,1.75,1.75,0,1,1,0,0,0,"","68",1,2,3,0,0,0,0,3,0,0,12,7,2,4,10,3,-1,-1,10,90,2.11,1.60,1.37,0.94,5.00,50,75,50,50,50,25,75,25,50,16.00,1.50,2.88,3.20,2.45,1.40,2.30,4.50,8.20,1.85,1.85,N/A
1780329600,Jun 01 2026 - 4:00pm,complete,5721,Slovakia,Malta,N/A,N/A,3.00,0.00,2.33,1.50,2,1,3,2,1,1,"9,90'7","37",13,3,2,0,3,0,2,0,1,2,18,7,9,1,9,6,-1,-1,50,50,1.52,0.00,2.46,0.72,1.00,0,50,0,0,0,0,50,0,50,6.00,0.00,1.22,7.15,14.00,1.16,1.66,2.60,4.80,2.55,1.45,Štadión Antona Malatinského
1780329600,Jun 01 2026 - 4:00pm,complete,N/A,Maldives,Afghanistan,N/A,N/A,0.00,0.00,0.00,1.00,0,1,1,0,0,0,"","80",-1,-1,0,0,0,0,0,0,0,0,-1,-1,-1,-1,-1,-1,14,10,50,50,0.00,0.00,0.00,0.00,0.00,0,0,0,0,0,0,0,0,0,0.00,0.00,3.20,3.20,2.30,1.62,2.70,5.25,10.50,2.14,1.63,Rasmee Dhandu Stadium
1780333200,Jun 01 2026 - 5:00pm,complete,25178,Norway,Sweden,N/A,N/A,0.50,0.00,1.25,0.50,3,1,4,3,3,0,"8,18,37","76",6,1,0,0,1,0,0,0,0,1,22,9,7,5,15,4,6,6,55,45,0.67,0.00,2.44,1.13,0.75,25,25,25,0,0,25,25,0,25,3.00,0.50,1.66,3.90,4.45,1.25,1.86,3.12,6.07,1.73,2.00,Ullevaal Stadion
1780335000,Jun 01 2026 - 5:30pm,complete,33994,Turkey,FYR Macedonia,N/A,N/A,0.00,1.00,3.00,0.67,4,0,4,2,2,0,"2,16,53,70","",13,1,0,0,1,0,0,0,1,0,19,5,7,2,12,3,14,12,60,40,0.00,0.45,2.13,0.60,0.00,0,0,0,0,0,0,0,0,0,1.00,1.00,1.20,6.30,9.80,1.12,1.56,2.28,4.00,2.20,1.60,Ülker Stadyumu Fenerbahçe Şükrü Saracoğlu Spor Kompleksi
1780339500,Jun 01 2026 - 6:45pm,complete,35100,Austria,Tunisia,N/A,N/A,3.00,2.00,3.00,1.00,1,0,1,0,0,0,"63","",2,4,2,1,1,0,1,2,0,1,9,14,4,2,5,12,12,12,59,41,1.06,0.90,1.19,1.28,2.00,25,25,25,25,25,0,50,25,50,6.50,3.00,1.48,4.40,6.50,1.30,1.95,3.40,6.81,2.03,1.70,Ernst-Happel-Stadion
1780354800,Jun 01 2026 - 11:00pm,complete,11806,Colombia,Costa Rica,N/A,N/A,0.00,0.50,1.50,0.25,3,1,4,3,2,1,"17,23,81","33",5,4,2,0,2,0,1,1,1,1,14,9,6,4,8,5,12,12,69,31,1.61,0.70,1.62,1.06,4.00,75,100,100,75,25,75,75,50,75,10.00,3.50,1.17,7.50,16.50,1.11,1.48,2.23,4.10,2.30,1.60,Estadio Nemesio Camacho El Campín
1780362000,Jun 02 2026 - 1:00am,complete,46164,Canada,Uzbekistan,N/A,N/A,1.67,2.00,1.80,1.00,2,0,2,0,0,0,"58,90'1","",7,3,2,0,2,0,2,0,2,0,10,6,4,2,6,4,9,15,52,48,1.87,1.63,1.22,0.73,1.84,42,42,42,42,0,17,17,17,34,21.17,2.17,1.57,3.90,5.10,1.31,2.05,3.45,6.80,1.99,1.73,N/A
1780416000,Jun 02 2026 - 4:00pm,complete,7555,Croatia,Belgium,N/A,N/A,1.50,2.00,1.50,2.50,0,2,2,1,0,1,"","38,90'6",3,4,2,0,2,0,1,1,0,2,5,8,1,4,4,4,13,13,57,43,1.21,1.53,0.69,1.03,4.00,100,100,75,50,25,50,100,50,75,7.00,4.50,2.67,3.30,2.65,1.22,1.85,3.00,5.00,1.60,2.22,Stadion HNK Rijeka
1780419600,Jun 02 2026 - 5:00pm,complete,14702,Georgia,Romania,N/A,N/A,2.00,0.00,2.00,1.33,1,1,2,0,0,0,"46","55",5,6,2,0,4,0,0,2,1,3,14,5,4,1,10,4,-1,-1,50,50,1.20,1.18,1.70,0.90,2.50,25,100,25,25,0,0,75,50,100,11.00,1.00,2.14,3.25,3.25,1.27,2.00,3.80,7.10,1.70,1.90,Boris Paichadze Dinamo Arena
1780419600,Jun 02 2026 - 5:00pm,complete,50000,Morocco,Madagascar,N/A,N/A,2.33,2.00,2.20,1.33,4,0,4,2,2,0,"4,25,78,87","",12,1,2,0,2,1,0,2,2,1,20,2,9,1,11,1,12,12,70,30,1.10,0.00,2.64,0.26,3.92,84,100,59,42,42,25,50,75,100,1.50,0.00,1.10,10.50,25.00,1.13,1.37,2.04,3.53,2.40,1.45,Stade Prince Moulay Abdallah
1780425900,Jun 02 2026 - 6:45pm,complete,11806,Wales,Ghana,N/A,N/A,1.00,0.00,0.67,0.25,1,1,2,0,0,0,"90'3","66",5,4,0,0,2,0,0,0,1,1,18,11,3,5,15,6,7,13,66,34,1.48,0.65,1.77,1.22,2.84,84,100,34,17,17,0,100,34,100,8.33,3.00,2.30,3.20,2.85,1.41,2.28,4.19,8.00,1.93,1.88,N/A
1780446960,Jun 03 2026 - 12:36am,complete,N/A,Haiti,New Zealand,N/A,N/A,0.50,1.50,1.00,0.75,4,0,4,1,1,0,"12,51,62,87","",5,8,0,0,1,0,0,0,1,0,13,12,7,3,6,9,9,11,51,49,1.16,1.28,1.61,1.36,2.50,50,75,25,25,25,25,75,50,75,8.50,3.00,2.90,3.20,2.45,1.31,2.10,3.50,7.00,1.81,1.87,N/A
1780486200,Jun 03 2026 - 11:30am,complete,N/A,Philippines,Guam,N/A,N/A,0.00,1.50,3.00,0.75,5,1,6,3,3,0,"5,18,44,64,90'2","60",6,1,1,0,1,0,1,0,1,0,17,4,11,2,6,2,8,12,66,34,0.00,0.00,2.22,0.53,2.50,0,50,50,50,25,0,0,25,25,0.00,-1.00,1.06,13.50,29.00,1.08,1.25,2.01,2.83,2.98,1.34,The National Stadium
1780489800,Jun 03 2026 - 12:30pm,canceled,N/A,Kyrgyzstan,Kenya,N/A,N/A,0.00,2.00,0.50,2.00,0,0,0,0,0,0,"","",-1,-1,-1,-1,-1,-1,-1,-1,-1,-1,-1,-1,-1,-1,-1,-1,-1,-1,-1,-1,0.00,1.92,0.00,0.00,3.25,50,75,50,25,25,50,100,25,75,4.50,-1.00,0.00,0.00,0.00,0.00,0.00,0.00,0.00,0.00,0.00,Stadion im. Dolena Omurzakova
1780506000,Jun 03 2026 - 5:00pm,complete,N/A,Gibraltar,British Virgin Islands,N/A,N/A,0.00,2.00,2.33,1.33,4,0,4,3,3,0,"11,31,42,64","",2,3,0,0,2,0,0,0,2,0,18,1,9,1,9,0,13,11,50,50,0.00,0.94,2.40,0.55,1.50,25,50,25,25,0,50,50,0,25,7.00,-1.00,1.33,5.25,6.90,1.07,1.33,1.89,3.00,1.58,2.23,N/A
1780509600,Jun 03 2026 - 6:00pm,complete,23043,Congo DR,Denmark,N/A,N/A,3.00,0.00,2.00,1.00,0,0,0,0,0,0,"","",4,4,0,0,1,0,0,0,1,0,8,12,4,3,4,9,9,7,43,57,0.00,0.00,1.07,1.48,1.00,0,50,0,0,0,0,50,0,50,0.00,-1.00,5.75,3.98,1.58,1.33,2.14,3.85,8.50,2.14,1.62,Stade Maurice Dufrasne
1780509600,Jun 03 2026 - 6:00pm,complete,6600,Albania,Israel,N/A,N/A,0.00,1.00,0.00,2.00,0,1,1,0,0,0,"","73",7,2,1,0,1,0,0,1,0,1,13,11,0,3,13,8,7,8,59,41,0.44,1.32,1.20,1.10,2.50,50,50,50,50,0,0,50,50,100,10.00,1.00,2.50,3.15,2.85,1.30,2.00,3.34,6.75,1.74,2.00,N/A
1780512300,Jun 03 2026 - 6:45pm,complete,40306,Netherlands,Algeria,N/A,N/A,2.00,2.00,1.75,2.50,0,1,1,0,0,0,"","86",6,3,0,0,0,0,0,0,0,0,17,8,6,2,11,6,11,9,53,47,0.98,1.68,1.86,0.83,3.00,50,75,50,25,25,75,75,25,50,11.50,3.00,1.29,5.50,9.81,1.22,1.75,2.66,5.33,2.00,1.74,Stadion Feijenoord
1780512300,Jun 03 2026 - 6:45pm,complete,54408,Poland,Nigeria,N/A,N/A,0.00,2.50,0.50,1.83,2,2,4,2,1,1,"45'1,90'5","23,77",5,2,2,0,2,0,1,1,0,2,12,9,8,5,4,4,9,11,49,51,1.42,0.99,1.60,1.14,2.50,25,100,38,13,0,63,88,13,38,8.33,1.50,2.09,3.35,3.45,1.30,2.02,3.65,7.50,1.83,1.87,Stadion Narodowy
1780512300,Jun 03 2026 - 6:45pm,complete,9000,Luxembourg,Italy,N/A,N/A,0.00,0.00,1.50,3.00,0,1,1,0,0,0,"","49",4,7,1,0,1,0,0,1,0,1,9,15,1,3,8,12,13,10,48,52,0.00,0.00,0.82,1.43,0.00,0,0,0,0,0,0,0,0,0,0.00,0.00,7.00,4.05,1.45,1.26,2.00,3.10,6.00,2.00,1.73,Stade Josy Barthel
1780533900,Jun 04 2026 - 12:45am,complete,22000,Panama,Dominican Republic,N/A,N/A,1.00,1.00,1.29,0.67,4,2,6,2,2,0,"16,44,57,89","47,67",6,2,1,0,1,0,0,1,1,0,12,10,5,3,7,7,6,7,50,50,0.87,1.69,1.59,1.24,3.10,90,90,45,35,10,10,55,70,100,6.30,1.70,1.22,5.20,9.20,1.11,1.45,2.25,4.10,1.90,1.79,Estadio Rommel Fernández Gutiérrez
1780534800,Jun 04 2026 - 1:00am,complete,N/A,South Korea,El Salvador,N/A,N/A,1.00,1.00,1.50,0.67,1,0,1,0,0,0,"57","",8,2,4,0,1,0,1,3,1,0,15,3,7,0,8,3,19,22,72,28,1.57,0.86,1.81,0.37,3.67,50,84,84,84,17,34,84,84,100,8.67,0.33,1.42,3.20,19.00,0.00,1.36,0.00,0.00,0.00,0.00,Seoul World Cup Stadium
1780570800,Jun 04 2026 - 11:00am,complete,N/A,Maldives,Pakistan,N/A,N/A,0.00,0.00,0.00,3.00,0,3,3,0,0,0,"","54,84,87",2,7,0,0,0,0,0,0,0,0,8,8,3,4,5,4,9,15,41,59,0.00,0.00,0.98,1.14,0.50,0,0,0,0,0,0,0,0,50,0.00,0.00,2.20,3.00,3.17,0.00,2.25,0.00,0.00,0.00,0.00,Rasmee Dhandu Stadium
1780574400,Jun 04 2026 - 12:00pm,complete,N/A,Cambodia,Bhutan,N/A,N/A,0.00,0.00,3.00,0.00,4,0,4,2,2,0,"7,39,69,86","",11,2,0,0,0,0,0,0,0,0,4,0,4,0,0,0,3,5,67,33,0.00,0.00,0.00,0.00,0.00,0,0,0,0,0,0,0,0,0,0.00,0.00,1.13,6.30,12.00,0.00,1.47,0.00,0.00,0.00,0.00,N/A
1780578000,Jun 04 2026 - 1:00pm,complete,N/A,Lesotho,Kenya,N/A,N/A,0.00,2.00,0.50,2.00,1,1,2,1,0,1,"70","12",3,7,3,0,2,0,1,2,1,1,4,10,1,2,3,8,15,11,33,67,0.00,1.92,0.56,1.38,1.25,25,50,25,0,0,25,50,0,50,4.50,0.00,4.20,3.13,1.76,0.00,2.40,0.00,0.00,0.00,0.00,N/A
1780588800,Jun 04 2026 - 4:00pm,complete,N/A,Slovenia,Cyprus,N/A,N/A,1.50,1.50,1.00,1.75,1,1,2,1,0,1,"65","7",11,2,0,0,4,1,0,0,0,5,14,5,6,3,8,2,-1,-1,50,50,1.00,1.34,1.91,0.75,3.00,50,50,50,50,50,50,75,50,75,8.00,3.50,1.48,4.33,7.00,0.00,2.05,0.00,0.00,0.00,0.00,Stadion Stožice
1780588800,Jun 04 2026 - 4:00pm,complete,297,Northern Ireland,Guinea,N/A,N/A,1.00,0.50,1.33,0.33,1,0,1,1,1,0,"9","",1,9,1,1,1,0,0,2,0,1,9,15,4,6,5,9,11,15,40,60,1.15,1.11,1.02,1.74,2.25,75,75,25,25,0,0,75,0,50,10.00,0.00,2.25,3.10,3.35,0.00,2.70,0.00,0.00,0.00,0.00,Windsor Park
1780588800,Jun 04 2026 - 4:00pm,canceled,N/A,Equatorial Guinea,Burundi,N/A,N/A,2.00,0.00,2.00,0.00,0,0,0,0,0,0,"","",-1,-1,-1,-1,-1,-1,-1,-1,-1,-1,-1,-1,-1,-1,-1,-1,-1,-1,-1,-1,0.00,0.00,0.00,0.00,3.25,25,75,50,50,50,0,50,50,75,0.00,-2.00,1.80,3.00,4.75,1.57,2.50,5.54,15.00,2.40,1.58,N/A
1780590600,Jun 04 2026 - 4:30pm,complete,N/A,Iran,Mali,N/A,N/A,2.00,1.00,2.25,0.50,2,0,2,0,0,0,"","",-1,-1,-1,-1,-1,-1,-1,-1,-1,-1,-1,-1,-1,-1,-1,-1,-1,-1,-1,-1,0.48,0.99,0.00,0.00,2.00,34,50,50,34,17,17,50,34,50,7.50,2.67,0.00,0.00,0.00,0.00,0.00,0.00,0.00,0.00,0.00,N/A
1780592400,Jun 04 2026 - 5:00pm,complete,N/A,Andorra,Liechtenstein,N/A,N/A,0.33,1.50,0.80,0.75,2,0,2,0,0,0,"73,80","",6,2,2,0,0,0,1,1,0,0,9,0,1,0,8,0,11,11,50,50,1.05,1.05,1.07,0.21,2.00,25,42,25,25,25,25,59,25,67,7.67,2.67,1.50,3.50,6.10,0.00,2.87,0.00,0.00,0.00,0.00,Estadi Nacional
1780592400,Jun 04 2026 - 5:00pm,complete,39139,Sweden,Greece,N/A,N/A,0.00,0.50,0.50,0.50,2,2,4,1,0,1,"53,69","10,90'5",1,4,0,0,2,0,0,0,1,1,13,13,5,4,8,9,6,11,53,47,1.13,1.29,1.49,1.43,2.25,50,50,50,50,0,50,50,0,75,8.00,2.50,1.87,3.52,4.14,0.00,1.95,0.00,0.00,0.00,0.00,Friends Arena
1780599600,Jun 04 2026 - 7:00pm,complete,30423,Spain,Iraq,N/A,N/A,2.00,3.00,2.00,1.33,1,1,2,2,1,1,"16","27",5,3,2,0,2,0,2,0,0,2,13,3,4,2,9,1,8,10,66,34,2.33,1.14,1.53,0.46,1.25,0,25,25,0,0,25,75,0,25,11.00,0.00,1.01,23.00,44.00,0.00,1.25,1.65,0.00,0.00,0.00,Estadio Abanca-Riazor
1780600200,Jun 04 2026 - 7:10pm,complete,33636,France,Ivory Coast,N/A,N/A,3.00,3.00,2.25,3.00,1,2,3,1,1,0,"45","53,84",8,2,0,0,1,0,0,0,1,0,15,7,6,3,9,4,8,9,60,40,1.25,1.64,1.89,0.84,3.00,50,75,75,50,0,50,100,75,75,8.50,4.00,1.23,6.63,13.25,0.00,1.47,0.00,0.00,0.00,0.00,Stade de la Beaujoire - Louis Fonteneau
1780617600,Jun 05 2026 - 12:00am,complete,N/A,Czech Republic,Guatemala,N/A,N/A,3.00,0.00,3.00,0.00,3,1,4,2,1,1,"11,72,79","40",-1,-1,0,0,1,0,0,0,0,1,-1,-1,-1,-1,-1,-1,-1,-1,-1,-1,1.41,0.67,0.00,0.00,3.50,50,75,75,25,25,75,75,25,100,9.50,0.50,0.00,0.00,0.00,0.00,0.00,0.00,0.00,0.00,0.00,Estadio Nacional Mateo Flores
1780617600,Jun 05 2026 - 12:00am,canceled,N/A,Angola,Botswana,N/A,N/A,0.00,1.50,0.50,1.50,0,0,0,0,0,0,"","",-1,-1,-1,-1,-1,-1,-1,-1,-1,-1,-1,-1,-1,-1,-1,-1,-1,-1,-1,-1,0.00,0.00,0.00,0.00,1.00,0,25,25,0,0,25,25,0,0,0.00,-1.00,0.00,0.00,0.00,0.00,0.00,0.00,0.00,0.00,0.00,Stade Larbi Zaouli
1780617600,Jun 05 2026 - 12:00am,canceled,N/A,Liberia,Benin,N/A,N/A,0.50,3.00,1.00,1.75,0,0,0,0,0,0,"","",-1,-1,-1,-1,-1,-1,-1,-1,-1,-1,-1,-1,-1,-1,-1,-1,-1,-1,-1,-1,0.96,1.03,0.00,0.00,1.75,25,25,25,25,0,25,50,25,75,7.00,-2.00,0.00,0.00,0.00,0.00,0.00,0.00,0.00,0.00,0.00,N/A
1780624800,Jun 05 2026 - 2:00am,complete,N/A,Mexico,Serbia,N/A,N/A,2.43,1.00,2.50,0.75,5,1,6,3,2,1,"34,45'2,57,72,90","19",6,1,2,0,2,0,1,1,1,1,17,3,7,1,10,2,12,5,66,34,1.37,1.37,1.90,0.35,2.29,24,72,57,7,0,24,79,41,86,10.76,2.86,1.23,5.30,10.00,1.21,1.70,2.69,5.01,2.06,1.78,Estadio Nemesio Díez
1780659000,Jun 05 2026 - 11:30am,complete,N/A,Singapore,China,N/A,N/A,3.00,1.50,1.50,1.75,1,2,3,2,0,2,"76","16,41",4,10,1,0,2,0,0,1,0,2,8,11,2,3,6,8,9,16,60,40,1.94,0.90,0.94,1.35,3.00,0,100,50,50,0,75,75,50,50,8.00,1.00,4.20,3.60,1.64,0.00,1.80,0.00,0.00,0.00,0.00,Jalan Besar Stadium
1780660800,Jun 05 2026 - 12:00pm,complete,N/A,Hong Kong,Mongolia,N/A,N/A,0.00,0.00,1.50,0.00,2,0,2,1,1,0,"5,81","",5,0,1,0,1,0,1,0,1,0,13,3,6,0,7,3,19,14,69,31,0.00,0.33,1.68,0.43,2.00,0,50,50,50,0,50,50,50,50,3.00,0.00,1.05,15.00,26.00,0.00,1.25,0.00,0.00,0.00,0.00,Mong Kok Stadium
1780660800,Jun 05 2026 - 12:00pm,canceled,N/A,Tanzania,Uganda,N/A,N/A,1.50,0.00,1.50,0.00,0,0,0,0,0,0,"","",-1,-1,-1,-1,-1,-1,-1,-1,-1,-1,-1,-1,-1,-1,-1,-1,-1,-1,-1,-1,2.75,0.00,0.00,0.00,1.75,0,25,25,25,25,25,25,25,50,7.00,-0.50,0.00,0.00,0.00,0.00,0.00,0.00,0.00,0.00,0.00,Benjamin Mkapa National Stadium
1780662600,Jun 05 2026 - 12:30pm,complete,5420,Thailand,Kuwait,N/A,N/A,0.00,0.00,1.00,1.00,2,2,4,2,2,0,"42,45'4","48,69",5,1,2,0,0,0,1,1,0,0,12,6,6,3,6,3,15,7,52,48,0.00,0.00,1.50,0.73,0.00,0,0,0,0,0,0,0,0,0,0.00,0.00,1.74,3.40,4.80,0.00,2.05,0.00,0.00,0.00,0.00,LEO Stadium
1780664400,Jun 05 2026 - 1:00pm,complete,N/A,Indonesia,Oman,N/A,N/A,1.50,0.00,2.25,1.50,3,0,3,2,2,0,"13,27,56","",3,3,3,0,0,0,1,2,0,0,6,8,3,3,3,5,12,6,50,50,1.37,0.00,0.96,1.06,1.25,0,25,25,25,0,25,50,25,25,5.50,-0.50,2.22,3.10,2.89,0.00,2.25,0.00,0.00,0.00,0.00,Patriot Chandrabhaga Stadium
1780671600,Jun 05 2026 - 3:00pm,complete,N/A,Tajikistan,India,N/A,N/A,0.00,0.00,1.33,0.25,3,1,4,1,1,0,"9,62,68","89",2,1,1,0,2,0,0,1,1,1,7,11,4,2,3,9,10,12,50,50,0.00,0.65,1.10,1.18,0.75,0,25,0,0,0,0,25,0,0,1.50,-0.50,1.50,3.70,5.20,0.00,2.05,0.00,0.00,0.00,0.00,Respublikanskiy Stadion im. M.V. Frunze
1780675200,Jun 05 2026 - 4:00pm,complete,N/A,Georgia,Bahrain,N/A,N/A,1.67,0.00,2.00,0.00,2,0,2,0,0,0,"52,77","",8,1,1,0,5,0,1,0,2,3,12,3,5,0,7,3,21,7,56,44,1.36,0.00,1.68,0.53,1.34,34,50,17,17,0,0,17,50,50,5.00,1.33,1.18,5.70,10.00,0.00,1.61,0.00,0.00,0.00,0.00,Boris Paichadze Dinamo Arena
1780675200,Jun 05 2026 - 4:00pm,complete,N/A,Belarus,Syria,N/A,N/A,3.00,0.00,2.50,0.00,4,1,5,2,2,0,"3,11,49,78","88",4,3,2,0,0,0,1,1,0,0,18,6,12,3,6,3,19,5,50,50,1.27,0.00,2.38,0.79,1.00,25,25,25,0,0,0,50,25,25,4.50,5.00,1.68,3.42,4.25,0.00,0.00,0.00,0.00,0.00,0.00,National Stadium
1780677000,Jun 05 2026 - 4:30pm,complete,10432,Slovakia,Montenegro,N/A,N/A,3.00,2.00,2.33,1.75,2,2,4,2,1,1,"4,74","44,66",9,3,2,0,1,0,1,1,0,1,9,11,3,4,6,7,11,13,50,50,1.99,1.38,1.18,1.24,2.59,42,84,42,17,17,42,84,17,100,16.83,2.00,1.58,3.57,4.65,0.00,2.05,0.00,0.00,0.00,0.00,N/A
1780678800,Jun 05 2026 - 5:00pm,complete,N/A,San Marino,Bangladesh,N/A,N/A,0.50,0.00,0.25,1.50,1,2,3,2,1,1,"31","19,86",5,2,4,0,4,0,0,4,1,3,13,7,4,3,9,4,16,15,49,51,1.10,1.05,1.53,1.02,2.25,25,75,75,0,0,75,75,0,25,5.00,5.50,2.20,3.09,3.14,0.00,2.60,0.00,0.00,0.00,0.00,Stadio Olimpico di Serravalle
1780678800,Jun 05 2026 - 5:00pm,complete,N/A,Moldova,Bulgaria,N/A,N/A,0.00,2.00,0.50,1.75,2,2,4,1,0,1,"60,85","23,76",4,3,3,0,1,0,2,1,0,1,7,6,3,4,4,2,14,10,47,53,0.98,1.86,1.06,1.20,4.09,42,67,42,42,42,25,67,25,67,6.33,2.50,3.40,3.25,2.20,0.00,2.35,0.00,0.00,0.00,0.00,Stadionul Zimbru
1780678800,Jun 05 2026 - 5:00pm,complete,41058,Russia,Burkina,N/A,N/A,1.33,2.00,2.00,1.25,3,0,3,2,2,0,"14,20,73","",5,6,0,0,3,1,0,0,2,2,17,9,6,2,11,7,14,13,60,40,1.69,1.58,1.84,0.97,2.59,42,67,42,42,25,42,42,50,84,10.67,0.67,1.52,4.22,6.14,0.00,0.00,0.00,0.00,0.00,0.00,Volgograd Arena
1780681500,Jun 05 2026 - 5:45pm,complete,53148,Hungary,Finland,N/A,N/A,2.00,1.33,2.50,1.00,2,1,3,2,2,0,"25,43","71",3,8,3,0,1,0,1,2,1,0,18,11,2,4,16,7,12,13,55,45,1.48,1.10,1.52,1.30,1.59,17,50,17,17,0,0,50,17,75,11.33,1.00,1.55,3.85,5.30,0.00,2.07,0.00,0.00,0.00,0.00,N/A
1780682400,Jun 05 2026 - 6:00pm,complete,N/A,Azerbaijan,Malta,N/A,N/A,2.00,0.00,2.00,1.50,0,2,2,0,0,0,"","66,86",12,1,1,0,1,0,1,0,1,0,18,11,6,4,12,7,17,13,51,49,1.70,0.72,2.07,1.26,3.75,100,100,75,25,25,75,100,25,100,9.50,3.00,1.68,3.45,4.20,0.00,2.20,0.00,0.00,0.00,0.00,Bakı Olimpiya Stadionu
1780682400,Jun 05 2026 - 6:00pm,complete,N/A,Central African Republic,Togo,N/A,N/A,0.00,2.00,2.00,2.00,1,1,2,1,1,0,"24","60",-1,-1,-1,-1,-1,-1,-1,-1,-1,-1,-1,-1,-1,-1,-1,-1,-1,-1,-1,-1,0.00,0.00,0.00,0.00,1.25,25,25,25,25,0,0,25,0,0,0.00,-1.00,5.40,3.20,1.60,0.00,0.00,0.00,0.00,0.00,0.00,N/A
1780682400,Jun 05 2026 - 6:00pm,complete,N/A,Benin,Niger,N/A,N/A,3.00,0.50,1.75,0.50,1,1,2,1,1,0,"37","90'2",6,3,0,0,0,0,0,0,0,0,14,10,6,5,8,5,20,16,46,54,1.03,0.90,1.53,1.28,0.75,0,0,0,0,0,0,50,0,25,6.50,-2.00,2.13,3.05,3.06,0.00,2.60,0.00,0.00,0.00,0.00,Stade Père-Jégo
1780686000,Jun 05 2026 - 7:00pm,complete,N/A,Angola,Mauritania,N/A,N/A,0.00,0.00,0.50,1.33,1,1,2,0,0,0,"","",-1,-1,-1,-1,-1,-1,-1,-1,-1,-1,-1,-1,-1,-1,-1,-1,-1,-1,-1,-1,0.00,1.15,0.00,0.00,1.50,50,50,50,0,0,50,50,0,50,2.00,1.00,2.00,2.98,3.45,0.00,2.60,0.00,0.00,0.00,0.00,Stade Larbi Zaouli
1780699500,Jun 05 2026 - 10:45pm,complete,N/A,Paraguay,Nicaragua,N/A,N/A,1.50,0.50,2.00,0.33,4,0,4,2,2,0,"17,42,62,65","",14,0,0,0,2,0,0,0,1,1,25,0,15,0,10,0,-1,-1,2,98,1.26,0.36,2.95,0.11,2.00,50,50,50,25,0,25,25,25,75,5.00,5.50,1.13,9.00,16.00,0.00,1.44,0.00,0.00,0.00,0.00,General Pablo Rojas
1780700400,Jun 05 2026 - 11:00pm,complete,N/A,Puerto Rico,Saudi Arabia,N/A,N/A,3.00,0.00,2.00,0.80,0,3,3,1,0,1,"","45'1,50,88",2,5,0,0,0,0,0,0,0,0,4,20,1,6,3,14,11,16,38,62,0.00,0.91,0.00,0.00,3.17,34,100,75,42,0,17,50,59,75,2.33,0.67,9.00,5.75,1.26,0.00,1.53,0.00,0.00,0.00,0.00,Estadio Juán Rámon Loubriel
1780702200,Jun 05 2026 - 11:30pm,complete,19619,Canada,Republic of Ireland,N/A,N/A,2.00,2.33,1.80,2.00,1,1,2,1,1,0,"23","60",12,4,2,0,1,0,0,2,0,1,21,5,2,3,19,2,9,13,67,33,1.65,2.22,1.88,0.72,1.88,13,42,29,29,17,13,29,42,54,18.00,3.17,1.74,3.50,4.80,1.32,2.15,4.05,8.00,2.02,1.68,Stade Saputo
1780704000,Jun 06 2026 - 12:00am,complete,26700,Haiti,Peru,N/A,N/A,1.33,0.50,1.00,1.00,1,2,3,1,1,0,"16","81,84",3,3,1,0,4,0,0,1,1,3,8,10,1,5,7,5,14,18,42,58,1.31,0.87,0.79,1.29,2.67,42,84,42,42,0,25,84,59,84,9.83,4.00,2.63,3.20,2.50,0.00,2.15,0.00,0.00,0.00,0.00,Stade Sylvio Cator
1780704000,Jun 06 2026 - 12:00am,canceled,N/A,India,Palestine,N/A,N/A,0.00,0.00,0.25,1.00,0,0,0,0,0,0,"","",-1,-1,-1,-1,-1,-1,-1,-1,-1,-1,-1,-1,-1,-1,-1,-1,-1,-1,-1,-1,0.82,0.00,0.00,0.00,1.17,17,34,17,17,0,0,34,17,17,1.33,0.33,0.00,0.00,0.00,0.00,0.00,0.00,0.00,0.00,0.00,Buriram Stadium
1780718400,Jun 06 2026 - 4:00am,complete,N/A,Vanuatu,Fiji,N/A,N/A,0.00,0.00,1.75,0.50,2,1,3,0,0,0,"","",-1,-1,-1,-1,-1,-1,-1,-1,-1,-1,-1,-1,-1,-1,-1,-1,-1,-1,-1,-1,0.00,0.00,0.00,0.00,0.00,0,0,0,0,0,0,0,0,0,0.00,0.00,1.71,3.62,4.02,0.00,0.00,0.00,0.00,0.00,0.00,PVM Stadium
1780745400,Jun 06 2026 - 11:30am,complete,N/A,Myanmar,Guam,N/A,N/A,0.00,1.00,1.00,0.75,6,1,7,3,3,0,"13,23,35,53,57,86","90'2",4,3,-1,-1,-1,-1,-1,-1,-1,-1,18,22,6,10,12,12,-1,-1,42,58,0.00,0.53,1.82,2.45,2.67,17,50,50,50,34,17,17,34,34,1.00,-0.33,15.00,10.00,1.16,0.00,1.36,0.00,0.00,0.00,0.00,N/A
1780750800,Jun 06 2026 - 1:00pm,complete,40236,Belgium,Tunisia,N/A,N/A,2.33,1.33,2.50,1.00,5,0,5,1,1,0,"28,53,65,85,87","",14,0,1,0,1,1,0,1,0,2,27,7,12,1,15,6,9,9,66,34,1.36,1.03,3.39,0.68,2.17,34,50,17,17,17,17,67,17,67,6.67,3.34,1.30,5.00,10.50,0.00,1.72,0.00,0.00,0.00,0.00,Stade Roi Baudouin
1780754400,Jun 06 2026 - 2:00pm,complete,N/A,Armenia,Kazakhstan,N/A,N/A,0.00,3.00,0.67,1.33,1,1,2,0,0,0,"53","50",14,2,1,0,2,0,0,1,1,1,10,7,3,1,7,6,7,12,56,44,1.81,1.56,1.45,0.90,2.50,50,100,50,0,0,0,100,50,100,19.00,2.00,2.00,3.20,3.60,0.00,2.25,0.00,0.00,0.00,0.00,Vazgen Sargsyan anvan Hanrapetakan Marzadasht
1780756200,Jun 06 2026 - 2:30pm,canceled,N/A,Palestine,Kenya,N/A,N/A,0.00,1.67,1.00,2.00,0,0,0,0,0,0,"","",-1,-1,-1,-1,-1,-1,-1,-1,-1,-1,-1,-1,-1,-1,-1,-1,-1,-1,-1,-1,0.00,1.74,0.00,0.00,1.17,34,50,17,0,0,17,50,0,50,5.33,0.67,0.00,0.00,0.00,0.00,0.00,0.00,0.00,0.00,0.00,Faisal Al-Husseini International Stadium
1780756200,Jun 06 2026 - 2:30pm,complete,N/A,Kyrgyzstan,Palestine,N/A,N/A,0.00,0.00,0.50,1.00,0,0,0,0,0,0,"","",6,5,-1,-1,-1,-1,-1,-1,-1,-1,14,14,3,5,11,9,-1,-1,52,48,0.00,0.00,1.39,1.53,2.00,25,25,25,25,25,25,50,25,25,0.00,-1.00,2.38,3.03,2.65,0.00,2.40,0.00,0.00,0.00,0.00,Faisal Al-Husseini International Stadium
1780758000,Jun 06 2026 - 3:00pm,complete,N/A,Ethiopia,Malawi,N/A,N/A,0.00,0.50,2.00,0.50,1,0,1,1,1,0,"21","",-1,-1,-1,-1,-1,-1,-1,-1,-1,-1,-1,-1,-1,-1,-1,-1,-1,-1,-1,-1,0.00,0.00,0.00,0.00,0.25,0,0,0,0,0,0,0,0,0,0.00,-1.00,2.30,3.19,2.97,0.00,0.00,0.00,0.00,0.00,0.00,Dire Dawa Stadium
1780761600,Jun 06 2026 - 4:00pm,canceled,N/A,Rwanda,Comoros,N/A,N/A,3.00,1.00,3.00,1.00,0,0,0,0,0,0,"","",-1,-1,-1,-1,-1,-1,-1,-1,-1,-1,-1,-1,-1,-1,-1,-1,-1,-1,-1,-1,1.55,1.30,0.00,0.00,1.50,0,50,25,25,0,25,50,25,50,8.50,-1.00,2.26,3.40,3.40,1.61,2.52,5.25,10.00,2.18,1.61,N/A
1780761600,Jun 06 2026 - 4:00pm,complete,N/A,Sierra Leone,Liberia,N/A,N/A,1.00,0.50,1.33,1.00,1,0,1,0,0,0,"","",3,3,-1,-1,-1,-1,-1,-1,-1,-1,12,4,2,0,10,4,-1,-1,50,50,0.82,0.96,1.24,0.48,2.25,75,75,25,25,0,25,75,25,100,7.50,-1.00,2.22,3.30,3.74,0.00,2.40,0.00,0.00,0.00,0.00,National Stadium
1780765200,Jun 06 2026 - 5:00pm,complete,N/A,Gibraltar,Cayman Islands,N/A,N/A,3.00,2.00,2.33,1.33,4,1,5,2,1,1,"12,50,57,60","1",19,4,2,0,2,0,0,2,0,2,22,3,12,2,10,1,22,15,66,34,2.40,0.00,3.08,0.69,2.75,25,75,50,50,0,75,75,0,75,5.50,-1.00,1.20,8.30,9.00,0.00,1.50,0.00,0.00,0.00,0.00,Victoria Stadium
1780767900,Jun 06 2026 - 5:45pm,complete,N/A,Portugal,Chile,N/A,N/A,2.00,1.50,2.50,1.00,2,1,3,0,0,0,"58,75","90'2",9,3,0,1,0,1,1,0,1,0,18,11,8,4,10,7,8,17,62,38,1.28,1.00,2.33,1.16,3.25,50,75,50,50,50,50,75,50,75,7.50,1.50,1.22,6.50,13.00,0.00,1.44,0.00,0.00,0.00,0.00,Estádio Nacional
1780767900,Jun 06 2026 - 5:45pm,complete,23276,Romania,Wales,N/A,N/A,0.50,1.00,1.33,0.67,2,1,3,0,0,0,"52,80","63",10,12,1,0,1,0,0,1,0,1,22,20,8,9,14,11,18,12,43,57,1.04,1.62,2.13,2.18,2.00,75,100,0,0,0,0,50,50,100,11.00,2.50,2.66,2.88,2.52,0.00,2.30,0.00,0.00,0.00,0.00,N/A
1780768800,Jun 06 2026 - 6:00pm,complete,N/A,Albania,Luxembourg,N/A,N/A,0.00,0.00,0.00,1.50,0,1,1,1,0,1,"","8",14,2,3,0,3,0,2,1,2,1,21,10,7,5,14,5,10,11,50,50,0.82,0.82,2.51,1.25,1.00,0,0,0,0,0,0,0,0,100,9.00,1.50,1.69,3.55,5.75,0.00,2.35,0.00,0.00,0.00,0.00,N/A
1780770600,Jun 06 2026 - 6:30pm,complete,63636,USMNT,Germany,N/A,N/A,1.00,3.00,0.75,3.00,1,2,3,2,1,1,"37","2,57",10,2,1,0,3,0,0,1,0,3,16,12,4,4,12,8,11,10,54,46,1.51,2.61,1.66,1.33,4.67,67,100,84,67,50,50,100,84,100,13.67,1.66,4.60,4.30,1.60,0.00,1.44,0.00,0.00,0.00,0.00,N/A
1780772400,Jun 06 2026 - 7:00pm,complete,6500,Switzerland,Australia,N/A,N/A,1.33,2.00,1.25,1.75,1,1,2,1,1,0,"14","56",7,2,3,0,2,0,2,1,1,1,9,4,3,2,6,2,10,14,63,37,1.38,0.99,0.00,0.00,3.34,50,50,50,50,50,34,67,50,67,5.00,0.33,1.62,3.70,1.70,0.00,2.05,0.00,0.00,0.00,0.00,N/A
1780772400,Jun 06 2026 - 7:00pm,complete,N/A,Panama,Bosnia and Herzegovina,N/A,N/A,1.33,1.00,1.29,1.00,1,1,2,2,1,1,"45'2","24",9,10,1,0,0,0,0,1,0,0,2,1,2,1,0,0,-1,-1,50,50,1.05,1.70,0.00,0.00,1.84,42,42,25,17,17,17,34,25,50,3.67,2.00,3.10,3.00,2.30,0.00,2.10,0.00,0.00,0.00,0.00,N/A
1780776000,Jun 06 2026 - 8:00pm,complete,25889,England,New Zealand,N/A,N/A,0.50,1.00,1.75,0.75,1,0,1,1,1,0,"45'2","",8,1,0,0,0,0,0,0,0,0,23,3,4,1,19,2,10,13,71,29,1.77,1.31,2.30,0.34,2.59,42,75,34,34,17,17,75,59,75,14.67,0.83,1.05,11.00,19.00,0.00,1.50,0.00,0.00,0.00,0.00,N/A
1780776000,Jun 06 2026 - 8:00pm,complete,N/A,Bolivia,Scotland,N/A,N/A,1.33,1.00,0.80,1.50,0,4,4,4,0,4,"","5,23,30,45",3,6,3,0,1,0,1,2,0,1,7,20,3,8,4,12,13,16,54,46,2.09,1.67,0.87,2.11,2.17,33,50,33,17,17,33,67,17,84,13.67,2.00,6.87,4.80,1.44,0.00,1.70,0.00,0.00,0.00,0.00,N/A
1780776000,Jun 06 2026 - 8:00pm,complete,N/A,Qatar,El Salvador,N/A,N/A,0.00,0.50,0.50,0.67,0,0,0,0,0,0,"","",3,4,1,0,1,0,1,0,0,1,8,11,1,3,7,8,10,19,59,41,0.79,0.61,0.86,1.27,1.75,25,25,25,25,0,0,75,25,50,5.00,2.50,1.69,3.80,5.60,0.00,2.15,0.00,0.00,0.00,0.00,Banc of California Stadium
1780776000,Jun 06 2026 - 8:00pm,complete,N/A,Cape Verde Islands,Bermuda,N/A,N/A,1.33,0.00,1.75,0.00,3,0,3,1,1,0,"33,49,90'1","",9,1,-1,-1,-1,-1,-1,-1,-1,-1,33,5,16,3,17,2,-1,-1,50,50,1.21,0.00,3.59,0.62,2.84,34,100,34,17,17,17,100,34,100,4.67,1.33,1.04,19.00,38.00,0.00,1.14,0.00,0.00,0.00,0.00,N/A
1780779600,Jun 06 2026 - 9:00pm,complete,N/A,Jamaica,South Africa,N/A,N/A,2.00,0.67,1.75,0.75,1,1,2,0,0,0,"","",-1,-1,-1,-1,-1,-1,-1,-1,-1,-1,-1,-1,-1,-1,-1,-1,-1,-1,-1,-1,1.53,1.90,0.00,0.00,1.84,34,67,33,0,0,0,17,17,50,10.00,0.33,0.00,0.00,0.00,0.00,0.00,0.00,0.00,0.00,0.00,N/A
1780783200,Jun 06 2026 - 10:00pm,complete,64311,Brazil,Egypt,N/A,N/A,2.00,2.33,2.25,1.75,2,1,3,2,1,1,"7,52","11",5,3,1,0,1,0,1,0,1,0,12,5,7,2,5,3,10,10,51,49,1.85,1.22,1.60,0.70,3.34,50,67,67,50,17,33,67,50,84,4.67,3.67,1.29,5.50,8.00,0.00,1.61,0.00,0.00,0.00,0.00,N/A
1780783200,Jun 06 2026 - 10:00pm,complete,N/A,Venezuela,Turkey,N/A,N/A,2.00,3.00,1.75,3.00,1,2,3,2,1,1,"13","44,54",2,12,2,0,1,0,0,2,0,1,9,16,8,2,1,14,12,16,47,53,1.40,2.13,1.23,1.46,3.25,25,75,75,75,25,50,50,75,75,16.00,0.00,6.00,4.20,1.46,0.00,1.80,0.00,0.00,0.00,0.00,N/A
1780790400,Jun 07 2026 - 12:00am,complete,N/A,Curaçao,Aruba,N/A,N/A,0.00,3.00,0.75,2.00,4,0,4,0,0,0,"54,68,83,90'1","",-1,-1,-1,-1,-1,-1,-1,-1,-1,-1,-1,-1,-1,-1,-1,-1,-1,-1,-1,-1,0.89,1.92,0.00,0.00,4.67,84,100,84,84,84,67,84,84,84,5.67,0.33,1.06,8.50,17.00,0.00,1.36,0.00,0.00,0.00,0.00,Buriram Stadium
1780790400,Jun 07 2026 - 12:00am,complete,91102,Argentina,Honduras,N/A,N/A,3.00,1.00,3.00,0.50,2,0,2,1,1,0,"37,54","",6,1,4,0,1,0,1,3,0,1,20,4,8,0,12,4,16,12,72,28,1.22,1.24,2.43,0.35,4.00,75,100,100,75,25,100,100,75,100,12.00,2.50,1.08,14.60,22.00,0.00,1.44,2.15,0.00,0.00,0.00,N/A
1780830000,Jun 07 2026 - 11:00am,complete,N/A,Afghanistan,Pakistan,N/A,N/A,3.00,3.00,1.00,3.00,0,2,2,1,0,1,"","5,90'1",2,1,0,0,0,0,0,0,0,0,9,6,2,2,7,4,17,23,58,42,0.00,1.14,1.24,0.83,2.00,0,50,50,0,0,0,0,50,100,7.00,0.00,2.27,3.07,3.40,1.73,2.30,7.29,14.00,2.48,1.55,N/A
1780837200,Jun 07 2026 - 1:00pm,complete,N/A,Liechtenstein,Cyprus,N/A,N/A,1.00,1.33,0.75,1.75,0,2,2,1,0,1,"","28,71",1,10,0,0,2,0,0,0,0,2,1,15,0,5,1,10,11,7,37,63,0.77,1.14,0.21,1.89,2.67,50,67,33,33,33,33,67,50,84,7.00,2.33,11.00,4.90,1.26,1.28,1.72,3.18,6.32,2.54,1.53,Rheinpark Stadion
1780837200,Jun 07 2026 - 1:00pm,complete,N/A,Kenya,Lesotho,N/A,N/A,1.67,1.00,2.00,0.50,4,0,4,1,1,0,"8,52,84,88","",5,2,0,0,0,1,0,0,0,1,11,9,4,2,7,7,20,11,50,50,1.74,0.56,1.53,1.02,2.17,84,100,17,0,0,17,100,0,100,8.33,3.67,1.73,3.20,4.35,1.60,2.40,4.80,11.70,2.31,1.53,N/A
1780837200,Jun 07 2026 - 1:00pm,complete,N/A,Oman,Mozambique,N/A,N/A,0.00,0.00,1.50,0.00,4,1,5,0,0,0,"","",-1,-1,-1,-1,-1,-1,-1,-1,-1,-1,-1,-1,-1,-1,-1,-1,-1,-1,-1,-1,1.06,0.00,0.00,0.00,1.50,0,50,50,0,0,50,50,0,50,3.00,0.00,2.25,3.20,3.40,1.58,2.40,5.60,14.00,2.42,1.58,Patriot Chandrabhaga Stadium
1780849800,Jun 07 2026 - 4:30pm,incomplete,N/A,Denmark,Ukraine,N/A,N/A,1.00,3.00,1.00,3.00,0,0,0,0,0,0,"","",-1,-1,-1,-1,-1,-1,-1,-1,-1,-1,-1,-1,-1,-1,-1,-1,-1,-1,-1,-1,1.48,1.49,0.00,0.00,0.75,0,25,0,0,0,25,25,0,25,8.50,2.50,1.70,3.70,4.80,1.31,2.00,3.58,6.72,1.77,2.07,Telia Parken
1780855200,Jun 07 2026 - 6:00pm,complete,N/A,Kosovo,Andorra,N/A,N/A,0.00,1.00,1.50,0.80,3,0,3,1,1,0,"41,53,78","",8,3,0,0,8,0,0,0,5,3,12,7,6,2,6,5,10,16,50,50,1.18,1.06,2.05,0.98,2.13,50,75,50,0,0,50,75,13,75,6.25,3.50,1.20,7.40,15.00,1.23,1.75,2.82,5.26,2.70,1.48,Stadiumi Fadil Vokrri
1780857900,Jun 07 2026 - 6:45pm,complete,8800,Croatia,Slovenia,N/A,N/A,1.00,1.33,1.50,1.00,2,1,3,0,0,0,"51,90'3","83",8,4,0,0,0,0,0,0,0,0,22,13,6,4,16,9,5,11,67,33,1.03,1.30,2.27,1.28,2.84,67,84,50,33,17,33,84,33,84,9.00,4.34,1.36,4.20,7.50,1.31,1.95,3.60,6.80,2.15,1.72,N/A
1780858800,Jun 07 2026 - 7:00pm,complete,N/A,Morocco,Norway,N/A,N/A,2.50,1.33,2.20,1.25,1,1,2,1,1,0,"8","75",3,11,1,0,1,0,0,1,1,0,13,9,5,2,8,7,6,12,46,54,1.61,1.26,1.35,1.10,2.92,59,84,71,42,13,46,46,50,84,9.00,1.58,2.87,3.30,2.43,1.26,1.80,2.94,5.40,1.63,2.14,N/A
1780858800,Jun 07 2026 - 7:00pm,complete,13000,Greece,Italy,N/A,N/A,0.67,3.00,0.50,3.00,0,1,1,1,0,1,"","18",2,3,0,0,3,1,0,0,2,2,12,10,0,3,12,7,11,14,58,42,1.34,1.43,1.02,1.08,1.34,17,17,17,17,0,0,17,17,84,13.00,2.67,2.32,3.36,3.20,1.35,1.95,3.54,8.08,1.82,2.01,Stadio Thódoros Vardinoyánnis
1780862400,Jun 07 2026 - 8:00pm,complete,N/A,Ecuador,Guatemala,N/A,N/A,1.67,0.00,2.00,0.00,3,0,3,1,1,0,"19,73,78","",6,0,3,0,1,0,2,1,1,0,18,3,6,0,12,3,11,3,67,33,1.29,0.67,2.10,0.27,3.17,67,84,50,34,17,50,67,67,84,8.83,1.67,1.13,7.75,25.00,1.26,1.65,2.15,5.00,2.62,1.48,N/A
1780873200,Jun 07 2026 - 11:00pm,complete,28831,Colombia,Jordan,N/A,N/A,1.00,0.67,1.50,0.50,2,0,2,1,1,0,"41,55","",3,1,0,0,1,1,0,0,0,2,14,10,5,2,9,8,7,17,64,36,1.62,1.12,0.00,0.00,4.00,100,100,100,84,17,84,84,50,84,13.34,2.33,1.14,6.00,12.00,1.15,1.53,2.25,3.85,2.05,1.73,N/A
1780876800,Jun 08 2026 - 12:00am,canceled,N/A,Uganda,Madagascar,N/A,N/A,0.00,1.33,0.00,1.33,0,0,0,0,0,0,"","",-1,-1,-1,-1,-1,-1,-1,-1,-1,-1,-1,-1,-1,-1,-1,-1,-1,-1,-1,-1,0.00,0.26,0.00,0.00,2.17,34,50,34,34,17,34,50,34,50,1.00,0.67,0.00,0.00,0.00,0.00,0.00,0.00,0.00,0.00,0.00,Mandela National Stadium
1780918200,Jun 08 2026 - 11:30am,complete,N/A,Sri Lanka,Bhutan,N/A,N/A,0.00,0.00,3.00,0.00,4,1,5,1,1,0,"16,64,78,90'3","80",7,3,-1,-1,-1,-1,-1,-1,-1,-1,8,4,4,3,4,1,-1,-1,59,41,0.00,0.00,0.86,0.54,2.00,0,50,50,50,0,50,50,50,50,2.00,0.00,1.38,4.80,7.00,1.31,1.70,3.39,6.72,2.21,1.68,Sugathadasa Stadium
1780944300,Jun 08 2026 - 6:45pm,complete,N/A,Netherlands,Uzbekistan,N/A,N/A,1.33,1.33,1.75,1.00,2,1,3,1,1,0,"32,90'8","90'2",3,3,1,1,1,0,0,2,0,1,15,8,4,1,11,7,13,14,65,35,1.27,1.33,1.50,0.71,2.00,50,67,33,17,0,34,34,17,50,14.00,1.00,1.22,7.70,14.25,1.12,1.57,2.42,3.84,2.05,1.69,N/A
1780945200,Jun 08 2026 - 7:00pm,complete,N/A,Mauritania,Niger,N/A,N/A,0.50,0.67,1.33,0.50,1,0,1,0,0,0,"90'6","",4,3,-1,-1,-1,-1,-1,-1,-1,-1,13,5,3,2,10,3,-1,-1,50,50,1.15,1.09,1.41,0.76,1.75,67,67,25,0,0,25,59,0,42,5.50,-0.67,2.45,3.05,2.80,1.41,2.50,4.60,10.50,1.99,1.73,Stade Père-Jégo
1780945800,Jun 08 2026 - 7:10pm,complete,43272,France,Northern Ireland,N/A,N/A,2.00,2.00,2.25,1.33,3,1,4,1,1,0,"43,49,74","64",5,1,0,0,0,0,0,0,0,0,27,4,5,2,22,2,6,7,72,28,1.47,1.09,2.70,0.50,2.42,75,75,50,17,0,17,100,50,75,6.50,4.67,1.09,7.00,16.00,1.08,1.36,1.99,3.18,2.69,1.48,Stade Pierre-Mauroy
1780963200,Jun 09 2026 - 12:00am,canceled,N/A,Oman,Kuwait,N/A,N/A,1.50,1.00,1.50,1.00,0,0,0,0,0,0,"","",-1,-1,-1,-1,-1,-1,-1,-1,-1,-1,-1,-1,-1,-1,-1,-1,-1,-1,-1,-1,1.06,0.73,0.00,0.00,4.00,75,100,100,75,25,75,75,50,75,4.00,-0.50,1.82,3.45,4.15,1.37,2.41,4.33,9.20,2.05,1.67,Abdullah bin Nasser bin Khalifa Stadium
1780963200,Jun 09 2026 - 12:00am,canceled,N/A,Mauritania,Liberia,N/A,N/A,1.33,0.33,1.33,1.00,0,0,0,0,0,0,"","",-1,-1,-1,-1,-1,-1,-1,-1,-1,-1,-1,-1,-1,-1,-1,-1,-1,-1,-1,-1,1.28,0.80,0.00,0.00,2.00,50,50,33,17,0,33,33,17,67,7.00,-1.33,0.00,0.00,0.00,0.00,0.00,0.00,0.00,0.00,0.00,Stade Olympique de Nouakchott
1780963200,Jun 09 2026 - 12:00am,canceled,N/A,Botswana,Niger,N/A,N/A,1.50,0.50,1.50,0.50,0,0,0,0,0,0,"","",-1,-1,-1,-1,-1,-1,-1,-1,-1,-1,-1,-1,-1,-1,-1,-1,-1,-1,-1,-1,0.00,0.98,0.00,0.00,1.50,13,38,25,0,0,25,50,0,25,3.33,-1.75,0.00,0.00,0.00,0.00,0.00,0.00,0.00,0.00,0.00,N/A
1780970400,Jun 09 2026 - 2:00am,complete,45845,Peru,Spain,N/A,N/A,1.33,1.67,1.00,2.00,1,3,4,2,0,2,"66","2,32,53",4,6,1,0,0,0,0,1,0,0,10,8,2,2,8,6,4,7,37,63,1.01,2.07,0.88,0.98,2.34,50,84,50,17,0,50,84,34,67,11.67,3.34,21.00,7.50,1.18,1.20,1.60,2.41,4.45,2.42,1.58,Estadio Cuauhtémoc
1780979400,Jun 09 2026 - 4:30am,complete,N/A,Vanuatu,Fiji,N/A,N/A,3.00,0.00,1.75,0.50,2,2,4,3,1,2,"45,77","21,45'2",-1,-1,-1,-1,-1,-1,-1,-1,-1,-1,-1,-1,-1,-1,-1,-1,-1,-1,-1,-1,0.00,0.00,0.00,0.00,3.00,100,100,100,0,0,0,0,0,0,0.00,-2.00,1.57,4.20,5.25,1.10,1.95,2.35,3.74,1.56,2.28,N/A
1780997400,Jun 09 2026 - 9:30am,canceled,N/A,Equatorial Guinea,Comoros,N/A,N/A,2.00,1.00,2.00,1.00,0,0,0,0,0,0,"","",-1,-1,-1,-1,-1,-1,-1,-1,-1,-1,-1,-1,-1,-1,-1,-1,-1,-1,-1,-1,0.00,1.30,0.00,0.00,0.75,25,25,0,0,0,0,50,0,25,5.00,-2.00,2.52,3.03,2.52,0.00,0.00,0.00,0.00,0.00,0.00,N/A
1781004600,Jun 09 2026 - 11:30am,complete,N/A,Philippines,Myanmar,N/A,N/A,3.00,3.00,3.00,1.00,5,1,6,1,1,0,"45'1,54,80,88,90'1","82",6,3,0,0,0,0,0,0,0,0,12,9,6,5,6,4,14,11,50,50,2.22,1.82,1.56,1.26,6.50,100,100,100,100,100,100,100,100,100,10.00,0.00,1.44,4.60,7.00,1.15,1.66,2.49,4.55,1.86,1.82,The National Stadium
1781004900,Jun 09 2026 - 11:35am,complete,27005,China,Thailand,N/A,N/A,2.00,1.00,1.75,1.00,0,0,0,0,0,0,"","",11,1,1,0,1,0,0,1,1,0,23,3,6,0,17,3,4,12,66,34,1.05,1.50,2.37,0.32,3.17,67,100,67,50,0,84,84,50,67,11.00,3.33,1.91,3.09,3.25,1.30,2.00,3.58,7.40,1.87,1.83,Beijing National Stadium
1781006400,Jun 09 2026 - 12:00pm,complete,N/A,Cambodia,Hong Kong,N/A,N/A,3.00,3.00,3.00,1.50,2,0,2,1,1,0,"45'2,50","",8,5,0,0,0,0,0,0,0,0,15,2,5,0,10,2,7,6,47,53,0.00,1.68,1.79,0.65,3.00,0,100,50,50,0,50,100,50,100,16.00,1.00,3.20,3.50,2.15,1.23,1.90,3.08,6.05,1.67,2.08,N/A
1781010000,Jun 09 2026 - 1:00pm,complete,29889,Indonesia,Mozambique,N/A,N/A,2.00,0.00,2.25,0.00,1,0,1,1,1,0,"12","",10,8,1,0,0,0,0,1,0,0,17,5,4,2,13,3,9,9,56,44,1.23,0.00,1.74,0.66,3.84,50,84,84,67,50,34,50,17,34,4.67,-0.33,1.28,5.30,10.00,1.13,1.66,2.30,3.95,2.02,1.69,Patriot Chandrabhaga Stadium
1781013600,Jun 09 2026 - 2:00pm,canceled,N/A,Bahrain,Syria,N/A,N/A,0.00,0.00,0.00,0.00,0,0,0,0,0,0,"","",-1,-1,-1,-1,-1,-1,-1,-1,-1,-1,-1,-1,-1,-1,-1,-1,-1,-1,-1,-1,0.53,0.79,0.00,0.00,3.50,50,100,50,50,50,50,50,100,100,4.00,5.00,2.38,3.00,3.20,1.36,2.25,4.05,8.10,1.90,1.80,Stād al-Bahrayn al-Watanī (Bahrain National Stadium)
1781015400,Jun 09 2026 - 2:30pm,complete,N/A,Kyrgyzstan,Palestine,N/A,N/A,0.33,1.00,0.50,1.00,0,0,0,0,0,0,"","",4,3,0,0,0,0,0,0,0,0,5,10,3,4,2,6,10,20,53,47,1.39,1.53,0.81,1.23,1.34,17,17,17,17,17,17,34,17,17,11.00,-2.00,2.60,3.05,2.43,1.38,2.30,4.00,10.60,1.90,1.78,Stadion im. Dolena Omurzakova
1781017200,Jun 09 2026 - 3:00pm,complete,N/A,Armenia,Moldova,N/A,N/A,0.50,0.33,0.67,0.50,1,1,2,0,0,0,"89","90'1",15,1,0,0,2,0,0,0,0,2,13,5,5,2,8,3,4,13,50,50,1.63,1.00,2.14,0.67,3.09,84,100,59,34,17,17,75,84,100,15.17,4.00,1.67,3.62,5.40,1.28,1.95,3.37,6.32,1.91,1.91,Vazgen Sargsyan anvan Hanrapetakan Marzadasht
1781017200,Jun 09 2026 - 3:00pm,complete,N/A,Ethiopia,Malawi,N/A,N/A,3.00,0.33,2.00,0.50,1,1,2,2,1,1,"41","18",-1,-1,-1,-1,-1,-1,-1,-1,-1,-1,-1,-1,-1,-1,-1,-1,-1,-1,-1,-1,0.00,0.00,0.00,0.00,0.84,0,0,0,0,0,0,67,0,0,0.00,-2.00,2.33,3.05,2.83,1.40,2.20,4.50,9.00,1.93,1.78,Dire Dawa Stadium
1781017200,Jun 09 2026 - 3:00pm,complete,N/A,Tajikistan,India,N/A,N/A,3.00,0.00,1.33,0.25,1,1,2,1,0,1,"85","25",8,0,1,0,2,0,0,1,1,1,21,7,3,4,18,3,11,17,65,35,1.10,0.82,2.16,0.96,3.17,67,84,67,67,0,0,84,67,67,3.33,1.33,1.75,3.50,5.00,1.46,2.15,4.68,9.48,2.15,1.72,Astana Arena
1781020800,Jun 09 2026 - 4:00pm,canceled,N/A,Congo DR,Chile,N/A,N/A,2.00,1.00,2.00,1.00,0,0,0,0,0,0,"","",-1,-1,-1,-1,-1,-1,-1,-1,-1,-1,-1,-1,-1,-1,-1,-1,-1,-1,-1,-1,1.07,1.05,0.00,0.00,2.84,50,75,50,34,34,34,59,50,75,6.00,0.50,2.18,3.15,3.30,1.35,2.30,4.05,8.50,1.89,1.81,Stade de la Source
1781020800,Jun 09 2026 - 4:00pm,canceled,N/A,Tanzania,Rwanda,N/A,N/A,1.50,3.00,1.50,3.00,0,0,0,0,0,0,"","",-1,-1,-1,-1,-1,-1,-1,-1,-1,-1,-1,-1,-1,-1,-1,-1,-1,-1,-1,-1,2.75,1.55,0.00,0.00,3.25,0,75,50,50,25,50,75,50,100,10.50,-0.50,0.00,0.00,0.00,0.00,0.00,0.00,0.00,0.00,0.00,Stade de Marrakech
1781022600,Jun 09 2026 - 4:30pm,complete,N/A,Belarus,Burkina,N/A,N/A,3.00,1.33,2.50,1.25,2,2,4,0,0,0,"56,67","73,85",1,6,1,0,1,0,0,1,0,1,7,10,4,5,3,5,10,13,40,60,1.64,1.38,0.86,1.37,3.17,50,84,67,33,33,50,84,67,84,9.00,5.00,2.70,3.00,2.50,1.33,2.05,3.38,7.29,1.76,2.09,National Stadium
1781024400,Jun 09 2026 - 5:00pm,complete,19595,Hungary,Kazakhstan,N/A,N/A,2.33,2.00,2.50,1.33,3,1,4,1,0,1,"52,67,90'2","9",3,5,2,0,6,1,0,2,5,2,20,8,6,2,14,6,7,22,71,29,1.50,1.23,2.04,0.80,1.67,42,67,17,0,0,17,42,25,84,10.00,2.17,1.23,5.50,9.50,1.20,1.66,2.60,4.97,2.10,1.60,Nagyerdei Stadion
1781024400,Jun 09 2026 - 5:00pm,complete,27618,Russia,Trinidad and Tobago,N/A,N/A,1.75,0.25,2.00,0.20,3,0,3,2,2,0,"7,15,60","",10,2,1,0,2,0,1,0,1,1,21,7,10,1,11,6,19,10,65,35,1.73,0.72,2.50,0.71,3.13,38,75,75,50,25,50,63,38,88,9.00,1.75,1.02,10.00,25.00,1.02,1.12,1.40,1.91,3.34,1.28,Complexe Sportif Jean Bianchi 1
1781024400,Jun 09 2026 - 5:00pm,complete,N/A,Angola,Central African Republic,N/A,N/A,1.00,1.00,0.50,2.00,0,3,3,0,0,0,"","",-1,-1,-1,-1,-1,-1,-1,-1,-1,-1,-1,-1,-1,-1,-1,-1,-1,-1,-1,-1,0.00,0.00,0.00,0.00,2.00,100,100,0,0,0,0,50,0,50,0.00,-2.00,1.50,3.90,7.00,1.41,2.05,3.65,9.06,2.15,1.57,Stade Larbi Zaouli
1781028000,Jun 09 2026 - 6:00pm,complete,N/A,Azerbaijan,San Marino,N/A,N/A,1.33,0.33,2.00,0.25,2,1,3,2,1,1,"27,49","9",-1,-1,4,0,5,0,2,2,1,4,-1,-1,-1,-1,-1,-1,-1,-1,-1,-1,1.82,1.24,0.00,0.00,2.84,67,84,50,17,17,50,67,34,84,12.00,4.00,18.00,7.50,23.00,1.21,1.69,2.63,4.97,2.53,1.44,Stadio Olimpico di Serravalle
1781028000,Jun 09 2026 - 6:00pm,complete,N/A,Togo,Benin,N/A,N/A,1.67,2.33,2.00,1.75,5,1,6,2,1,1,"39,58,69,75,88","7",9,5,-1,-1,-1,-1,-1,-1,-1,-1,12,6,9,5,3,1,-1,-1,50,50,0.00,1.20,1.66,0.90,1.83,50,50,17,17,0,0,67,0,50,3.67,-1.67,2.60,3.00,2.80,1.54,2.40,5.26,10.60,2.06,1.78,Stade Al Bachir
1781029800,Jun 09 2026 - 6:30pm,complete,N/A,Liberia,Sierra Leone,N/A,N/A,0.33,2.00,1.00,1.33,3,1,4,2,2,0,"31,43,73","90'6",3,6,0,0,0,0,0,0,0,0,13,10,7,7,6,3,16,18,50,50,0.80,1.03,1.68,1.57,1.75,42,42,17,17,0,17,42,17,59,7.00,-1.50,2.38,2.90,3.08,1.43,2.35,5.26,11.70,2.26,1.66,Samuel Kanyon Doe Sports Complex
1781046000,Jun 09 2026 - 11:00pm,complete,N/A,Saudi Arabia,Senegal,N/A,N/A,0.75,2.00,0.80,1.75,0,0,0,0,0,0,"","",1,3,3,0,2,1,1,2,1,2,9,7,4,4,5,3,14,16,39,61,0.91,1.55,1.01,1.14,3.46,59,100,84,46,17,29,100,71,100,9.67,1.92,5.40,3.90,1.55,1.36,2.10,3.78,7.50,2.00,1.73,Toyota Field
1781053200,Jun 10 2026 - 1:00am,complete,N/A,Argentina,Iceland,N/A,N/A,3.00,0.50,3.00,0.40,3,0,3,1,1,0,"8,72,86","",2,2,2,0,6,0,1,1,2,4,15,6,7,1,8,5,13,21,63,37,1.62,0.69,1.66,0.59,3.04,42,88,59,42,17,59,75,54,100,6.33,3.17,21.00,8.80,1.16,1.23,1.50,2.10,4.96,2.42,1.58,Laugardalsvöllur
1781053200,Jun 10 2026 - 1:00am,complete,N/A,Iraq,Venezuela,N/A,N/A,2.00,1.33,1.33,1.75,0,2,2,1,0,1,"","17,46",2,3,1,1,4,0,1,1,1,3,7,13,2,5,5,8,8,15,44,56,0.80,1.34,1.04,1.73,2.09,59,59,34,17,17,42,67,17,34,5.67,1.67,3.26,3.18,2.28,1.55,2.40,5.35,11.70,2.21,1.68,N/A
1781107200,Jun 10 2026 - 4:00pm,complete,N/A,Pakistan,Afghanistan,N/A,N/A,3.00,1.50,3.00,1.00,2,0,2,1,1,0,"24,90'4","",2,3,0,0,0,0,0,0,0,0,4,3,3,2,1,1,2,2,50,50,0.99,1.24,0.66,0.51,2.00,0,75,25,0,0,0,50,25,100,6.00,0.00,2.62,2.87,2.78,1.69,2.74,6.50,12.00,2.24,1.58,Rasmee Dhandu Stadium
1781120700,Jun 10 2026 - 7:45pm,complete,21049,Portugal,Nigeria,N/A,N/A,2.33,2.20,2.50,1.83,2,1,3,2,1,1,"23,75","37",3,2,2,0,2,0,0,2,1,1,13,5,6,2,7,3,11,19,61,39,1.63,1.04,1.52,0.64,2.44,47,84,57,20,0,20,57,37,74,9.25,2.93,1.36,5.35,9.30,1.11,1.54,2.28,4.69,1.84,1.86,Estádio Dr. Magalhães Pessoa
1781125200,Jun 10 2026 - 9:00pm,complete,25500,England,Costa Rica,N/A,N/A,1.33,0.33,1.75,0.25,3,0,3,1,1,0,"9,68,87","",11,1,0,0,4,0,0,0,2,2,29,1,9,0,20,1,7,24,81,19,1.95,0.82,3.12,0.11,2.83,50,67,50,50,17,34,67,33,67,11.67,3.00,1.17,6.70,12.00,1.16,1.53,2.50,3.80,2.17,1.55,N/A
1781136000,Jun 11 2026 - 12:00am,complete,N/A,Bolivia,Algeria,N/A,N/A,1.00,2.33,0.80,2.50,0,4,4,1,0,1,"","45,56,58,61",-1,-1,2,0,2,0,1,1,1,1,-1,-1,-1,-1,-1,-1,-1,-1,-1,-1,1.68,1.39,0.00,0.00,2.59,13,54,42,29,17,42,54,17,71,11.83,3.08,6.45,4.95,1.48,1.22,1.64,2.71,4.80,1.85,1.83,N/A
1781150400,Jun 11 2026 - 4:00am,canceled,N/A,Austria,Guatemala,N/A,N/A,3.00,0.00,3.00,0.00,0,0,0,0,0,0,"","",-1,-1,-1,-1,-1,-1,-1,-1,-1,-1,-1,-1,-1,-1,-1,-1,-1,-1,-1,-1,1.10,0.47,0.00,0.00,3.21,29,54,54,42,29,25,54,54,100,6.67,2.75,1.18,6.50,13.00,1.14,1.59,2.34,3.98,2.26,1.55,N/A
1784376000,Jul 18 2026 - 12:00pm,complete,N/A,Vietnam,Myanmar,N/A,N/A,3.00,1.50,3.00,1.00,4,0,4,2,2,0,"5,39,59,90'1","",-1,-1,-1,-1,-1,-1,-1,-1,-1,-1,-1,-1,-1,-1,-1,-1,-1,-1,-1,-1,2.08,1.54,0.00,0.00,4.75,50,100,100,50,50,75,100,50,50,12.50,-0.50,1.11,7.10,12.00,1.10,1.40,2.22,3.60,1.91,1.76,Sân vận động quốc gia Mỹ Đình (My Dinh National Stadium)
1789696800,Sep 18 2026 - 2:00am,complete,N/A,Papua New Guinea,Vanuatu,N/A,N/A,0.00,2.00,3.00,1.75,2,1,3,0,0,0,"85,90","76",12,2,-1,-1,-1,-1,-1,-1,-1,-1,8,12,6,8,2,4,-1,-1,46,54,0.00,0.00,1.39,1.74,1.75,50,50,50,25,0,25,25,0,25,0.00,-1.00,0.00,0.00,0.00,1.22,1.79,2.66,5.01,1.66,2.25,Sir John Guise Stadium
1789714800,Sep 18 2026 - 7:00am,complete,N/A,Fiji,Solomon Islands,N/A,N/A,0.50,0.00,0.50,1.00,3,3,6,3,2,1,"27,43,55","41,82,90'10",4,6,-1,-1,-1,-1,-1,-1,-1,-1,6,6,6,6,0,0,-1,-1,41,59,0.00,1.56,1.08,1.22,6.25,100,100,100,75,50,50,50,25,50,3.50,-2.00,0.00,0.00,0.00,1.24,1.93,2.97,7.00,1.74,1.98,ANZ Stadium
1789963200,Sep 21 2026 - 4:00am,complete,N/A,New Caledonia,Solomon Islands,N/A,N/A,0.00,0.33,0.00,1.00,0,2,2,0,0,0,"","76,90'4",2,9,-1,-1,-1,-1,-1,-1,-1,-1,14,14,5,5,9,9,-1,-1,37,63,0.00,1.45,1.52,1.70,4.00,50,50,50,50,50,34,34,34,34,4.33,-1.00,1.83,3.89,3.26,1.18,1.65,2.55,4.53,1.53,2.31,Stade Numa Daly
1789974000,Sep 21 2026 - 7:00am,complete,N/A,Fiji,Vanuatu,N/A,N/A,0.67,1.33,0.50,1.75,0,1,1,0,0,0,"","71",3,6,-1,-1,-1,-1,-1,-1,-1,-1,7,11,7,11,0,0,-1,-1,42,58,1.08,1.74,0.00,0.00,3.83,100,100,100,50,17,50,50,33,67,6.00,-2.00,1.99,3.75,3.55,1.19,1.65,2.60,5.00,1.57,2.26,ANZ Stadium
1790002800,Sep 21 2026 - 3:00pm,complete,N/A,Dominica,Anguilla,N/A,N/A,0.00,1.50,1.50,1.00,1,0,1,0,0,0,"","",-1,-1,-1,-1,-1,-1,-1,-1,-1,-1,-1,-1,-1,-1,-1,-1,-1,-1,-1,-1,0.00,0.67,0.00,0.00,3.00,25,100,50,50,0,100,100,25,50,1.00,-2.00,1.20,6.10,8.87,1.15,1.44,2.14,3.63,1.91,1.83,N/A
1790179200,Sep 23 2026 - 4:00pm,complete,N/A,Azerbaijan,Tajikistan,N/A,N/A,1.75,2.00,2.00,1.33,1,0,1,0,0,0,"58","",4,3,2,0,2,0,0,2,0,2,11,12,4,4,7,8,18,23,48,52,1.82,1.63,1.25,1.37,3.25,88,100,50,38,13,25,88,50,100,13.33,2.25,1.75,3.35,4.30,1.36,2.11,4.00,6.75,1.88,1.79,Bakı Olimpiya Stadionu
1790179200,Sep 23 2026 - 4:00pm,complete,N/A,Gibraltar,São Tomé e Príncipe,N/A,N/A,3.00,0.00,2.33,1.00,0,0,0,0,0,0,"","",1,4,1,0,1,0,1,0,1,0,8,11,2,1,6,10,12,17,58,42,2.74,0.00,0.93,1.02,2.25,25,50,50,50,25,50,50,25,50,10.50,1.00,1.51,4.70,5.75,1.15,1.72,2.60,4.50,1.81,1.87,Victoria Stadium
